13:13:794 | INFO | connect:__init__:182 | Onshape API initialized with env file: key.env
13:13:795 | DEBUG | connect:make_nonce:124 | nonce created: CiXYTHtBcUSmXglgrH26PQzjV
13:13:795 | DEBUG | connect:_make_auth:1151 | query: includeMateFeatures=true&includeMateConnectors=true&includeNonSolids=true&configuration=default, hmac_str: b'get\ncixythtbcusmxglgrh26pqzjv\ntue, 17 mar 2026 12:13:53 gmt\napplication/json\n/api/assemblies/d/4e1da054bd6bab42d7e2992d/w/8d22cbc1fd08160802a236e9/e/39b03eb076f8268e112e3e99\nincludematefeatures=true&includemateconnectors=true&includenonsolids=true&configuration=default\n', signature: b'xynzXo/GuRi62ORyyDfpnieJLQqYNZUIcIGpdzS8JD0=', auth: On on_1F30fpU35z7oQLJZHMYSE:HmacSHA256:xynzXo/GuRi62ORyyDfpnieJLQqYNZUIcIGpdzS8JD0=
13:13:795 | DEBUG | connect:request:1004 | Request body: None
13:13:795 | DEBUG | connect:request:1005 | Request headers: {'Content-Type': 'application/json', 'Date': 'Tue, 17 Mar 2026 12:13:53 GMT', 'On-Nonce': 'CiXYTHtBcUSmXglgrH26PQzjV', 'Authorization': 'On on_1F30fpU35z7oQLJZHMYSE:HmacSHA256:xynzXo/GuRi62ORyyDfpnieJLQqYNZUIcIGpdzS8JD0=', 'User-Agent': 'Onshape Python Sample App', 'Accept': 'application/json'}
13:13:796 | DEBUG | connect:request:1006 | Request URL: https://cad.onshape.com/api/assemblies/d/4e1da054bd6bab42d7e2992d/w/8d22cbc1fd08160802a236e9/e/39b03eb076f8268e112e3e99?includeMateFeatures=true&includeMateConnectors=true&includeNonSolids=true&configuration=default
13:13:464 | DEBUG | connect:_log_response:1109 | Request succeeded, details: {
  "rootAssembly" : {
    "occurrences" : [ {
      "fixed" : false,
      "hidden" : false,
      "transform" : [ 0.9974406910972791, 0.011815586467125938, 0.0705156696048466, -0.05601292476669618, -0.011786169482473423, 0.9999301935217465, -8.332421572039969E-4, -0.019371680296838792, -0.07052059239904603, 1.2448897133413773E-16, 0.9975103237800037, -0.08272724524860163, 0.0, 0.0, 0.0, 1.0 ],
      "path" : [ "ML+jQ+vOCD6s0Ywpz" ]
    }, {
      "fixed" : false,
      "hidden" : false,
      "transform" : [ 0.9999301935217467, 0.011815586467125942, 1.4800420891812678E-18, 0.23181175451154118, -0.011815586467125942, 0.9999301935217467, 7.147532776537177E-19, 0.00937010698340068, -1.4714935435005755E-18, -7.321909485242941E-19, 1.0, -0.03449758067652323, 0.0, 0.0, 0.0, 1.0 ],
      "path" : [ "MMUZIxfurohP26MK0" ]
    }, {
      "fixed" : false,
      "hidden" : false,
      "transform" : [ 0.0705156696048391, -0.011815586467134202, 0.9974406910972665, -0.035762391965779725, -8.332421572038865E-4, -0.9999301935217443, -0.01178616948247314, -0.021239202767153017, 0.9975103237799999, 5.461817276576414E-16, -0.07052059239904514, -0.24737585692993444, 0.0, 0.0, 0.0, 1.0 ],
      "path" : [ "MNYvT4aEpFoSpA1Ds" ]
    }, {
      "fixed" : false,
      "hidden" : false,
      "transform" : [ 0.9981161880570889, 0.03738256046183462, 0.048647911689037086, 0.038020933299569806, -0.03733823713752726, 0.999301027805594, -0.0018198555284697608, -0.01023594164969362, -0.04868193901077582, 6.973186881430976E-17, 0.9988143315021828, -0.2733030508490362, 0.0, 0.0, 0.0, 1.0 ],
      "path" : [ "MUXleZToNBx//Eqmn" ]
    }, {
      "fixed" : false,
      "hidden" : false,
      "transform" : [ -0.011815586467125942, 0.9999301935217467, 6.1244208079369E-17, -0.02862436295052972, -0.9999301935217467, -0.011815586467125942, -1.214305652461368E-16, -0.032003960392289005, -1.2069845236985223E-16, -6.267470618030733E-17, 1.0, -0.07456464730500414, 0.0, 0.0, 0.0, 1.0 ],
      "path" : [ "MY/nru55Q+aY2IEmW" ]
    }, {
      "fixed" : false,
      "hidden" : false,
      "transform" : [ 0.9981161880570889, 0.03738256046183462, 0.048647911689037086, 0.04328323815981276, -0.03733823713752726, 0.999301027805594, -0.0018198555284697608, -0.010432111846885639, -0.04868193901077582, 6.973186881430976E-17, 0.9988143315021828, -0.16012521880700237, 0.0, 0.0, 0.0, 1.0 ],
      "path" : [ "MfYmVIwIomqTTpI2o" ]
    }, {
      "fixed" : true,
      "hidden" : false,
      "transform" : [ 1.0, 6.123031769111886E-17, 0.0, -0.013780141018348901, 7.647672206901737E-33, -1.249000902703301E-16, -1.0, 0.014528840132545302, -6.123031769111886E-17, 1.0, -1.249000902703301E-16, -0.03857393648632392, 0.0, 0.0, 0.0, 1.0 ],
      "path" : [ "Mfe8zFEVYTMSxHadK" ]
    }, {
      "fixed" : false,
      "hidden" : false,
      "transform" : [ 0.01181558646713414, -0.997440691097267, 0.0705156696048391, -0.07528307056261942, 0.9999301935217438, 0.011786169482473203, -8.332421572038865E-4, -0.019196142065626334, -5.422670483880599E-16, 0.07052059239904516, 0.9975103237799999, -0.3589546529583621, 0.0, 0.0, 0.0, 1.0 ],
      "path" : [ "MftqrLSTazdcDWUIR" ]
    }, {
      "fixed" : false,
      "hidden" : false,
      "transform" : [ 0.9974406910972791, 0.011815586467125862, 0.0705156696048466, -0.06110004878216766, -0.011786169482473345, 0.9999301935217465, -8.332421572040291E-4, -0.009311556031247054, -0.07052059239904603, 1.6218168275103654E-16, 0.9975103237800037, -0.1600025290044734, 0.0, 0.0, 0.0, 1.0 ],
      "path" : [ "MgieEriqAhtPOIrT7" ]
    }, {
      "fixed" : false,
      "hidden" : false,
      "transform" : [ -0.037382560461825205, 0.9981161880571063, 0.048647911689038856, 0.03420658850279207, -0.9993010278056074, -0.03733823713752791, -0.0018198555284700535, -0.020050791285025345, -4.371581385497217E-16, -0.04868193901077666, 0.9988143315021774, -0.35938610732741466, 0.0, 0.0, 0.0, 1.0 ],
      "path" : [ "Ml1QszxS68W/NrRJL" ]
    }, {
      "fixed" : false,
      "hidden" : false,
      "transform" : [ -0.048647911689038856, -0.037382560461825205, -0.9981161880571068, 0.008181853704984893, 0.0018198555284700535, -0.9993010278056074, 0.03733823713752792, -0.020667957462336226, -0.9988143315021774, -4.371581385497217E-16, 0.048681939010776686, -0.24389471654459974, 0.0, 0.0, 0.0, 1.0 ],
      "path" : [ "MmXWWnHVe4OilJAu5" ]
    }, {
      "fixed" : false,
      "hidden" : false,
      "transform" : [ 0.9974406910972791, 0.01181558646712586, 0.0705156696048466, -0.06884012191797989, -0.011786169482473345, 0.9999301935217465, -8.332421572039969E-4, -0.00922078154112934, -0.07052059239904603, 1.3000598255965063E-16, 0.9975103237800037, -0.2730380766378061, 0.0, 0.0, 0.0, 1.0 ],
      "path" : [ "MnZF13LP8h5Lnbrsa" ]
    }, {
      "fixed" : false,
      "hidden" : false,
      "transform" : [ -0.03738256046183465, -0.9993010278055938, -6.124420807936883E-17, 0.020938219481212172, -0.9993010278055938, 0.03738256046183465, 1.2143056524613688E-16, -0.03191891752501509, -1.1905622334601466E-16, 6.57407855280819E-17, -1.0, -0.07456464730500414, 0.0, 0.0, 0.0, 1.0 ],
      "path" : [ "MoM18oA1yPa6fx81Z" ]
    }, {
      "fixed" : false,
      "hidden" : false,
      "transform" : [ 0.9981161880570889, 0.0373825604618347, 0.048647911689037086, 0.046420878671482084, -0.03733823713752733, 0.999301027805594, -0.0018198555284697608, -0.02055579570661569, -0.04868193901077582, 6.592335282110295E-17, 0.9988143315021828, -0.0827545483454753, 0.0, 0.0, 0.0, 1.0 ],
      "path" : [ "MvxYl+0Bpt2+Q+PYv" ]
    } ],
    "patterns" : [ ],
    "features" : [ {
      "id" : "MmoxqsiW6+kQb5KUz",
      "featureType" : "mate",
      "suppressed" : false,
      "featureData" : {
        "mateType" : "REVOLUTE",
        "matedEntities" : [ {
          "matedOccurrence" : [ "Mfe8zFEVYTMSxHadK" ],
          "matedCS" : {
            "xAxis" : [ 1.0, 0.0, 0.0 ],
            "yAxis" : [ -0.0, 0.0, 1.0 ],
            "zAxis" : [ 0.0, -1.0, 0.0 ],
            "origin" : [ 0.010220557526999999, 0.0337001462145007, 0.0349703625437583 ]
          }
        }, {
          "matedOccurrence" : [ "MMUZIxfurohP26MK0" ],
          "matedCS" : {
            "xAxis" : [ 1.0, 7.647672206901737E-33, -6.123031769111886E-17 ],
            "yAxis" : [ 0.0, -1.0, -1.249000902703301E-16 ],
            "zAxis" : [ -6.123031769111886E-17, 1.249000902703301E-16, -1.0 ],
            "origin" : [ -0.23500266567386438, -0.032590598745810925, 0.029623790404700007 ]
          }
        } ],
        "mateLimits" : { },
        "name" : "hip_yaw_joint"
      }
    }, {
      "id" : "MlmxttZUD0YPpMWO0",
      "featureType" : "mate",
      "suppressed" : false,
      "featureData" : {
        "mateType" : "REVOLUTE",
        "matedEntities" : [ {
          "matedOccurrence" : [ "MoM18oA1yPa6fx81Z" ],
          "matedCS" : {
            "xAxis" : [ 1.0, 0.0, 0.0 ],
            "yAxis" : [ 0.0, -1.0, 0.0 ],
            "zAxis" : [ 0.0, 0.0, -1.0 ],
            "origin" : [ -0.0118577859169783, -0.026073587210534602, -0.029883205680391902 ]
          }
        }, {
          "matedOccurrence" : [ "MMUZIxfurohP26MK0" ],
          "matedCS" : {
            "xAxis" : [ 0.0, -1.0, -1.2143064331837652E-16 ],
            "yAxis" : [ 1.0, 7.431945483638833E-33, -6.120321263680674E-17 ],
            "zAxis" : [ 6.120321263680674E-17, -1.2143064331837652E-16, 1.0 ],
            "origin" : [ -0.18400266567386145, -0.03259059874580918, -0.010183860948089006 ]
          }
        } ],
        "mateLimits" : { },
        "name" : "hip_left_yaw_joint"
      }
    }, {
      "id" : "MJrJRQbECE64hl+FJ",
      "featureType" : "mate",
      "suppressed" : false,
      "featureData" : {
        "mateType" : "REVOLUTE",
        "matedEntities" : [ {
          "matedOccurrence" : [ "MY/nru55Q+aY2IEmW" ],
          "matedCS" : {
            "xAxis" : [ 1.0, 0.0, 0.0 ],
            "yAxis" : [ 0.0, 1.0, 0.0 ],
            "zAxis" : [ 0.0, 0.0, 1.0 ],
            "origin" : [ -0.0118577859169783, -0.026073587210534602, 0.029883205680391902 ]
          }
        }, {
          "matedOccurrence" : [ "MMUZIxfurohP26MK0" ],
          "matedCS" : {
            "xAxis" : [ 0.0, -1.0, -1.2143064331837652E-16 ],
            "yAxis" : [ 1.0, 7.431945483638833E-33, -6.120321263680674E-17 ],
            "zAxis" : [ 6.120321263680674E-17, -1.2143064331837652E-16, 1.0 ],
            "origin" : [ -0.28600266567386134, -0.03259059874581256, -0.010183860948089006 ]
          }
        } ],
        "mateLimits" : { },
        "name" : "hip_right_yaw_joint"
      }
    }, {
      "id" : "MyE68yWyvx52DkW4v",
      "featureType" : "mate",
      "suppressed" : false,
      "featureData" : {
        "mateType" : "REVOLUTE",
        "matedEntities" : [ {
          "matedOccurrence" : [ "MY/nru55Q+aY2IEmW" ],
          "matedCS" : {
            "xAxis" : [ 0.0, 1.0, 0.0 ],
            "yAxis" : [ 0.0, 0.0, -1.0 ],
            "zAxis" : [ -1.0, 0.0, 0.0 ],
            "origin" : [ -0.0363077863601153, -0.02606855481927313, 0.011882520330341848 ]
          }
        }, {
          "matedOccurrence" : [ "ML+jQ+vOCD6s0Ywpz" ],
          "matedCS" : {
            "xAxis" : [ 1.0, 0.0, 0.0 ],
            "yAxis" : [ 0.0, 0.0, -1.0 ],
            "zAxis" : [ -0.0, 1.0, -0.0 ],
            "origin" : [ 5.0106046595633904E-5, 0.024, 0.020098691015101398 ]
          }
        } ],
        "mateLimits" : { },
        "name" : "hip_right_roll_joint"
      }
    }, {
      "id" : "MjZYmdCURqqakzd/l",
      "featureType" : "mate",
      "suppressed" : false,
      "featureData" : {
        "mateType" : "REVOLUTE",
        "matedEntities" : [ {
          "matedOccurrence" : [ "MoM18oA1yPa6fx81Z" ],
          "matedCS" : {
            "xAxis" : [ 0.0, 1.0, 0.0 ],
            "yAxis" : [ 0.0, 0.0, -1.0 ],
            "zAxis" : [ -1.0, 0.0, 0.0 ],
            "origin" : [ -0.0363077863601153, -0.02606855481927313, -0.011882520330341848 ]
          }
        }, {
          "matedOccurrence" : [ "MvxYl+0Bpt2+Q+PYv" ],
          "matedCS" : {
            "xAxis" : [ -1.0, -0.0, -0.0 ],
            "yAxis" : [ -0.0, 0.0, 1.0 ],
            "zAxis" : [ -0.0, 1.0, -0.0 ],
            "origin" : [ 5.0106046595633904E-5, 0.024, 0.020098691015101398 ]
          }
        } ],
        "mateLimits" : { },
        "name" : "hip_left_roll_joint"
      }
    }, {
      "id" : "MeoRWXWiimmedDFue",
      "featureType" : "mate",
      "suppressed" : false,
      "featureData" : {
        "mateType" : "REVOLUTE",
        "matedEntities" : [ {
          "matedOccurrence" : [ "MvxYl+0Bpt2+Q+PYv" ],
          "matedCS" : {
            "xAxis" : [ -7.82326273479737E-17, 1.0, 2.1234208772448947E-48 ],
            "yAxis" : [ 2.71423950495751E-32, 0.0, 1.0 ],
            "zAxis" : [ 1.0, 7.82326273479737E-17, -2.71423950495751E-32 ],
            "origin" : [ 0.024756823964970025, -6.853499278377528E-7, -0.03019999779546998 ]
          }
        }, {
          "matedOccurrence" : [ "MfYmVIwIomqTTpI2o" ],
          "matedCS" : {
            "xAxis" : [ 0.0, 1.0, 0.0 ],
            "yAxis" : [ 0.0, -0.0, 1.0 ],
            "zAxis" : [ 1.0, -0.0, -0.0 ],
            "origin" : [ 0.0245, -0.01, 0.04725 ]
          }
        } ],
        "mateLimits" : { },
        "name" : "hip_left_pitch_joint"
      }
    }, {
      "id" : "M3v+gMEYDs99t2hCK",
      "featureType" : "mate",
      "suppressed" : false,
      "featureData" : {
        "mateType" : "REVOLUTE",
        "matedEntities" : [ {
          "matedOccurrence" : [ "ML+jQ+vOCD6s0Ywpz" ],
          "matedCS" : {
            "xAxis" : [ -7.82326273479737E-17, 1.0, 2.1234208772448947E-48 ],
            "yAxis" : [ 2.71423950495751E-32, 0.0, 1.0 ],
            "zAxis" : [ 1.0, 7.82326273479737E-17, -2.71423950495751E-32 ],
            "origin" : [ 0.024756823964970025, -6.853499278377528E-7, -0.03019999779546998 ]
          }
        }, {
          "matedOccurrence" : [ "MgieEriqAhtPOIrT7" ],
          "matedCS" : {
            "xAxis" : [ 0.0, 1.0, 0.0 ],
            "yAxis" : [ 0.0, -0.0, 1.0 ],
            "zAxis" : [ 1.0, -0.0, -0.0 ],
            "origin" : [ 0.0245, -0.01, 0.04725 ]
          }
        } ],
        "mateLimits" : { },
        "name" : "hip_right_pitch_joint"
      }
    }, {
      "id" : "MttvB+ouacAGJ3dHA",
      "featureType" : "mate",
      "suppressed" : false,
      "featureData" : {
        "mateType" : "REVOLUTE",
        "matedEntities" : [ {
          "matedOccurrence" : [ "MgieEriqAhtPOIrT7" ],
          "matedCS" : {
            "xAxis" : [ 0.0, 1.0, 0.0 ],
            "yAxis" : [ 0.0, 0.0, 1.0 ],
            "zAxis" : [ 1.0, 0.0, 0.0 ],
            "origin" : [ 0.02475, -0.01000068534992784, -0.06604999779547 ]
          }
        }, {
          "matedOccurrence" : [ "MnZF13LP8h5Lnbrsa" ],
          "matedCS" : {
            "xAxis" : [ 0.0, 1.0, 0.0 ],
            "yAxis" : [ 0.0, -0.0, 1.0 ],
            "zAxis" : [ 1.0, -0.0, -0.0 ],
            "origin" : [ 0.0245, -0.01, 0.04725 ]
          }
        } ],
        "mateLimits" : { },
        "name" : "knee_left_pitch_join"
      }
    }, {
      "id" : "MXqovRgdUkyQ2Ogrq",
      "featureType" : "mate",
      "suppressed" : false,
      "featureData" : {
        "mateType" : "REVOLUTE",
        "matedEntities" : [ {
          "matedOccurrence" : [ "MfYmVIwIomqTTpI2o" ],
          "matedCS" : {
            "xAxis" : [ 0.0, 1.0, 0.0 ],
            "yAxis" : [ 0.0, 0.0, 1.0 ],
            "zAxis" : [ 1.0, 0.0, 0.0 ],
            "origin" : [ 0.02475, -0.01000068534992784, -0.06604999779547 ]
          }
        }, {
          "matedOccurrence" : [ "MUXleZToNBx//Eqmn" ],
          "matedCS" : {
            "xAxis" : [ 0.0, 1.0, 0.0 ],
            "yAxis" : [ 0.0, -0.0, 1.0 ],
            "zAxis" : [ 1.0, -0.0, -0.0 ],
            "origin" : [ 0.0245, -0.01, 0.04725 ]
          }
        } ],
        "mateLimits" : { },
        "name" : "knee_right_pitch_joint"
      }
    }, {
      "id" : "MDKDzgwUDt+1PAsaI",
      "featureType" : "mate",
      "suppressed" : false,
      "featureData" : {
        "mateType" : "REVOLUTE",
        "matedEntities" : [ {
          "matedOccurrence" : [ "MnZF13LP8h5Lnbrsa" ],
          "matedCS" : {
            "xAxis" : [ 0.0, 1.0, 0.0 ],
            "yAxis" : [ 0.0, 0.0, 1.0 ],
            "zAxis" : [ 1.0, 0.0, 0.0 ],
            "origin" : [ 0.02475, -0.01000068534992784, -0.06604999779547 ]
          }
        }, {
          "matedOccurrence" : [ "MftqrLSTazdcDWUIR" ],
          "matedCS" : {
            "xAxis" : [ 1.0, 0.0, 0.0 ],
            "yAxis" : [ 0.0, 0.0, 1.0 ],
            "zAxis" : [ -0.0, -1.0, -0.0 ],
            "origin" : [ 5.0106046595633904E-5, -0.025, 0.020098691015101398 ]
          }
        } ],
        "mateLimits" : { },
        "name" : "ankle_right_pitch_joint"
      }
    }, {
      "id" : "MULXyipAWIDH91CWx",
      "featureType" : "mate",
      "suppressed" : false,
      "featureData" : {
        "mateType" : "REVOLUTE",
        "matedEntities" : [ {
          "matedOccurrence" : [ "MUXleZToNBx//Eqmn" ],
          "matedCS" : {
            "xAxis" : [ 0.0, 1.0, 0.0 ],
            "yAxis" : [ 0.0, 0.0, 1.0 ],
            "zAxis" : [ 1.0, 0.0, 0.0 ],
            "origin" : [ 0.02475, -0.01000068534992784, -0.06604999779547 ]
          }
        }, {
          "matedOccurrence" : [ "Ml1QszxS68W/NrRJL" ],
          "matedCS" : {
            "xAxis" : [ -1.0, -0.0, -0.0 ],
            "yAxis" : [ -0.0, 0.0, 1.0 ],
            "zAxis" : [ -0.0, 1.0, -0.0 ],
            "origin" : [ 5.0106046595633904E-5, 0.024, 0.020098691015101398 ]
          }
        } ],
        "mateLimits" : { },
        "name" : "ankle_left_pitch_joint"
      }
    }, {
      "id" : "MTPXqLjExYf+PiO6D",
      "featureType" : "mate",
      "suppressed" : false,
      "featureData" : {
        "mateType" : "REVOLUTE",
        "matedEntities" : [ {
          "matedOccurrence" : [ "MNYvT4aEpFoSpA1Ds" ],
          "matedCS" : {
            "xAxis" : [ 1.0, 0.0, 0.0 ],
            "yAxis" : [ 0.0, 0.0, -1.0 ],
            "zAxis" : [ 0.0, 1.0, 0.0 ],
            "origin" : [ -0.13018822144720196, 0.0229172179475752, -0.032038551920206895 ]
          }
        }, {
          "matedOccurrence" : [ "MftqrLSTazdcDWUIR" ],
          "matedCS" : {
            "xAxis" : [ 0.0, 0.0, 1.0 ],
            "yAxis" : [ 0.0, 1.0, 0.0 ],
            "zAxis" : [ -1.0, -0.0, -0.0 ],
            "origin" : [ -0.024493176035029, 4.63541883346336E-4, -0.016098691015101398 ]
          }
        } ],
        "mateLimits" : { },
        "name" : "ankle_left_roll_joint"
      }
    }, {
      "id" : "M5UVRmlnphgeSHAnO",
      "featureType" : "mate",
      "suppressed" : false,
      "featureData" : {
        "mateType" : "REVOLUTE",
        "matedEntities" : [ {
          "matedOccurrence" : [ "MmXWWnHVe4OilJAu5" ],
          "matedCS" : {
            "xAxis" : [ 1.0, 0.0, 0.0 ],
            "yAxis" : [ 0.0, 0.0, -1.0 ],
            "zAxis" : [ 0.0, 1.0, 0.0 ],
            "origin" : [ 0.13018822144720196, 0.0229172179475752, -0.032038551920206895 ]
          }
        }, {
          "matedOccurrence" : [ "Ml1QszxS68W/NrRJL" ],
          "matedCS" : {
            "xAxis" : [ 0.0, 0.0, -1.0 ],
            "yAxis" : [ 0.0, 1.0, 0.0 ],
            "zAxis" : [ 1.0, -0.0, -0.0 ],
            "origin" : [ 0.024506823964971, 4.63541883346336E-4, -0.016098691015101398 ]
          }
        } ],
        "mateLimits" : { },
        "name" : "ankle_right_roll_joint"
      }
    } ],
    "instances" : [ {
      "isStandardContent" : false,
      "id" : "MMUZIxfurohP26MK0",
      "type" : "Part",
      "name" : "hip_base_link <1>",
      "suppressed" : false,
      "partId" : "JnD",
      "fullConfiguration" : "default",
      "configuration" : "default",
      "documentId" : "4e1da054bd6bab42d7e2992d",
      "elementId" : "de722aa817de288d8270b51e",
      "documentMicroversion" : "0fed15809a25f9d07ef447d8"
    }, {
      "isStandardContent" : false,
      "id" : "Mfe8zFEVYTMSxHadK",
      "type" : "Part",
      "name" : "base_link <1>",
      "suppressed" : false,
      "partId" : "JFD",
      "fullConfiguration" : "default",
      "configuration" : "default",
      "documentId" : "4e1da054bd6bab42d7e2992d",
      "elementId" : "717e5f2a66d8371b16dec5b3",
      "documentMicroversion" : "0fed15809a25f9d07ef447d8"
    }, {
      "isStandardContent" : false,
      "id" : "MoM18oA1yPa6fx81Z",
      "type" : "Part",
      "name" : "hip_left_yaw_link <1>",
      "suppressed" : false,
      "partId" : "JcD",
      "fullConfiguration" : "default",
      "configuration" : "default",
      "documentId" : "4e1da054bd6bab42d7e2992d",
      "elementId" : "df24b7952572ea653d3ba498",
      "documentMicroversion" : "0fed15809a25f9d07ef447d8"
    }, {
      "isStandardContent" : false,
      "id" : "MY/nru55Q+aY2IEmW",
      "type" : "Part",
      "name" : "hip_right_yaw_link <1>",
      "suppressed" : false,
      "partId" : "JZD",
      "fullConfiguration" : "default",
      "configuration" : "default",
      "documentId" : "4e1da054bd6bab42d7e2992d",
      "elementId" : "df24b7952572ea653d3ba498",
      "documentMicroversion" : "0fed15809a25f9d07ef447d8"
    }, {
      "isStandardContent" : false,
      "id" : "MvxYl+0Bpt2+Q+PYv",
      "type" : "Part",
      "name" : "hip_left_roll_link <1>",
      "suppressed" : false,
      "partId" : "JTD",
      "fullConfiguration" : "default",
      "configuration" : "default",
      "documentId" : "4e1da054bd6bab42d7e2992d",
      "elementId" : "a03f6f8cd284c025ef2134ef",
      "documentMicroversion" : "0fed15809a25f9d07ef447d8"
    }, {
      "isStandardContent" : false,
      "id" : "ML+jQ+vOCD6s0Ywpz",
      "type" : "Part",
      "name" : "hip_right_roll_link <1>",
      "suppressed" : false,
      "partId" : "JZD",
      "fullConfiguration" : "default",
      "configuration" : "default",
      "documentId" : "4e1da054bd6bab42d7e2992d",
      "elementId" : "a03f6f8cd284c025ef2134ef",
      "documentMicroversion" : "0fed15809a25f9d07ef447d8"
    }, {
      "isStandardContent" : false,
      "id" : "MfYmVIwIomqTTpI2o",
      "type" : "Part",
      "name" : "hip_left_pitch_link <1>",
      "suppressed" : false,
      "partId" : "JYD",
      "fullConfiguration" : "default",
      "configuration" : "default",
      "documentId" : "4e1da054bd6bab42d7e2992d",
      "elementId" : "12b9353d24153fcb53ebd237",
      "documentMicroversion" : "0fed15809a25f9d07ef447d8"
    }, {
      "isStandardContent" : false,
      "id" : "MgieEriqAhtPOIrT7",
      "type" : "Part",
      "name" : "hip_right_pitch_link <1>",
      "suppressed" : false,
      "partId" : "JbD",
      "fullConfiguration" : "default",
      "configuration" : "default",
      "documentId" : "4e1da054bd6bab42d7e2992d",
      "elementId" : "12b9353d24153fcb53ebd237",
      "documentMicroversion" : "0fed15809a25f9d07ef447d8"
    }, {
      "isStandardContent" : false,
      "id" : "MnZF13LP8h5Lnbrsa",
      "type" : "Part",
      "name" : "knee_left_link <1>",
      "suppressed" : false,
      "partId" : "JcD",
      "fullConfiguration" : "default",
      "configuration" : "default",
      "documentId" : "4e1da054bd6bab42d7e2992d",
      "elementId" : "12b9353d24153fcb53ebd237",
      "documentMicroversion" : "0fed15809a25f9d07ef447d8"
    }, {
      "isStandardContent" : false,
      "id" : "MUXleZToNBx//Eqmn",
      "type" : "Part",
      "name" : "knee_right_link <1>",
      "suppressed" : false,
      "partId" : "JdD",
      "fullConfiguration" : "default",
      "configuration" : "default",
      "documentId" : "4e1da054bd6bab42d7e2992d",
      "elementId" : "12b9353d24153fcb53ebd237",
      "documentMicroversion" : "0fed15809a25f9d07ef447d8"
    }, {
      "isStandardContent" : false,
      "id" : "Ml1QszxS68W/NrRJL",
      "type" : "Part",
      "name" : "ankle_left_pitch_link <1>",
      "suppressed" : false,
      "partId" : "JOD",
      "fullConfiguration" : "default",
      "configuration" : "default",
      "documentId" : "4e1da054bd6bab42d7e2992d",
      "elementId" : "d3d9b060ee7893c074d657bd",
      "documentMicroversion" : "0fed15809a25f9d07ef447d8"
    }, {
      "isStandardContent" : false,
      "id" : "MftqrLSTazdcDWUIR",
      "type" : "Part",
      "name" : "ankle_right_pitch_link <1>",
      "suppressed" : false,
      "partId" : "JPD",
      "fullConfiguration" : "default",
      "configuration" : "default",
      "documentId" : "4e1da054bd6bab42d7e2992d",
      "elementId" : "d3d9b060ee7893c074d657bd",
      "documentMicroversion" : "0fed15809a25f9d07ef447d8"
    }, {
      "isStandardContent" : false,
      "id" : "MmXWWnHVe4OilJAu5",
      "type" : "Part",
      "name" : "ankle_left_roll_link <1>",
      "suppressed" : false,
      "partId" : "JYD",
      "fullConfiguration" : "default",
      "configuration" : "default",
      "documentId" : "4e1da054bd6bab42d7e2992d",
      "elementId" : "2086b3429ac286be06785912",
      "documentMicroversion" : "0fed15809a25f9d07ef447d8"
    }, {
      "isStandardContent" : false,
      "id" : "MNYvT4aEpFoSpA1Ds",
      "type" : "Part",
      "name" : "ankle_right_roll_link <1>",
      "suppressed" : false,
      "partId" : "JbD",
      "fullConfiguration" : "default",
      "configuration" : "default",
      "documentId" : "4e1da054bd6bab42d7e2992d",
      "elementId" : "2086b3429ac286be06785912",
      "documentMicroversion" : "0fed15809a25f9d07ef447d8"
    } ],
    "fullConfiguration" : "default",
    "configuration" : "default",
    "documentId" : "4e1da054bd6bab42d7e2992d",
    "elementId" : "39b03eb076f8268e112e3e99",
    "documentMicroversion" : "0fed15809a25f9d07ef447d8"
  },
  "subAssemblies" : [ ],
  "parts" : [ {
    "isStandardContent" : false,
    "partId" : "JYD",
    "bodyType" : "solid",
    "fullConfiguration" : "default",
    "configuration" : "default",
    "documentId" : "4e1da054bd6bab42d7e2992d",
    "elementId" : "12b9353d24153fcb53ebd237",
    "documentMicroversion" : "0fed15809a25f9d07ef447d8"
  }, {
    "isStandardContent" : false,
    "partId" : "JcD",
    "bodyType" : "solid",
    "fullConfiguration" : "default",
    "configuration" : "default",
    "documentId" : "4e1da054bd6bab42d7e2992d",
    "elementId" : "12b9353d24153fcb53ebd237",
    "documentMicroversion" : "0fed15809a25f9d07ef447d8"
  }, {
    "isStandardContent" : false,
    "partId" : "JdD",
    "bodyType" : "solid",
    "fullConfiguration" : "default",
    "configuration" : "default",
    "documentId" : "4e1da054bd6bab42d7e2992d",
    "elementId" : "12b9353d24153fcb53ebd237",
    "documentMicroversion" : "0fed15809a25f9d07ef447d8"
  }, {
    "isStandardContent" : false,
    "partId" : "JbD",
    "bodyType" : "solid",
    "fullConfiguration" : "default",
    "configuration" : "default",
    "documentId" : "4e1da054bd6bab42d7e2992d",
    "elementId" : "12b9353d24153fcb53ebd237",
    "documentMicroversion" : "0fed15809a25f9d07ef447d8"
  }, {
    "isStandardContent" : false,
    "partId" : "JnD",
    "bodyType" : "solid",
    "fullConfiguration" : "default",
    "configuration" : "default",
    "documentId" : "4e1da054bd6bab42d7e2992d",
    "elementId" : "de722aa817de288d8270b51e",
    "documentMicroversion" : "0fed15809a25f9d07ef447d8"
  }, {
    "isStandardContent" : false,
    "partId" : "JZD",
    "bodyType" : "solid",
    "fullConfiguration" : "default",
    "configuration" : "default",
    "documentId" : "4e1da054bd6bab42d7e2992d",
    "elementId" : "df24b7952572ea653d3ba498",
    "documentMicroversion" : "0fed15809a25f9d07ef447d8"
  }, {
    "isStandardContent" : false,
    "partId" : "JcD",
    "bodyType" : "solid",
    "fullConfiguration" : "default",
    "configuration" : "default",
    "documentId" : "4e1da054bd6bab42d7e2992d",
    "elementId" : "df24b7952572ea653d3ba498",
    "documentMicroversion" : "0fed15809a25f9d07ef447d8"
  }, {
    "isStandardContent" : false,
    "partId" : "JYD",
    "bodyType" : "solid",
    "fullConfiguration" : "default",
    "configuration" : "default",
    "documentId" : "4e1da054bd6bab42d7e2992d",
    "elementId" : "2086b3429ac286be06785912",
    "documentMicroversion" : "0fed15809a25f9d07ef447d8"
  }, {
    "isStandardContent" : false,
    "partId" : "JbD",
    "bodyType" : "solid",
    "fullConfiguration" : "default",
    "configuration" : "default",
    "documentId" : "4e1da054bd6bab42d7e2992d",
    "elementId" : "2086b3429ac286be06785912",
    "documentMicroversion" : "0fed15809a25f9d07ef447d8"
  }, {
    "isStandardContent" : false,
    "partId" : "JZD",
    "bodyType" : "solid",
    "fullConfiguration" : "default",
    "configuration" : "default",
    "documentId" : "4e1da054bd6bab42d7e2992d",
    "elementId" : "a03f6f8cd284c025ef2134ef",
    "documentMicroversion" : "0fed15809a25f9d07ef447d8"
  }, {
    "isStandardContent" : false,
    "partId" : "JTD",
    "bodyType" : "solid",
    "fullConfiguration" : "default",
    "configuration" : "default",
    "documentId" : "4e1da054bd6bab42d7e2992d",
    "elementId" : "a03f6f8cd284c025ef2134ef",
    "documentMicroversion" : "0fed15809a25f9d07ef447d8"
  }, {
    "isStandardContent" : false,
    "partId" : "JOD",
    "bodyType" : "solid",
    "fullConfiguration" : "default",
    "configuration" : "default",
    "documentId" : "4e1da054bd6bab42d7e2992d",
    "elementId" : "d3d9b060ee7893c074d657bd",
    "documentMicroversion" : "0fed15809a25f9d07ef447d8"
  }, {
    "isStandardContent" : false,
    "partId" : "JPD",
    "bodyType" : "solid",
    "fullConfiguration" : "default",
    "configuration" : "default",
    "documentId" : "4e1da054bd6bab42d7e2992d",
    "elementId" : "d3d9b060ee7893c074d657bd",
    "documentMicroversion" : "0fed15809a25f9d07ef447d8"
  }, {
    "isStandardContent" : false,
    "partId" : "JFD",
    "bodyType" : "solid",
    "fullConfiguration" : "default",
    "configuration" : "default",
    "documentId" : "4e1da054bd6bab42d7e2992d",
    "elementId" : "717e5f2a66d8371b16dec5b3",
    "documentMicroversion" : "0fed15809a25f9d07ef447d8"
  } ],
  "partStudioFeatures" : [ ]
}
13:13:467 | DEBUG | connect:make_nonce:124 | nonce created: zwuAEiQT4EdWvz7as6V5nCXV8
13:13:467 | DEBUG | connect:_make_auth:1151 | query: inferMetadataOwner=false&includeComputedProperties=false&includeComputedAssemblyProperties=false&thumbnail=false&configuration=default, hmac_str: b'get\nzwuaeiqt4edwvz7as6v5ncxv8\ntue, 17 mar 2026 12:13:54 gmt\napplication/json\n/api/metadata/d/4e1da054bd6bab42d7e2992d/w/8d22cbc1fd08160802a236e9/e/39b03eb076f8268e112e3e99\ninfermetadataowner=false&includecomputedproperties=false&includecomputedassemblyproperties=false&thumbnail=false&configuration=default\n', signature: b'Eu1gmYODGPdnQr+i3dqCDWYBpBXOJPpMudZoCmMe/Fo=', auth: On on_1F30fpU35z7oQLJZHMYSE:HmacSHA256:Eu1gmYODGPdnQr+i3dqCDWYBpBXOJPpMudZoCmMe/Fo=
13:13:467 | DEBUG | connect:request:1004 | Request body: None
13:13:467 | DEBUG | connect:request:1005 | Request headers: {'Content-Type': 'application/json', 'Date': 'Tue, 17 Mar 2026 12:13:54 GMT', 'On-Nonce': 'zwuAEiQT4EdWvz7as6V5nCXV8', 'Authorization': 'On on_1F30fpU35z7oQLJZHMYSE:HmacSHA256:Eu1gmYODGPdnQr+i3dqCDWYBpBXOJPpMudZoCmMe/Fo=', 'User-Agent': 'Onshape Python Sample App', 'Accept': 'application/json'}
13:13:467 | DEBUG | connect:request:1006 | Request URL: https://cad.onshape.com/api/metadata/d/4e1da054bd6bab42d7e2992d/w/8d22cbc1fd08160802a236e9/e/39b03eb076f8268e112e3e99?inferMetadataOwner=false&includeComputedProperties=false&includeComputedAssemblyProperties=false&thumbnail=false&configuration=default
13:13:395 | DEBUG | connect:make_nonce:124 | nonce created: oxTd8tnTYIOyDxPJjpudMcDGv
13:13:395 | DEBUG | connect:_make_auth:1151 | query: , hmac_str: b'get\noxtd8tntyioydxpjjpudmcdgv\ntue, 17 mar 2026 12:13:55 gmt\napplication/json\n/api/documents/4e1da054bd6bab42d7e2992d\n\n', signature: b'lMAmk8vy55c2v8TWheoDCnQtNwjj9Slr9763uOUWgyE=', auth: On on_1F30fpU35z7oQLJZHMYSE:HmacSHA256:lMAmk8vy55c2v8TWheoDCnQtNwjj9Slr9763uOUWgyE=
13:13:395 | DEBUG | connect:request:1004 | Request body: None
13:13:395 | DEBUG | connect:request:1005 | Request headers: {'Content-Type': 'application/json', 'Date': 'Tue, 17 Mar 2026 12:13:55 GMT', 'On-Nonce': 'oxTd8tnTYIOyDxPJjpudMcDGv', 'Authorization': 'On on_1F30fpU35z7oQLJZHMYSE:HmacSHA256:lMAmk8vy55c2v8TWheoDCnQtNwjj9Slr9763uOUWgyE=', 'User-Agent': 'Onshape Python Sample App', 'Accept': 'application/json'}
13:13:395 | DEBUG | connect:request:1006 | Request URL: https://cad.onshape.com/api/documents/4e1da054bd6bab42d7e2992d?
13:13:712 | DEBUG | connect:_log_response:1109 | Request succeeded, details: {
  "jsonType" : "document",
  "documentThumbnailElementId" : "",
  "requireApprovedDrawingTemplatesPreference" : false,
  "isUpgradedToLatestVersion" : true,
  "notes" : null,
  "public" : false,
  "permission" : "OWNER",
  "defaultElementId" : "39b03eb076f8268e112e3e99",
  "recentVersion" : null,
  "hasRelevantInsertables" : false,
  "canUnshare" : false,
  "userAccountLimitsBreached" : false,
  "supportTeamUserAndShared" : false,
  "isUsingManagedWorkflow" : false,
  "likedByCurrentUser" : false,
  "defaultVersionGraphMode" : "ALL_BRANCHES",
  "defaultVersionGraphShowMerges" : true,
  "defaultVersionGraphShowAutoVersions" : true,
  "sequence" : null,
  "tags" : [ ],
  "parentId" : "4edbff2e72662e3d7693a173",
  "projectId" : null,
  "anonymousAllowsExport" : false,
  "defaultWorkspace" : {
    "state" : "ACTIVE",
    "canDelete" : false,
    "protectionRule" : "OPEN",
    "isReadOnly" : false,
    "parent" : "9c5b38a93cbed7f6b142affe",
    "type" : "workspace",
    "creator" : {
      "jsonType" : "user-summary",
      "state" : 1,
      "isOnshapeSupport" : false,
      "image" : "/images/placeholder-user.png",
      "name" : "Nikodem Kuliś",
      "id" : "69a58531d0c0f7dc8302fb47",
      "href" : "https://cad.onshape.com/api/v1/users/69a58531d0c0f7dc8302fb47"
    },
    "lastModifier" : {
      "jsonType" : "user-summary",
      "state" : 1,
      "isOnshapeSupport" : false,
      "image" : "/images/placeholder-user.png",
      "name" : "Nikodem Kuliś",
      "id" : "69a58531d0c0f7dc8302fb47",
      "href" : "https://cad.onshape.com/api/v1/users/69a58531d0c0f7dc8302fb47"
    },
    "description" : "",
    "modifiedAt" : "2026-03-17T12:08:35.022+00:00",
    "createdAt" : "2026-03-15T22:56:44.928+00:00",
    "documentId" : "4e1da054bd6bab42d7e2992d",
    "thumbnail" : null,
    "microversion" : "387365f039d414dce626ad54",
    "parents" : null,
    "overrideDate" : "2026-03-17T12:08:35.022+00:00",
    "name" : "Main",
    "id" : "8d22cbc1fd08160802a236e9",
    "href" : "https://cad.onshape.com/api/v1/documents/d/4e1da054bd6bab42d7e2992d/workspaces/8d22cbc1fd08160802a236e9"
  },
  "thumbnail" : {
    "sizes" : [ {
      "size" : "300x300",
      "viewOrientation" : "",
      "sheetName" : null,
      "href" : "https://cad.onshape.com/api/thumbnails/d/4e1da054bd6bab42d7e2992d/w/8d22cbc1fd08160802a236e9/s/300x300?t=1773749607174",
      "mediaType" : "image/png",
      "uniqueId" : null,
      "renderMode" : ""
    }, {
      "size" : "300x170",
      "viewOrientation" : "",
      "sheetName" : null,
      "href" : "https://cad.onshape.com/api/thumbnails/d/4e1da054bd6bab42d7e2992d/w/8d22cbc1fd08160802a236e9/s/300x170?t=1773749607174",
      "mediaType" : "image/png",
      "uniqueId" : null,
      "renderMode" : ""
    }, {
      "size" : "600x340",
      "viewOrientation" : "",
      "sheetName" : null,
      "href" : "https://cad.onshape.com/api/thumbnails/d/4e1da054bd6bab42d7e2992d/w/8d22cbc1fd08160802a236e9/s/600x340?t=1773749607174",
      "mediaType" : "image/png",
      "uniqueId" : null,
      "renderMode" : ""
    }, {
      "size" : "70x40",
      "viewOrientation" : "",
      "sheetName" : null,
      "href" : "https://cad.onshape.com/api/thumbnails/d/4e1da054bd6bab42d7e2992d/w/8d22cbc1fd08160802a236e9/s/70x40?t=1773749607174",
      "mediaType" : "image/png",
      "uniqueId" : null,
      "renderMode" : ""
    } ],
    "secondarySizes" : null,
    "id" : null,
    "href" : "https://cad.onshape.com/api/thumbnails/d/4e1da054bd6bab42d7e2992d/w/8d22cbc1fd08160802a236e9?t=1773749607174"
  },
  "permissionSet" : [ "OWNER", "DELETE", "RESHARE", "WRITE", "READ", "LINK", "COPY", "EXPORT", "COMMENT" ],
  "trash" : false,
  "totalWorkspacesUpdating" : 0,
  "totalWorkspacesScheduledForUpdate" : 0,
  "documentLabels" : [ ],
  "numberOfTimesReferenced" : 0,
  "numberOfTimesCopied" : 0,
  "likes" : 0,
  "publishedVersionId" : null,
  "documentType" : 0,
  "notRevisionManaged" : false,
  "forceExportRules" : false,
  "createdWithEducationPlan" : true,
  "anonymousAccessAllowed" : false,
  "trashedAt" : null,
  "isOrphaned" : false,
  "hasReleaseRevisionableObjects" : false,
  "owner" : {
    "type" : 0,
    "isEnterpriseOwnedResource" : false,
    "image" : "/images/placeholder-user.png",
    "name" : "Nikodem Kuliś",
    "id" : "69a58531d0c0f7dc8302fb47",
    "href" : "https://cad.onshape.com/api/v1/users/69a58531d0c0f7dc8302fb47"
  },
  "connectionName" : "",
  "isMutable" : false,
  "isContainer" : false,
  "canMove" : true,
  "unparentHref" : "https://cad.onshape.com/api/globaltreenodes/document/4e1da054bd6bab42d7e2992d/parentInfo",
  "isExternalConnectionResource" : false,
  "description" : null,
  "modifiedAt" : "2026-03-17T12:08:26.785+00:00",
  "connectionNames" : null,
  "isEnterpriseOwned" : false,
  "resourceType" : "document",
  "createdAt" : "2026-03-15T22:56:43.310+00:00",
  "createdBy" : {
    "jsonType" : "user-summary",
    "state" : 1,
    "isOnshapeSupport" : false,
    "image" : "/images/placeholder-user.png",
    "name" : "Nikodem Kuliś",
    "id" : "69a58531d0c0f7dc8302fb47",
    "href" : "https://cad.onshape.com/api/v1/users/69a58531d0c0f7dc8302fb47"
  },
  "modifiedBy" : {
    "jsonType" : "user-summary",
    "state" : 1,
    "isOnshapeSupport" : false,
    "image" : "/images/placeholder-user.png",
    "name" : "Nikodem Kuliś",
    "id" : "69a58531d0c0f7dc8302fb47",
    "href" : "https://cad.onshape.com/api/v1/users/69a58531d0c0f7dc8302fb47"
  },
  "name" : "BETA",
  "id" : "4e1da054bd6bab42d7e2992d",
  "href" : "https://cad.onshape.com/api/v1/documents/4e1da054bd6bab42d7e2992d"
}
13:13:716 | DEBUG | parse:_build_id_to_name_map:743 | Building instance ID to name mapping...
13:13:716 | DEBUG | parse:_build_id_to_name_map:767 | Mapped 14 instance IDs to names
13:13:716 | DEBUG | parse:_build_path_keys_from_occurrences:711 | Building PathKeys from occurrences...
13:13:716 | DEBUG | parse:_build_path_keys_from_occurrences:726 | Built 14 PathKeys from 14 occurrences
13:13:716 | INFO | parse:_populate_instances:847 | Populated 14 instances (including nested)
13:13:717 | INFO | parse:_populate_occurrences:864 | Populated 14 occurrences
13:13:717 | INFO | parse:_populate_subassemblies:927 | Populated 0 subassembly occurrences from 0 definitions (rigid_by_depth=0, rigid_by_features=0, max_depth=0)
13:13:718 | INFO | parse:_populate_parts:1311 | Populated 14 parts from assembly
13:13:719 | DEBUG | parse:_populate_mates:1086 | Populated 13 mates (root + flexible subassemblies)
13:13:720 | DEBUG | parse:_populate_patterns:1141 | Populated 0 patterns
13:13:720 | DEBUG | parse:_populate_from_assembly:797 | Populated CAD: 14 instances, 14 occurrences, 13 mates, 0 patterns, 14 parts
13:13:720 | INFO | parse:fetch_mate_limits:1442 | Fetching mate limits from assembly features
13:13:721 | DEBUG | parse:fetch_mate_limits:1466 | Fetching features for assembly: root
13:13:721 | DEBUG | connect:make_nonce:124 | nonce created: Cs3nxMK7qhTiPHtARG9s4mcPi
13:13:722 | DEBUG | connect:_make_auth:1151 | query: , hmac_str: b'get\ncs3nxmk7qhtiphtarg9s4mcpi\ntue, 17 mar 2026 12:13:55 gmt\napplication/json\n/api/assemblies/d/4e1da054bd6bab42d7e2992d/w/8d22cbc1fd08160802a236e9/e/39b03eb076f8268e112e3e99/features\n\n', signature: b'GWhLK0j11vVFSoWL8Q9PTtvlD9pvsf4X19TPGVt67Cw=', auth: On on_1F30fpU35z7oQLJZHMYSE:HmacSHA256:GWhLK0j11vVFSoWL8Q9PTtvlD9pvsf4X19TPGVt67Cw=
13:13:722 | DEBUG | connect:request:1004 | Request body: None
13:13:722 | DEBUG | connect:request:1005 | Request headers: {'Content-Type': 'application/json', 'Date': 'Tue, 17 Mar 2026 12:13:55 GMT', 'On-Nonce': 'Cs3nxMK7qhTiPHtARG9s4mcPi', 'Authorization': 'On on_1F30fpU35z7oQLJZHMYSE:HmacSHA256:GWhLK0j11vVFSoWL8Q9PTtvlD9pvsf4X19TPGVt67Cw=', 'User-Agent': 'Onshape Python Sample App', 'Accept': 'application/json'}
13:13:722 | DEBUG | connect:request:1006 | Request URL: https://cad.onshape.com/api/assemblies/d/4e1da054bd6bab42d7e2992d/w/8d22cbc1fd08160802a236e9/e/39b03eb076f8268e112e3e99/features?
13:13:108 | DEBUG | connect:_log_response:1109 | Request succeeded, details: {
  "features" : [ {
    "type" : 64,
    "typeName" : "BTMMate",
    "message" : {
      "mateConnectors" : [ {
        "type" : 66,
        "typeName" : "BTMMateConnector",
        "message" : {
          "isHidden" : true,
          "implicit" : true,
          "isAuxiliaryTreeMateConnector" : false,
          "version" : 9,
          "featureType" : "mateConnector",
          "featureId" : "M0YXN2U0S7nkgsUpa",
          "name" : "Mate connector",
          "parameters" : [ {
            "type" : 145,
            "typeName" : "BTMParameterEnum",
            "message" : {
              "enumName" : "Origin type",
              "value" : "ON_ENTITY",
              "namespace" : "",
              "parameterId" : "originType",
              "libraryRelationType" : "NONE",
              "parameterName" : "",
              "hasUserCode" : false,
              "nodeId" : "qu619nge5UNcKZGqjdpT9cRB"
            }
          }, {
            "type" : 67,
            "typeName" : "BTMParameterQueryWithOccurrenceList",
            "message" : {
              "queries" : [ {
                "type" : 1083,
                "typeName" : "BTMInferenceQueryWithOccurrence",
                "message" : {
                  "secondGeometryId" : "",
                  "inferenceType" : "CENTER",
                  "geometryIds" : [ "KFdI" ],
                  "path" : [ "Mfe8zFEVYTMSxHadK" ],
                  "hasUserCode" : false,
                  "nodeId" : "FJb1hWVrqxBPuWq"
                }
              } ],
              "parameterId" : "originQuery",
              "libraryRelationType" : "NONE",
              "parameterName" : "",
              "hasUserCode" : false,
              "nodeId" : "Z315i6TtxbEutzQg+C9DiU52"
            }
          }, {
            "type" : 67,
            "typeName" : "BTMParameterQueryWithOccurrenceList",
            "message" : {
              "queries" : [ ],
              "parameterId" : "originAdditionalQuery",
              "libraryRelationType" : "NONE",
              "parameterName" : "",
              "hasUserCode" : false,
              "nodeId" : "pvctKalceDEFcQA7YrgWGAW1"
            }
          }, {
            "type" : 144,
            "typeName" : "BTMParameterBoolean",
            "message" : {
              "value" : false,
              "parameterId" : "realign",
              "libraryRelationType" : "NONE",
              "parameterName" : "",
              "hasUserCode" : false,
              "nodeId" : "VGuit7XZEtw7BhtR4l1k3T9y"
            }
          }, {
            "type" : 67,
            "typeName" : "BTMParameterQueryWithOccurrenceList",
            "message" : {
              "queries" : [ ],
              "parameterId" : "primaryAxisQuery",
              "libraryRelationType" : "NONE",
              "parameterName" : "",
              "hasUserCode" : false,
              "nodeId" : "8+Zjf+ip7b4llYoczKs6/tS5"
            }
          }, {
            "type" : 67,
            "typeName" : "BTMParameterQueryWithOccurrenceList",
            "message" : {
              "queries" : [ ],
              "parameterId" : "secondaryAxisQuery",
              "libraryRelationType" : "NONE",
              "parameterName" : "",
              "hasUserCode" : false,
              "nodeId" : "BIrZQLaCwm9/MvkQvSx2CHnZ"
            }
          }, {
            "type" : 144,
            "typeName" : "BTMParameterBoolean",
            "message" : {
              "value" : false,
              "parameterId" : "transform",
              "libraryRelationType" : "NONE",
              "parameterName" : "",
              "hasUserCode" : false,
              "nodeId" : "V3mIdJq5ZosxsIRzDeiZCNdZ"
            }
          }, {
            "type" : 147,
            "typeName" : "BTMParameterQuantity",
            "message" : {
              "units" : "",
              "value" : 0.0,
              "expression" : "0.0*mm",
              "isInteger" : false,
              "parameterId" : "translationX",
              "libraryRelationType" : "NONE",
              "parameterName" : "",
              "hasUserCode" : false,
              "nodeId" : "S8ek/2eMqFpsFSQuywstk4/s"
            }
          }, {
            "type" : 147,
            "typeName" : "BTMParameterQuantity",
            "message" : {
              "units" : "",
              "value" : 0.0,
              "expression" : "0.0*mm",
              "isInteger" : false,
              "parameterId" : "translationY",
              "libraryRelationType" : "NONE",
              "parameterName" : "",
              "hasUserCode" : false,
              "nodeId" : "U/ZygL2qFchFlQ5G60Nsdxs2"
            }
          }, {
            "type" : 147,
            "typeName" : "BTMParameterQuantity",
            "message" : {
              "units" : "",
              "value" : 0.0,
              "expression" : "0.0*mm",
              "isInteger" : false,
              "parameterId" : "translationZ",
              "libraryRelationType" : "NONE",
              "parameterName" : "",
              "hasUserCode" : false,
              "nodeId" : "akiOgapls9TRehTiOKsfl46P"
            }
          }, {
            "type" : 145,
            "typeName" : "BTMParameterEnum",
            "message" : {
              "enumName" : "Rotation axis",
              "value" : "ABOUT_Z",
              "namespace" : "",
              "parameterId" : "rotationType",
              "libraryRelationType" : "NONE",
              "parameterName" : "",
              "hasUserCode" : false,
              "nodeId" : "NsufENKwuBj8pavfaA2fyCl6"
            }
          }, {
            "type" : 147,
            "typeName" : "BTMParameterQuantity",
            "message" : {
              "units" : "",
              "value" : 0.0,
              "expression" : "0.0*deg",
              "isInteger" : false,
              "parameterId" : "rotation",
              "libraryRelationType" : "NONE",
              "parameterName" : "",
              "hasUserCode" : false,
              "nodeId" : "qnnSKZxZiZDl9LR1tlLv2b+a"
            }
          }, {
            "type" : 144,
            "typeName" : "BTMParameterBoolean",
            "message" : {
              "value" : false,
              "parameterId" : "flipPrimary",
              "libraryRelationType" : "NONE",
              "parameterName" : "",
              "hasUserCode" : false,
              "nodeId" : "qHtfUJcbuBk8CRRYucZAmQhY"
            }
          }, {
            "type" : 145,
            "typeName" : "BTMParameterEnum",
            "message" : {
              "enumName" : "Reorient secondary axis",
              "value" : "PLUS_X",
              "namespace" : "",
              "parameterId" : "secondaryAxisType",
              "libraryRelationType" : "NONE",
              "parameterName" : "",
              "hasUserCode" : false,
              "nodeId" : "O4DKrotZ/+IarnCN54nwj+Ot"
            }
          } ],
          "suppressed" : false,
          "namespace" : "",
          "subFeatures" : [ ],
          "returnAfterSubfeatures" : false,
          "suppressionState" : {
            "type" : 0
          },
          "parameterLibraries" : [ ],
          "hasUserCode" : false,
          "nodeId" : "M0YXN2U0S7nkgsUpa"
        }
      }, {
        "type" : 66,
        "typeName" : "BTMMateConnector",
        "message" : {
          "isHidden" : true,
          "implicit" : true,
          "isAuxiliaryTreeMateConnector" : false,
          "version" : 9,
          "featureType" : "mateConnector",
          "featureId" : "MGqLLkTfXMnwVOKdc",
          "name" : "Mate connector",
          "parameters" : [ {
            "type" : 145,
            "typeName" : "BTMParameterEnum",
            "message" : {
              "enumName" : "Origin type",
              "value" : "ON_ENTITY",
              "namespace" : "",
              "parameterId" : "originType",
              "libraryRelationType" : "NONE",
              "parameterName" : "",
              "hasUserCode" : false,
              "nodeId" : "hTqhqy29NMIgSRPl3Qld4xvO"
            }
          }, {
            "type" : 67,
            "typeName" : "BTMParameterQueryWithOccurrenceList",
            "message" : {
              "queries" : [ {
                "type" : 1083,
                "typeName" : "BTMInferenceQueryWithOccurrence",
                "message" : {
                  "secondGeometryId" : "",
                  "inferenceType" : "CENTER",
                  "geometryIds" : [ "Knt4" ],
                  "path" : [ "MMUZIxfurohP26MK0" ],
                  "hasUserCode" : false,
                  "nodeId" : "FSts9N9PiORF9fN"
                }
              } ],
              "parameterId" : "originQuery",
              "libraryRelationType" : "NONE",
              "parameterName" : "",
              "hasUserCode" : false,
              "nodeId" : "P2byPRxUVci/e+FPcIqEKkpa"
            }
          }, {
            "type" : 67,
            "typeName" : "BTMParameterQueryWithOccurrenceList",
            "message" : {
              "queries" : [ ],
              "parameterId" : "originAdditionalQuery",
              "libraryRelationType" : "NONE",
              "parameterName" : "",
              "hasUserCode" : false,
              "nodeId" : "DGQHPDnW/mpqEWNUYhh0mjKK"
            }
          }, {
            "type" : 144,
            "typeName" : "BTMParameterBoolean",
            "message" : {
              "value" : false,
              "parameterId" : "realign",
              "libraryRelationType" : "NONE",
              "parameterName" : "",
              "hasUserCode" : false,
              "nodeId" : "2/GNxs/1b1sUCXJb/3udzV/c"
            }
          }, {
            "type" : 67,
            "typeName" : "BTMParameterQueryWithOccurrenceList",
            "message" : {
              "queries" : [ ],
              "parameterId" : "primaryAxisQuery",
              "libraryRelationType" : "NONE",
              "parameterName" : "",
              "hasUserCode" : false,
              "nodeId" : "oHmyYwFijsLDuAPGmc8KK5Bv"
            }
          }, {
            "type" : 67,
            "typeName" : "BTMParameterQueryWithOccurrenceList",
            "message" : {
              "queries" : [ ],
              "parameterId" : "secondaryAxisQuery",
              "libraryRelationType" : "NONE",
              "parameterName" : "",
              "hasUserCode" : false,
              "nodeId" : "Beru6SqLUZJBrXpi1NGHwyzu"
            }
          }, {
            "type" : 144,
            "typeName" : "BTMParameterBoolean",
            "message" : {
              "value" : false,
              "parameterId" : "transform",
              "libraryRelationType" : "NONE",
              "parameterName" : "",
              "hasUserCode" : false,
              "nodeId" : "1xyilqD+mVChL3sGuKVqaG3F"
            }
          }, {
            "type" : 147,
            "typeName" : "BTMParameterQuantity",
            "message" : {
              "units" : "",
              "value" : 0.0,
              "expression" : "0.0*mm",
              "isInteger" : false,
              "parameterId" : "translationX",
              "libraryRelationType" : "NONE",
              "parameterName" : "",
              "hasUserCode" : false,
              "nodeId" : "HsZ1tv4Jwrm0neh+B2f4ekcV"
            }
          }, {
            "type" : 147,
            "typeName" : "BTMParameterQuantity",
            "message" : {
              "units" : "",
              "value" : 0.0,
              "expression" : "0.0*mm",
              "isInteger" : false,
              "parameterId" : "translationY",
              "libraryRelationType" : "NONE",
              "parameterName" : "",
              "hasUserCode" : false,
              "nodeId" : "wfom46hq7c5q3sGy2QykOKIP"
            }
          }, {
            "type" : 147,
            "typeName" : "BTMParameterQuantity",
            "message" : {
              "units" : "",
              "value" : 0.0,
              "expression" : "0.0*mm",
              "isInteger" : false,
              "parameterId" : "translationZ",
              "libraryRelationType" : "NONE",
              "parameterName" : "",
              "hasUserCode" : false,
              "nodeId" : "k6PjnwxF/82aU5K8p4fcr0FO"
            }
          }, {
            "type" : 145,
            "typeName" : "BTMParameterEnum",
            "message" : {
              "enumName" : "Rotation axis",
              "value" : "ABOUT_Z",
              "namespace" : "",
              "parameterId" : "rotationType",
              "libraryRelationType" : "NONE",
              "parameterName" : "",
              "hasUserCode" : false,
              "nodeId" : "vI8ymYcsB9FKZBFBxfwwC5PJ"
            }
          }, {
            "type" : 147,
            "typeName" : "BTMParameterQuantity",
            "message" : {
              "units" : "",
              "value" : 0.0,
              "expression" : "0.0*deg",
              "isInteger" : false,
              "parameterId" : "rotation",
              "libraryRelationType" : "NONE",
              "parameterName" : "",
              "hasUserCode" : false,
              "nodeId" : "/tOshE7jhPrrqjeeZZlxBP6C"
            }
          }, {
            "type" : 144,
            "typeName" : "BTMParameterBoolean",
            "message" : {
              "value" : false,
              "parameterId" : "flipPrimary",
              "libraryRelationType" : "NONE",
              "parameterName" : "",
              "hasUserCode" : false,
              "nodeId" : "IsVqvQIb37MgPyBcxaGkChqa"
            }
          }, {
            "type" : 145,
            "typeName" : "BTMParameterEnum",
            "message" : {
              "enumName" : "Reorient secondary axis",
              "value" : "PLUS_X",
              "namespace" : "",
              "parameterId" : "secondaryAxisType",
              "libraryRelationType" : "NONE",
              "parameterName" : "",
              "hasUserCode" : false,
              "nodeId" : "PGMpUPmDCp7ZNqsHKRNDttWd"
            }
          } ],
          "suppressed" : false,
          "namespace" : "",
          "subFeatures" : [ ],
          "returnAfterSubfeatures" : false,
          "suppressionState" : {
            "type" : 0
          },
          "parameterLibraries" : [ ],
          "hasUserCode" : false,
          "nodeId" : "MGqLLkTfXMnwVOKdc"
        }
      } ],
      "version" : 2,
      "featureType" : "mate",
      "featureId" : "MmoxqsiW6+kQb5KUz",
      "name" : "hip_yaw_joint",
      "parameters" : [ {
        "type" : 145,
        "typeName" : "BTMParameterEnum",
        "message" : {
          "enumName" : "Mate type",
          "value" : "REVOLUTE",
          "namespace" : "",
          "parameterId" : "mateType",
          "libraryRelationType" : "NONE",
          "parameterName" : "",
          "hasUserCode" : false,
          "nodeId" : "0NiiXh0O0mMIROhu"
        }
      }, {
        "type" : 67,
        "typeName" : "BTMParameterQueryWithOccurrenceList",
        "message" : {
          "queries" : [ {
            "type" : 157,
            "typeName" : "BTMFeatureQueryWithOccurrence",
            "message" : {
              "featureId" : "M0YXN2U0S7nkgsUpa",
              "queryData" : "",
              "path" : [ ],
              "hasUserCode" : false,
              "nodeId" : "M5Ap4E7r5kklnhsEb"
            }
          }, {
            "type" : 157,
            "typeName" : "BTMFeatureQueryWithOccurrence",
            "message" : {
              "featureId" : "MGqLLkTfXMnwVOKdc",
              "queryData" : "",
              "path" : [ ],
              "hasUserCode" : false,
              "nodeId" : "MGy+sr1NrR4mk7jZG"
            }
          } ],
          "parameterId" : "mateConnectorsQuery",
          "libraryRelationType" : "NONE",
          "parameterName" : "",
          "hasUserCode" : false,
          "nodeId" : "v6AvkI5nAcE0yUwP"
        }
      }, {
        "type" : 144,
        "typeName" : "BTMParameterBoolean",
        "message" : {
          "value" : false,
          "parameterId" : "mateOffsetEnabled",
          "libraryRelationType" : "NONE",
          "parameterName" : "",
          "hasUserCode" : false,
          "nodeId" : "hbU6hiMKnOjv/mXI"
        }
      }, {
        "type" : 147,
        "typeName" : "BTMParameterQuantity",
        "message" : {
          "units" : "",
          "value" : 0.0,
          "expression" : "0 mm",
          "isInteger" : false,
          "parameterId" : "mateOffsetDistanceX",
          "libraryRelationType" : "NONE",
          "parameterName" : "",
          "hasUserCode" : false,
          "nodeId" : "FazePDi7nL7HESJH"
        }
      }, {
        "type" : 147,
        "typeName" : "BTMParameterQuantity",
        "message" : {
          "units" : "",
          "value" : 0.0,
          "expression" : "0 mm",
          "isInteger" : false,
          "parameterId" : "mateOffsetDistanceY",
          "libraryRelationType" : "NONE",
          "parameterName" : "",
          "hasUserCode" : false,
          "nodeId" : "0JIimtWuFNnBh208"
        }
      }, {
        "type" : 147,
        "typeName" : "BTMParameterQuantity",
        "message" : {
          "units" : "",
          "value" : 0.0,
          "expression" : "0 mm",
          "isInteger" : false,
          "parameterId" : "mateOffsetDistanceZ",
          "libraryRelationType" : "NONE",
          "parameterName" : "",
          "hasUserCode" : false,
          "nodeId" : "RCF+ZwI7j2izSadt"
        }
      }, {
        "type" : 145,
        "typeName" : "BTMParameterEnum",
        "message" : {
          "enumName" : "Rotation axis",
          "value" : "ABOUT_X",
          "namespace" : "",
          "parameterId" : "rotationType",
          "libraryRelationType" : "NONE",
          "parameterName" : "",
          "hasUserCode" : false,
          "nodeId" : "BM82xIJZBtq2kMHo"
        }
      }, {
        "type" : 147,
        "typeName" : "BTMParameterQuantity",
        "message" : {
          "units" : "",
          "value" : 0.0,
          "expression" : "0 deg",
          "isInteger" : false,
          "parameterId" : "rotation",
          "libraryRelationType" : "NONE",
          "parameterName" : "",
          "hasUserCode" : false,
          "nodeId" : "gO9bLKtKDnvUq5Jl"
        }
      }, {
        "type" : 144,
        "typeName" : "BTMParameterBoolean",
        "message" : {
          "value" : false,
          "parameterId" : "limitsEnabled",
          "libraryRelationType" : "NONE",
          "parameterName" : "",
          "hasUserCode" : false,
          "nodeId" : "a0GRq4lamqXc7riz"
        }
      }, {
        "type" : 807,
        "typeName" : "BTMParameterNullableQuantity",
        "message" : {
          "isNull" : false,
          "nullValue" : "No minimum",
          "units" : "",
          "value" : 0.0,
          "expression" : "0 mm",
          "isInteger" : false,
          "parameterId" : "limitXMin",
          "libraryRelationType" : "NONE",
          "parameterName" : "",
          "hasUserCode" : false,
          "nodeId" : "VUHO61HyLv9OgBKZ"
        }
      }, {
        "type" : 807,
        "typeName" : "BTMParameterNullableQuantity",
        "message" : {
          "isNull" : false,
          "nullValue" : "No maximum",
          "units" : "",
          "value" : 0.0,
          "expression" : "0 mm",
          "isInteger" : false,
          "parameterId" : "limitXMax",
          "libraryRelationType" : "NONE",
          "parameterName" : "",
          "hasUserCode" : false,
          "nodeId" : "mhHH86I6Q1yQngOK"
        }
      }, {
        "type" : 807,
        "typeName" : "BTMParameterNullableQuantity",
        "message" : {
          "isNull" : false,
          "nullValue" : "No minimum",
          "units" : "",
          "value" : 0.0,
          "expression" : "0 mm",
          "isInteger" : false,
          "parameterId" : "limitYMin",
          "libraryRelationType" : "NONE",
          "parameterName" : "",
          "hasUserCode" : false,
          "nodeId" : "HmgNjuZGmkhRI/aL"
        }
      }, {
        "type" : 807,
        "typeName" : "BTMParameterNullableQuantity",
        "message" : {
          "isNull" : false,
          "nullValue" : "No maximum",
          "units" : "",
          "value" : 0.0,
          "expression" : "0 mm",
          "isInteger" : false,
          "parameterId" : "limitYMax",
          "libraryRelationType" : "NONE",
          "parameterName" : "",
          "hasUserCode" : false,
          "nodeId" : "gixyMk4k+EiI/UgS"
        }
      }, {
        "type" : 807,
        "typeName" : "BTMParameterNullableQuantity",
        "message" : {
          "isNull" : false,
          "nullValue" : "No minimum",
          "units" : "",
          "value" : 0.0,
          "expression" : "0 mm",
          "isInteger" : false,
          "parameterId" : "limitZMin",
          "libraryRelationType" : "NONE",
          "parameterName" : "",
          "hasUserCode" : false,
          "nodeId" : "6+z/g77yMa6s1iM0"
        }
      }, {
        "type" : 807,
        "typeName" : "BTMParameterNullableQuantity",
        "message" : {
          "isNull" : false,
          "nullValue" : "No maximum",
          "units" : "",
          "value" : 0.0,
          "expression" : "0 mm",
          "isInteger" : false,
          "parameterId" : "limitZMax",
          "libraryRelationType" : "NONE",
          "parameterName" : "",
          "hasUserCode" : false,
          "nodeId" : "Qu8mTSCzcf37xKnK"
        }
      }, {
        "type" : 807,
        "typeName" : "BTMParameterNullableQuantity",
        "message" : {
          "isNull" : false,
          "nullValue" : "No minimum",
          "units" : "",
          "value" : 0.0,
          "expression" : "0 deg",
          "isInteger" : false,
          "parameterId" : "limitAxialXMin",
          "libraryRelationType" : "NONE",
          "parameterName" : "",
          "hasUserCode" : false,
          "nodeId" : "vsW5YU+wcazIj1WB"
        }
      }, {
        "type" : 807,
        "typeName" : "BTMParameterNullableQuantity",
        "message" : {
          "isNull" : false,
          "nullValue" : "No maximum",
          "units" : "",
          "value" : 0.0,
          "expression" : "0 deg",
          "isInteger" : false,
          "parameterId" : "limitAxialXMax",
          "libraryRelationType" : "NONE",
          "parameterName" : "",
          "hasUserCode" : false,
          "nodeId" : "zNFvS0dftZjtXZtM"
        }
      }, {
        "type" : 807,
        "typeName" : "BTMParameterNullableQuantity",
        "message" : {
          "isNull" : false,
          "nullValue" : "No minimum",
          "units" : "",
          "value" : 0.0,
          "expression" : "0 deg",
          "isInteger" : false,
          "parameterId" : "limitAxialYMin",
          "libraryRelationType" : "NONE",
          "parameterName" : "",
          "hasUserCode" : false,
          "nodeId" : "wSL+VAxOEcj3T/ky"
        }
      }, {
        "type" : 807,
        "typeName" : "BTMParameterNullableQuantity",
        "message" : {
          "isNull" : false,
          "nullValue" : "No maximum",
          "units" : "",
          "value" : 0.0,
          "expression" : "0 deg",
          "isInteger" : false,
          "parameterId" : "limitAxialYMax",
          "libraryRelationType" : "NONE",
          "parameterName" : "",
          "hasUserCode" : false,
          "nodeId" : "o+35bHTQDDJAHJNw"
        }
      }, {
        "type" : 807,
        "typeName" : "BTMParameterNullableQuantity",
        "message" : {
          "isNull" : false,
          "nullValue" : "No minimum",
          "units" : "",
          "value" : 0.0,
          "expression" : "0 deg",
          "isInteger" : false,
          "parameterId" : "limitAxialZMin",
          "libraryRelationType" : "NONE",
          "parameterName" : "",
          "hasUserCode" : false,
          "nodeId" : "+EOGP4kxV4Hsnqtk"
        }
      }, {
        "type" : 807,
        "typeName" : "BTMParameterNullableQuantity",
        "message" : {
          "isNull" : false,
          "nullValue" : "No maximum",
          "units" : "",
          "value" : 0.0,
          "expression" : "0 deg",
          "isInteger" : false,
          "parameterId" : "limitAxialZMax",
          "libraryRelationType" : "NONE",
          "parameterName" : "",
          "hasUserCode" : false,
          "nodeId" : "uGv8+B2x/+37kMNH"
        }
      }, {
        "type" : 807,
        "typeName" : "BTMParameterNullableQuantity",
        "message" : {
          "isNull" : false,
          "nullValue" : "No maximum",
          "units" : "",
          "value" : 0.0,
          "expression" : "0 deg",
          "isInteger" : false,
          "parameterId" : "limitEulerConeAngleMax",
          "libraryRelationType" : "NONE",
          "parameterName" : "",
          "hasUserCode" : false,
          "nodeId" : "akuWxdFtwKvjWqlI"
        }
      }, {
        "type" : 144,
        "typeName" : "BTMParameterBoolean",
        "message" : {
          "value" : false,
          "parameterId" : "functionalconnection",
          "libraryRelationType" : "NONE",
          "parameterName" : "",
          "hasUserCode" : false,
          "nodeId" : "A5rIYl1x+HStbTmU"
        }
      }, {
        "type" : 67,
        "typeName" : "BTMParameterQueryWithOccurrenceList",
        "message" : {
          "queries" : [ ],
          "parameterId" : "facestoconnect",
          "libraryRelationType" : "NONE",
          "parameterName" : "",
          "hasUserCode" : false,
          "nodeId" : "ha67tCk5fB2P4yDq"
        }
      }, {
        "type" : 144,
        "typeName" : "BTMParameterBoolean",
        "message" : {
          "value" : true,
          "parameterId" : "primaryAxisAlignment",
          "libraryRelationType" : "NONE",
          "parameterName" : "",
          "hasUserCode" : false,
          "nodeId" : "RQlZKqpokDJEvKEq"
        }
      }, {
        "type" : 145,
        "typeName" : "BTMParameterEnum",
        "message" : {
          "enumName" : "Reorient secondary axis",
          "value" : "PLUS_X",
          "namespace" : "",
          "parameterId" : "secondaryAxisAlignment",
          "libraryRelationType" : "NONE",
          "parameterName" : "",
          "hasUserCode" : false,
          "nodeId" : "PgwDQ0s/LwKlPrq1"
        }
      } ],
      "suppressed" : false,
      "namespace" : "",
      "subFeatures" : [ ],
      "returnAfterSubfeatures" : false,
      "suppressionState" : {
        "type" : 0
      },
      "parameterLibraries" : [ ],
      "hasUserCode" : false,
      "nodeId" : "MmoxqsiW6+kQb5KUz"
    }
  }, {
    "type" : 64,
    "typeName" : "BTMMate",
    "message" : {
      "mateConnectors" : [ {
        "type" : 66,
        "typeName" : "BTMMateConnector",
        "message" : {
          "isHidden" : true,
          "implicit" : true,
          "isAuxiliaryTreeMateConnector" : false,
          "version" : 9,
          "featureType" : "mateConnector",
          "featureId" : "M8yDfeFauEOdZDWHw",
          "name" : "Mate connector",
          "parameters" : [ {
            "type" : 145,
            "typeName" : "BTMParameterEnum",
            "message" : {
              "enumName" : "Origin type",
              "value" : "ON_ENTITY",
              "namespace" : "",
              "parameterId" : "originType",
              "libraryRelationType" : "NONE",
              "parameterName" : "",
              "hasUserCode" : false,
              "nodeId" : "4PfXMpN/+R4D7DBdFUAxm6rE"
            }
          }, {
            "type" : 67,
            "typeName" : "BTMParameterQueryWithOccurrenceList",
            "message" : {
              "queries" : [ {
                "type" : 1083,
                "typeName" : "BTMInferenceQueryWithOccurrence",
                "message" : {
                  "secondGeometryId" : "",
                  "inferenceType" : "TOP_AXIS_POINT",
                  "geometryIds" : [ "Kc6J" ],
                  "path" : [ "MoM18oA1yPa6fx81Z" ],
                  "hasUserCode" : false,
                  "nodeId" : "FfhB4twCAsaCzqM"
                }
              } ],
              "parameterId" : "originQuery",
              "libraryRelationType" : "NONE",
              "parameterName" : "",
              "hasUserCode" : false,
              "nodeId" : "MmlzeDuEA8cVRymvaPuz6+Y4"
            }
          }, {
            "type" : 67,
            "typeName" : "BTMParameterQueryWithOccurrenceList",
            "message" : {
              "queries" : [ ],
              "parameterId" : "originAdditionalQuery",
              "libraryRelationType" : "NONE",
              "parameterName" : "",
              "hasUserCode" : false,
              "nodeId" : "/styvgpDsHJrHhtyoisxPZ86"
            }
          }, {
            "type" : 144,
            "typeName" : "BTMParameterBoolean",
            "message" : {
              "value" : false,
              "parameterId" : "realign",
              "libraryRelationType" : "NONE",
              "parameterName" : "",
              "hasUserCode" : false,
              "nodeId" : "elWsrrXutg6AS8RZzhDen4i7"
            }
          }, {
            "type" : 67,
            "typeName" : "BTMParameterQueryWithOccurrenceList",
            "message" : {
              "queries" : [ ],
              "parameterId" : "primaryAxisQuery",
              "libraryRelationType" : "NONE",
              "parameterName" : "",
              "hasUserCode" : false,
              "nodeId" : "pW/EW2fzaSTTX7EMNrs/orL/"
            }
          }, {
            "type" : 67,
            "typeName" : "BTMParameterQueryWithOccurrenceList",
            "message" : {
              "queries" : [ ],
              "parameterId" : "secondaryAxisQuery",
              "libraryRelationType" : "NONE",
              "parameterName" : "",
              "hasUserCode" : false,
              "nodeId" : "TLEPdvcpfQ5rT5ETFEvBAJ+D"
            }
          }, {
            "type" : 144,
            "typeName" : "BTMParameterBoolean",
            "message" : {
              "value" : false,
              "parameterId" : "transform",
              "libraryRelationType" : "NONE",
              "parameterName" : "",
              "hasUserCode" : false,
              "nodeId" : "80F9vQG4stMVfK1MFhmI1JAq"
            }
          }, {
            "type" : 147,
            "typeName" : "BTMParameterQuantity",
            "message" : {
              "units" : "",
              "value" : 0.0,
              "expression" : "0.0*mm",
              "isInteger" : false,
              "parameterId" : "translationX",
              "libraryRelationType" : "NONE",
              "parameterName" : "",
              "hasUserCode" : false,
              "nodeId" : "MEaW37MTV6QvrfL7fN5or4Yl"
            }
          }, {
            "type" : 147,
            "typeName" : "BTMParameterQuantity",
            "message" : {
              "units" : "",
              "value" : 0.0,
              "expression" : "0.0*mm",
              "isInteger" : false,
              "parameterId" : "translationY",
              "libraryRelationType" : "NONE",
              "parameterName" : "",
              "hasUserCode" : false,
              "nodeId" : "E4tuEuPNgA77nxXk17iwYVB3"
            }
          }, {
            "type" : 147,
            "typeName" : "BTMParameterQuantity",
            "message" : {
              "units" : "",
              "value" : 0.0,
              "expression" : "0.0*mm",
              "isInteger" : false,
              "parameterId" : "translationZ",
              "libraryRelationType" : "NONE",
              "parameterName" : "",
              "hasUserCode" : false,
              "nodeId" : "L+70BElimqpxKbSNnck9Hx56"
            }
          }, {
            "type" : 145,
            "typeName" : "BTMParameterEnum",
            "message" : {
              "enumName" : "Rotation axis",
              "value" : "ABOUT_Z",
              "namespace" : "",
              "parameterId" : "rotationType",
              "libraryRelationType" : "NONE",
              "parameterName" : "",
              "hasUserCode" : false,
              "nodeId" : "1qz89pgQ6ch2vwdjpqmyjP6I"
            }
          }, {
            "type" : 147,
            "typeName" : "BTMParameterQuantity",
            "message" : {
              "units" : "",
              "value" : 0.0,
              "expression" : "0.0*deg",
              "isInteger" : false,
              "parameterId" : "rotation",
              "libraryRelationType" : "NONE",
              "parameterName" : "",
              "hasUserCode" : false,
              "nodeId" : "JLVe/bB1V5qVDI6O1sZ96ElS"
            }
          }, {
            "type" : 144,
            "typeName" : "BTMParameterBoolean",
            "message" : {
              "value" : false,
              "parameterId" : "flipPrimary",
              "libraryRelationType" : "NONE",
              "parameterName" : "",
              "hasUserCode" : false,
              "nodeId" : "qy+UtNgJdICmQ7DjTEVsI3RE"
            }
          }, {
            "type" : 145,
            "typeName" : "BTMParameterEnum",
            "message" : {
              "enumName" : "Reorient secondary axis",
              "value" : "PLUS_X",
              "namespace" : "",
              "parameterId" : "secondaryAxisType",
              "libraryRelationType" : "NONE",
              "parameterName" : "",
              "hasUserCode" : false,
              "nodeId" : "0t908YNnh+aekbofFnFDJ9Ny"
            }
          } ],
          "suppressed" : false,
          "namespace" : "",
          "subFeatures" : [ ],
          "returnAfterSubfeatures" : false,
          "suppressionState" : {
            "type" : 0
          },
          "parameterLibraries" : [ ],
          "hasUserCode" : false,
          "nodeId" : "M8yDfeFauEOdZDWHw"
        }
      }, {
        "type" : 66,
        "typeName" : "BTMMateConnector",
        "message" : {
          "isHidden" : true,
          "implicit" : true,
          "isAuxiliaryTreeMateConnector" : false,
          "version" : 9,
          "featureType" : "mateConnector",
          "featureId" : "Mp0f3EueAwLFgxEqo",
          "name" : "Mate connector",
          "parameters" : [ {
            "type" : 145,
            "typeName" : "BTMParameterEnum",
            "message" : {
              "enumName" : "Origin type",
              "value" : "ON_ENTITY",
              "namespace" : "",
              "parameterId" : "originType",
              "libraryRelationType" : "NONE",
              "parameterName" : "",
              "hasUserCode" : false,
              "nodeId" : "ni3aq9kXb+aMBUrbYyyzbFtf"
            }
          }, {
            "type" : 67,
            "typeName" : "BTMParameterQueryWithOccurrenceList",
            "message" : {
              "queries" : [ {
                "type" : 1083,
                "typeName" : "BTMInferenceQueryWithOccurrence",
                "message" : {
                  "secondGeometryId" : "",
                  "inferenceType" : "TOP_AXIS_POINT",
                  "geometryIds" : [ "Knq0" ],
                  "path" : [ "MMUZIxfurohP26MK0" ],
                  "hasUserCode" : false,
                  "nodeId" : "FUOgkoMJLKAmRux"
                }
              } ],
              "parameterId" : "originQuery",
              "libraryRelationType" : "NONE",
              "parameterName" : "",
              "hasUserCode" : false,
              "nodeId" : "bAPt2by07Bms2oueH64cTQTf"
            }
          }, {
            "type" : 67,
            "typeName" : "BTMParameterQueryWithOccurrenceList",
            "message" : {
              "queries" : [ ],
              "parameterId" : "originAdditionalQuery",
              "libraryRelationType" : "NONE",
              "parameterName" : "",
              "hasUserCode" : false,
              "nodeId" : "D09KSv2vJMaZPg6g9qV7Urqd"
            }
          }, {
            "type" : 144,
            "typeName" : "BTMParameterBoolean",
            "message" : {
              "value" : false,
              "parameterId" : "realign",
              "libraryRelationType" : "NONE",
              "parameterName" : "",
              "hasUserCode" : false,
              "nodeId" : "RRKzbr6y2QofIDaiq7/TGiA6"
            }
          }, {
            "type" : 67,
            "typeName" : "BTMParameterQueryWithOccurrenceList",
            "message" : {
              "queries" : [ ],
              "parameterId" : "primaryAxisQuery",
              "libraryRelationType" : "NONE",
              "parameterName" : "",
              "hasUserCode" : false,
              "nodeId" : "pZh0SJQoP8nMOztjqh2Mb6dZ"
            }
          }, {
            "type" : 67,
            "typeName" : "BTMParameterQueryWithOccurrenceList",
            "message" : {
              "queries" : [ ],
              "parameterId" : "secondaryAxisQuery",
              "libraryRelationType" : "NONE",
              "parameterName" : "",
              "hasUserCode" : false,
              "nodeId" : "xHhQwiw5IRPd6bO9j0bRaax9"
            }
          }, {
            "type" : 144,
            "typeName" : "BTMParameterBoolean",
            "message" : {
              "value" : false,
              "parameterId" : "transform",
              "libraryRelationType" : "NONE",
              "parameterName" : "",
              "hasUserCode" : false,
              "nodeId" : "FPG1FI/bu9N8dh+XZpbYtxaZ"
            }
          }, {
            "type" : 147,
            "typeName" : "BTMParameterQuantity",
            "message" : {
              "units" : "",
              "value" : 0.0,
              "expression" : "0.0*mm",
              "isInteger" : false,
              "parameterId" : "translationX",
              "libraryRelationType" : "NONE",
              "parameterName" : "",
              "hasUserCode" : false,
              "nodeId" : "lF67tz776w3c9Y/NVCT+JMlx"
            }
          }, {
            "type" : 147,
            "typeName" : "BTMParameterQuantity",
            "message" : {
              "units" : "",
              "value" : 0.0,
              "expression" : "0.0*mm",
              "isInteger" : false,
              "parameterId" : "translationY",
              "libraryRelationType" : "NONE",
              "parameterName" : "",
              "hasUserCode" : false,
              "nodeId" : "JrP4bH4wuzw5xldOdZKF8TqM"
            }
          }, {
            "type" : 147,
            "typeName" : "BTMParameterQuantity",
            "message" : {
              "units" : "",
              "value" : 0.0,
              "expression" : "0.0*mm",
              "isInteger" : false,
              "parameterId" : "translationZ",
              "libraryRelationType" : "NONE",
              "parameterName" : "",
              "hasUserCode" : false,
              "nodeId" : "DDC1yz0DN+HZdkDgC8DvSrwr"
            }
          }, {
            "type" : 145,
            "typeName" : "BTMParameterEnum",
            "message" : {
              "enumName" : "Rotation axis",
              "value" : "ABOUT_Z",
              "namespace" : "",
              "parameterId" : "rotationType",
              "libraryRelationType" : "NONE",
              "parameterName" : "",
              "hasUserCode" : false,
              "nodeId" : "K5UtxNInw8ejzkdpybvgNgS1"
            }
          }, {
            "type" : 147,
            "typeName" : "BTMParameterQuantity",
            "message" : {
              "units" : "",
              "value" : 0.0,
              "expression" : "0.0*deg",
              "isInteger" : false,
              "parameterId" : "rotation",
              "libraryRelationType" : "NONE",
              "parameterName" : "",
              "hasUserCode" : false,
              "nodeId" : "AvdeV2DvR+MKr2cVAR+w7vK+"
            }
          }, {
            "type" : 144,
            "typeName" : "BTMParameterBoolean",
            "message" : {
              "value" : false,
              "parameterId" : "flipPrimary",
              "libraryRelationType" : "NONE",
              "parameterName" : "",
              "hasUserCode" : false,
              "nodeId" : "+FpzHKJ8LpQVFofWH5wl5G1w"
            }
          }, {
            "type" : 145,
            "typeName" : "BTMParameterEnum",
            "message" : {
              "enumName" : "Reorient secondary axis",
              "value" : "PLUS_X",
              "namespace" : "",
              "parameterId" : "secondaryAxisType",
              "libraryRelationType" : "NONE",
              "parameterName" : "",
              "hasUserCode" : false,
              "nodeId" : "Pq1S3nHfTGZ3chgQmcXy/+wH"
            }
          } ],
          "suppressed" : false,
          "namespace" : "",
          "subFeatures" : [ ],
          "returnAfterSubfeatures" : false,
          "suppressionState" : {
            "type" : 0
          },
          "parameterLibraries" : [ ],
          "hasUserCode" : false,
          "nodeId" : "Mp0f3EueAwLFgxEqo"
        }
      } ],
      "version" : 2,
      "featureType" : "mate",
      "featureId" : "MlmxttZUD0YPpMWO0",
      "name" : "hip_left_yaw_joint",
      "parameters" : [ {
        "type" : 145,
        "typeName" : "BTMParameterEnum",
        "message" : {
          "enumName" : "Mate type",
          "value" : "REVOLUTE",
          "namespace" : "",
          "parameterId" : "mateType",
          "libraryRelationType" : "NONE",
          "parameterName" : "",
          "hasUserCode" : false,
          "nodeId" : "UVDV3iJX530/7pA7"
        }
      }, {
        "type" : 67,
        "typeName" : "BTMParameterQueryWithOccurrenceList",
        "message" : {
          "queries" : [ {
            "type" : 157,
            "typeName" : "BTMFeatureQueryWithOccurrence",
            "message" : {
              "featureId" : "M8yDfeFauEOdZDWHw",
              "queryData" : "",
              "path" : [ ],
              "hasUserCode" : false,
              "nodeId" : "MLCvWgzX5YGEN5uf7"
            }
          }, {
            "type" : 157,
            "typeName" : "BTMFeatureQueryWithOccurrence",
            "message" : {
              "featureId" : "Mp0f3EueAwLFgxEqo",
              "queryData" : "",
              "path" : [ ],
              "hasUserCode" : false,
              "nodeId" : "M79hriulbAyUc+R8q"
            }
          } ],
          "parameterId" : "mateConnectorsQuery",
          "libraryRelationType" : "NONE",
          "parameterName" : "",
          "hasUserCode" : false,
          "nodeId" : "Thb4wXvRVlr+4dz+"
        }
      }, {
        "type" : 144,
        "typeName" : "BTMParameterBoolean",
        "message" : {
          "value" : false,
          "parameterId" : "mateOffsetEnabled",
          "libraryRelationType" : "NONE",
          "parameterName" : "",
          "hasUserCode" : false,
          "nodeId" : "a/r6sUMeicKVdb9A"
        }
      }, {
        "type" : 147,
        "typeName" : "BTMParameterQuantity",
        "message" : {
          "units" : "",
          "value" : 0.0,
          "expression" : "0 mm",
          "isInteger" : false,
          "parameterId" : "mateOffsetDistanceX",
          "libraryRelationType" : "NONE",
          "parameterName" : "",
          "hasUserCode" : false,
          "nodeId" : "6QLVXjt0W4I0BK9b"
        }
      }, {
        "type" : 147,
        "typeName" : "BTMParameterQuantity",
        "message" : {
          "units" : "",
          "value" : 0.0,
          "expression" : "0 mm",
          "isInteger" : false,
          "parameterId" : "mateOffsetDistanceY",
          "libraryRelationType" : "NONE",
          "parameterName" : "",
          "hasUserCode" : false,
          "nodeId" : "KpR5ZHM4xDqr2w8+"
        }
      }, {
        "type" : 147,
        "typeName" : "BTMParameterQuantity",
        "message" : {
          "units" : "",
          "value" : 0.0,
          "expression" : "0 mm",
          "isInteger" : false,
          "parameterId" : "mateOffsetDistanceZ",
          "libraryRelationType" : "NONE",
          "parameterName" : "",
          "hasUserCode" : false,
          "nodeId" : "WrpmDpyGezWqxV4Z"
        }
      }, {
        "type" : 145,
        "typeName" : "BTMParameterEnum",
        "message" : {
          "enumName" : "Rotation axis",
          "value" : "ABOUT_X",
          "namespace" : "",
          "parameterId" : "rotationType",
          "libraryRelationType" : "NONE",
          "parameterName" : "",
          "hasUserCode" : false,
          "nodeId" : "WgeBQWPWcX8AEiHE"
        }
      }, {
        "type" : 147,
        "typeName" : "BTMParameterQuantity",
        "message" : {
          "units" : "",
          "value" : 0.0,
          "expression" : "0 deg",
          "isInteger" : false,
          "parameterId" : "rotation",
          "libraryRelationType" : "NONE",
          "parameterName" : "",
          "hasUserCode" : false,
          "nodeId" : "U0OwE3g7lA2T7HK7"
        }
      }, {
        "type" : 144,
        "typeName" : "BTMParameterBoolean",
        "message" : {
          "value" : false,
          "parameterId" : "limitsEnabled",
          "libraryRelationType" : "NONE",
          "parameterName" : "",
          "hasUserCode" : false,
          "nodeId" : "A2KoBE8g3Z/RAbJJ"
        }
      }, {
        "type" : 807,
        "typeName" : "BTMParameterNullableQuantity",
        "message" : {
          "isNull" : false,
          "nullValue" : "No minimum",
          "units" : "",
          "value" : 0.0,
          "expression" : "0 mm",
          "isInteger" : false,
          "parameterId" : "limitXMin",
          "libraryRelationType" : "NONE",
          "parameterName" : "",
          "hasUserCode" : false,
          "nodeId" : "RJ31AJlftbcfZld3"
        }
      }, {
        "type" : 807,
        "typeName" : "BTMParameterNullableQuantity",
        "message" : {
          "isNull" : false,
          "nullValue" : "No maximum",
          "units" : "",
          "value" : 0.0,
          "expression" : "0 mm",
          "isInteger" : false,
          "parameterId" : "limitXMax",
          "libraryRelationType" : "NONE",
          "parameterName" : "",
          "hasUserCode" : false,
          "nodeId" : "Vmt3DAQOM2rKzxqS"
        }
      }, {
        "type" : 807,
        "typeName" : "BTMParameterNullableQuantity",
        "message" : {
          "isNull" : false,
          "nullValue" : "No minimum",
          "units" : "",
          "value" : 0.0,
          "expression" : "0 mm",
          "isInteger" : false,
          "parameterId" : "limitYMin",
          "libraryRelationType" : "NONE",
          "parameterName" : "",
          "hasUserCode" : false,
          "nodeId" : "GcP6v1tio7SqGPfN"
        }
      }, {
        "type" : 807,
        "typeName" : "BTMParameterNullableQuantity",
        "message" : {
          "isNull" : false,
          "nullValue" : "No maximum",
          "units" : "",
          "value" : 0.0,
          "expression" : "0 mm",
          "isInteger" : false,
          "parameterId" : "limitYMax",
          "libraryRelationType" : "NONE",
          "parameterName" : "",
          "hasUserCode" : false,
          "nodeId" : "/inOMdy0vsRshCZg"
        }
      }, {
        "type" : 807,
        "typeName" : "BTMParameterNullableQuantity",
        "message" : {
          "isNull" : false,
          "nullValue" : "No minimum",
          "units" : "",
          "value" : 0.0,
          "expression" : "0 mm",
          "isInteger" : false,
          "parameterId" : "limitZMin",
          "libraryRelationType" : "NONE",
          "parameterName" : "",
          "hasUserCode" : false,
          "nodeId" : "Oxoc2/4y404cZX3q"
        }
      }, {
        "type" : 807,
        "typeName" : "BTMParameterNullableQuantity",
        "message" : {
          "isNull" : false,
          "nullValue" : "No maximum",
          "units" : "",
          "value" : 0.0,
          "expression" : "0 mm",
          "isInteger" : false,
          "parameterId" : "limitZMax",
          "libraryRelationType" : "NONE",
          "parameterName" : "",
          "hasUserCode" : false,
          "nodeId" : "bf2XXqQYmmo3f45d"
        }
      }, {
        "type" : 807,
        "typeName" : "BTMParameterNullableQuantity",
        "message" : {
          "isNull" : false,
          "nullValue" : "No minimum",
          "units" : "",
          "value" : 0.0,
          "expression" : "0 deg",
          "isInteger" : false,
          "parameterId" : "limitAxialXMin",
          "libraryRelationType" : "NONE",
          "parameterName" : "",
          "hasUserCode" : false,
          "nodeId" : "Exq8OG98ywA0CTAU"
        }
      }, {
        "type" : 807,
        "typeName" : "BTMParameterNullableQuantity",
        "message" : {
          "isNull" : false,
          "nullValue" : "No maximum",
          "units" : "",
          "value" : 0.0,
          "expression" : "0 deg",
          "isInteger" : false,
          "parameterId" : "limitAxialXMax",
          "libraryRelationType" : "NONE",
          "parameterName" : "",
          "hasUserCode" : false,
          "nodeId" : "w+FzDtsMhlkgMzWq"
        }
      }, {
        "type" : 807,
        "typeName" : "BTMParameterNullableQuantity",
        "message" : {
          "isNull" : false,
          "nullValue" : "No minimum",
          "units" : "",
          "value" : 0.0,
          "expression" : "0 deg",
          "isInteger" : false,
          "parameterId" : "limitAxialYMin",
          "libraryRelationType" : "NONE",
          "parameterName" : "",
          "hasUserCode" : false,
          "nodeId" : "wG0BVB01aZsX2RYp"
        }
      }, {
        "type" : 807,
        "typeName" : "BTMParameterNullableQuantity",
        "message" : {
          "isNull" : false,
          "nullValue" : "No maximum",
          "units" : "",
          "value" : 0.0,
          "expression" : "0 deg",
          "isInteger" : false,
          "parameterId" : "limitAxialYMax",
          "libraryRelationType" : "NONE",
          "parameterName" : "",
          "hasUserCode" : false,
          "nodeId" : "e1+q9QVnq565a0Dt"
        }
      }, {
        "type" : 807,
        "typeName" : "BTMParameterNullableQuantity",
        "message" : {
          "isNull" : false,
          "nullValue" : "No minimum",
          "units" : "",
          "value" : 0.0,
          "expression" : "0 deg",
          "isInteger" : false,
          "parameterId" : "limitAxialZMin",
          "libraryRelationType" : "NONE",
          "parameterName" : "",
          "hasUserCode" : false,
          "nodeId" : "iIxQaVaHcX8hA4cB"
        }
      }, {
        "type" : 807,
        "typeName" : "BTMParameterNullableQuantity",
        "message" : {
          "isNull" : false,
          "nullValue" : "No maximum",
          "units" : "",
          "value" : 0.0,
          "expression" : "0 deg",
          "isInteger" : false,
          "parameterId" : "limitAxialZMax",
          "libraryRelationType" : "NONE",
          "parameterName" : "",
          "hasUserCode" : false,
          "nodeId" : "DpfikfTUmAV0FHdN"
        }
      }, {
        "type" : 807,
        "typeName" : "BTMParameterNullableQuantity",
        "message" : {
          "isNull" : false,
          "nullValue" : "No maximum",
          "units" : "",
          "value" : 0.0,
          "expression" : "0 deg",
          "isInteger" : false,
          "parameterId" : "limitEulerConeAngleMax",
          "libraryRelationType" : "NONE",
          "parameterName" : "",
          "hasUserCode" : false,
          "nodeId" : "ET8TeAy1syWl9/0G"
        }
      }, {
        "type" : 144,
        "typeName" : "BTMParameterBoolean",
        "message" : {
          "value" : false,
          "parameterId" : "functionalconnection",
          "libraryRelationType" : "NONE",
          "parameterName" : "",
          "hasUserCode" : false,
          "nodeId" : "tFmr9B3WZLnjVfnc"
        }
      }, {
        "type" : 67,
        "typeName" : "BTMParameterQueryWithOccurrenceList",
        "message" : {
          "queries" : [ ],
          "parameterId" : "facestoconnect",
          "libraryRelationType" : "NONE",
          "parameterName" : "",
          "hasUserCode" : false,
          "nodeId" : "s5uqeWRVlbtueLj3"
        }
      }, {
        "type" : 144,
        "typeName" : "BTMParameterBoolean",
        "message" : {
          "value" : true,
          "parameterId" : "primaryAxisAlignment",
          "libraryRelationType" : "NONE",
          "parameterName" : "",
          "hasUserCode" : false,
          "nodeId" : "+W2NE+9QRZk8/2wr"
        }
      }, {
        "type" : 145,
        "typeName" : "BTMParameterEnum",
        "message" : {
          "enumName" : "Reorient secondary axis",
          "value" : "PLUS_Y",
          "namespace" : "",
          "parameterId" : "secondaryAxisAlignment",
          "libraryRelationType" : "NONE",
          "parameterName" : "",
          "hasUserCode" : false,
          "nodeId" : "Ybh/R3pZ4GllRSov"
        }
      } ],
      "suppressed" : false,
      "namespace" : "",
      "subFeatures" : [ ],
      "returnAfterSubfeatures" : false,
      "suppressionState" : {
        "type" : 0
      },
      "parameterLibraries" : [ ],
      "hasUserCode" : false,
      "nodeId" : "MlmxttZUD0YPpMWO0"
    }
  }, {
    "type" : 64,
    "typeName" : "BTMMate",
    "message" : {
      "mateConnectors" : [ {
        "type" : 66,
        "typeName" : "BTMMateConnector",
        "message" : {
          "isHidden" : true,
          "implicit" : true,
          "isAuxiliaryTreeMateConnector" : false,
          "version" : 9,
          "featureType" : "mateConnector",
          "featureId" : "Mm9Wacn8NJFNyHlM+",
          "name" : "Mate connector",
          "parameters" : [ {
            "type" : 145,
            "typeName" : "BTMParameterEnum",
            "message" : {
              "enumName" : "Origin type",
              "value" : "ON_ENTITY",
              "namespace" : "",
              "parameterId" : "originType",
              "libraryRelationType" : "NONE",
              "parameterName" : "",
              "hasUserCode" : false,
              "nodeId" : "plKZpP8zkSsZT5f5XKSvl91b"
            }
          }, {
            "type" : 67,
            "typeName" : "BTMParameterQueryWithOccurrenceList",
            "message" : {
              "queries" : [ {
                "type" : 1083,
                "typeName" : "BTMInferenceQueryWithOccurrence",
                "message" : {
                  "secondGeometryId" : "",
                  "inferenceType" : "TOP_AXIS_POINT",
                  "geometryIds" : [ "KZ6J" ],
                  "path" : [ "MY/nru55Q+aY2IEmW" ],
                  "hasUserCode" : false,
                  "nodeId" : "F7MkIdWAESe0Tm9"
                }
              } ],
              "parameterId" : "originQuery",
              "libraryRelationType" : "NONE",
              "parameterName" : "",
              "hasUserCode" : false,
              "nodeId" : "IbPaezcVEASwBds1lxRQRZ71"
            }
          }, {
            "type" : 67,
            "typeName" : "BTMParameterQueryWithOccurrenceList",
            "message" : {
              "queries" : [ ],
              "parameterId" : "originAdditionalQuery",
              "libraryRelationType" : "NONE",
              "parameterName" : "",
              "hasUserCode" : false,
              "nodeId" : "S0jhjGYpSgR1hUpAud1GUz/e"
            }
          }, {
            "type" : 144,
            "typeName" : "BTMParameterBoolean",
            "message" : {
              "value" : false,
              "parameterId" : "realign",
              "libraryRelationType" : "NONE",
              "parameterName" : "",
              "hasUserCode" : false,
              "nodeId" : "5WmitdcC9qVXoQ3Yg6ipkfUz"
            }
          }, {
            "type" : 67,
            "typeName" : "BTMParameterQueryWithOccurrenceList",
            "message" : {
              "queries" : [ ],
              "parameterId" : "primaryAxisQuery",
              "libraryRelationType" : "NONE",
              "parameterName" : "",
              "hasUserCode" : false,
              "nodeId" : "1sitCjd2Za8uU/2ZGXSlburr"
            }
          }, {
            "type" : 67,
            "typeName" : "BTMParameterQueryWithOccurrenceList",
            "message" : {
              "queries" : [ ],
              "parameterId" : "secondaryAxisQuery",
              "libraryRelationType" : "NONE",
              "parameterName" : "",
              "hasUserCode" : false,
              "nodeId" : "Dmq+MtVIRfpRwuzc/YRTmIRg"
            }
          }, {
            "type" : 144,
            "typeName" : "BTMParameterBoolean",
            "message" : {
              "value" : false,
              "parameterId" : "transform",
              "libraryRelationType" : "NONE",
              "parameterName" : "",
              "hasUserCode" : false,
              "nodeId" : "jK4WrcsyHL0zULmFJVZyqVwc"
            }
          }, {
            "type" : 147,
            "typeName" : "BTMParameterQuantity",
            "message" : {
              "units" : "",
              "value" : 0.0,
              "expression" : "0.0*mm",
              "isInteger" : false,
              "parameterId" : "translationX",
              "libraryRelationType" : "NONE",
              "parameterName" : "",
              "hasUserCode" : false,
              "nodeId" : "umOsnEYyO0YAFg5GbDF0jkRD"
            }
          }, {
            "type" : 147,
            "typeName" : "BTMParameterQuantity",
            "message" : {
              "units" : "",
              "value" : 0.0,
              "expression" : "0.0*mm",
              "isInteger" : false,
              "parameterId" : "translationY",
              "libraryRelationType" : "NONE",
              "parameterName" : "",
              "hasUserCode" : false,
              "nodeId" : "d6IdP/VNwFTVWKpdRU4qhCOQ"
            }
          }, {
            "type" : 147,
            "typeName" : "BTMParameterQuantity",
            "message" : {
              "units" : "",
              "value" : 0.0,
              "expression" : "0.0*mm",
              "isInteger" : false,
              "parameterId" : "translationZ",
              "libraryRelationType" : "NONE",
              "parameterName" : "",
              "hasUserCode" : false,
              "nodeId" : "D+rWhFfdyrUbQzq8gSgAn62t"
            }
          }, {
            "type" : 145,
            "typeName" : "BTMParameterEnum",
            "message" : {
              "enumName" : "Rotation axis",
              "value" : "ABOUT_Z",
              "namespace" : "",
              "parameterId" : "rotationType",
              "libraryRelationType" : "NONE",
              "parameterName" : "",
              "hasUserCode" : false,
              "nodeId" : "XgPTyVwHwQjbnOPefPApO1H+"
            }
          }, {
            "type" : 147,
            "typeName" : "BTMParameterQuantity",
            "message" : {
              "units" : "",
              "value" : 0.0,
              "expression" : "0.0*deg",
              "isInteger" : false,
              "parameterId" : "rotation",
              "libraryRelationType" : "NONE",
              "parameterName" : "",
              "hasUserCode" : false,
              "nodeId" : "RabqsCvPwavyM20XMt84PCMf"
            }
          }, {
            "type" : 144,
            "typeName" : "BTMParameterBoolean",
            "message" : {
              "value" : false,
              "parameterId" : "flipPrimary",
              "libraryRelationType" : "NONE",
              "parameterName" : "",
              "hasUserCode" : false,
              "nodeId" : "D80rBpjpZTFn6Wd6EUUkEVOO"
            }
          }, {
            "type" : 145,
            "typeName" : "BTMParameterEnum",
            "message" : {
              "enumName" : "Reorient secondary axis",
              "value" : "PLUS_X",
              "namespace" : "",
              "parameterId" : "secondaryAxisType",
              "libraryRelationType" : "NONE",
              "parameterName" : "",
              "hasUserCode" : false,
              "nodeId" : "SZ8PoDb14olej8YJOQdry9IZ"
            }
          } ],
          "suppressed" : false,
          "namespace" : "",
          "subFeatures" : [ ],
          "returnAfterSubfeatures" : false,
          "suppressionState" : {
            "type" : 0
          },
          "parameterLibraries" : [ ],
          "hasUserCode" : false,
          "nodeId" : "Mm9Wacn8NJFNyHlM+"
        }
      }, {
        "type" : 66,
        "typeName" : "BTMMateConnector",
        "message" : {
          "isHidden" : true,
          "implicit" : true,
          "isAuxiliaryTreeMateConnector" : false,
          "version" : 9,
          "featureType" : "mateConnector",
          "featureId" : "M2x2wFIV+jiSyUgHO",
          "name" : "Mate connector",
          "parameters" : [ {
            "type" : 145,
            "typeName" : "BTMParameterEnum",
            "message" : {
              "enumName" : "Origin type",
              "value" : "ON_ENTITY",
              "namespace" : "",
              "parameterId" : "originType",
              "libraryRelationType" : "NONE",
              "parameterName" : "",
              "hasUserCode" : false,
              "nodeId" : "6SGBigTOEOU6o1OTXO1dHqgX"
            }
          }, {
            "type" : 67,
            "typeName" : "BTMParameterQueryWithOccurrenceList",
            "message" : {
              "queries" : [ {
                "type" : 1083,
                "typeName" : "BTMInferenceQueryWithOccurrence",
                "message" : {
                  "secondGeometryId" : "",
                  "inferenceType" : "TOP_AXIS_POINT",
                  "geometryIds" : [ "LnWbB" ],
                  "path" : [ "MMUZIxfurohP26MK0" ],
                  "hasUserCode" : false,
                  "nodeId" : "FoKrl3r7IGkmAqM"
                }
              } ],
              "parameterId" : "originQuery",
              "libraryRelationType" : "NONE",
              "parameterName" : "",
              "hasUserCode" : false,
              "nodeId" : "zGHWjbS+Fd8P+aazYkR/r/Y5"
            }
          }, {
            "type" : 67,
            "typeName" : "BTMParameterQueryWithOccurrenceList",
            "message" : {
              "queries" : [ ],
              "parameterId" : "originAdditionalQuery",
              "libraryRelationType" : "NONE",
              "parameterName" : "",
              "hasUserCode" : false,
              "nodeId" : "PjkDRllfh5G+5Muytc4uYjpP"
            }
          }, {
            "type" : 144,
            "typeName" : "BTMParameterBoolean",
            "message" : {
              "value" : false,
              "parameterId" : "realign",
              "libraryRelationType" : "NONE",
              "parameterName" : "",
              "hasUserCode" : false,
              "nodeId" : "zPwY7y6SmEMExrghnkxhxpWF"
            }
          }, {
            "type" : 67,
            "typeName" : "BTMParameterQueryWithOccurrenceList",
            "message" : {
              "queries" : [ ],
              "parameterId" : "primaryAxisQuery",
              "libraryRelationType" : "NONE",
              "parameterName" : "",
              "hasUserCode" : false,
              "nodeId" : "+8JNe/kFTYfOt6hT/BZtAd4+"
            }
          }, {
            "type" : 67,
            "typeName" : "BTMParameterQueryWithOccurrenceList",
            "message" : {
              "queries" : [ ],
              "parameterId" : "secondaryAxisQuery",
              "libraryRelationType" : "NONE",
              "parameterName" : "",
              "hasUserCode" : false,
              "nodeId" : "0VXNWLBuQ8pkWyPC8Da4byDf"
            }
          }, {
            "type" : 144,
            "typeName" : "BTMParameterBoolean",
            "message" : {
              "value" : false,
              "parameterId" : "transform",
              "libraryRelationType" : "NONE",
              "parameterName" : "",
              "hasUserCode" : false,
              "nodeId" : "QrHr/MB3HcgrsGRMzyzO7Rzb"
            }
          }, {
            "type" : 147,
            "typeName" : "BTMParameterQuantity",
            "message" : {
              "units" : "",
              "value" : 0.0,
              "expression" : "0.0*mm",
              "isInteger" : false,
              "parameterId" : "translationX",
              "libraryRelationType" : "NONE",
              "parameterName" : "",
              "hasUserCode" : false,
              "nodeId" : "pCFKt0F7S3nyMHpnsPKlJ88u"
            }
          }, {
            "type" : 147,
            "typeName" : "BTMParameterQuantity",
            "message" : {
              "units" : "",
              "value" : 0.0,
              "expression" : "0.0*mm",
              "isInteger" : false,
              "parameterId" : "translationY",
              "libraryRelationType" : "NONE",
              "parameterName" : "",
              "hasUserCode" : false,
              "nodeId" : "5C/IqHjtvDQ0S3IE5eeBArXI"
            }
          }, {
            "type" : 147,
            "typeName" : "BTMParameterQuantity",
            "message" : {
              "units" : "",
              "value" : 0.0,
              "expression" : "0.0*mm",
              "isInteger" : false,
              "parameterId" : "translationZ",
              "libraryRelationType" : "NONE",
              "parameterName" : "",
              "hasUserCode" : false,
              "nodeId" : "FZV71vhs1zoW3Htg8lBjuWj5"
            }
          }, {
            "type" : 145,
            "typeName" : "BTMParameterEnum",
            "message" : {
              "enumName" : "Rotation axis",
              "value" : "ABOUT_Z",
              "namespace" : "",
              "parameterId" : "rotationType",
              "libraryRelationType" : "NONE",
              "parameterName" : "",
              "hasUserCode" : false,
              "nodeId" : "hYOk4W96tnPp9nVEZFxMzJuz"
            }
          }, {
            "type" : 147,
            "typeName" : "BTMParameterQuantity",
            "message" : {
              "units" : "",
              "value" : 0.0,
              "expression" : "0.0*deg",
              "isInteger" : false,
              "parameterId" : "rotation",
              "libraryRelationType" : "NONE",
              "parameterName" : "",
              "hasUserCode" : false,
              "nodeId" : "ipQQJ00G9o00atN4X7+iHMjo"
            }
          }, {
            "type" : 144,
            "typeName" : "BTMParameterBoolean",
            "message" : {
              "value" : false,
              "parameterId" : "flipPrimary",
              "libraryRelationType" : "NONE",
              "parameterName" : "",
              "hasUserCode" : false,
              "nodeId" : "pjStDUuLo7eNte6iFBuF+gSk"
            }
          }, {
            "type" : 145,
            "typeName" : "BTMParameterEnum",
            "message" : {
              "enumName" : "Reorient secondary axis",
              "value" : "PLUS_X",
              "namespace" : "",
              "parameterId" : "secondaryAxisType",
              "libraryRelationType" : "NONE",
              "parameterName" : "",
              "hasUserCode" : false,
              "nodeId" : "LZ/JFgNN0fP9H5PQxBbyz4ZX"
            }
          } ],
          "suppressed" : false,
          "namespace" : "",
          "subFeatures" : [ ],
          "returnAfterSubfeatures" : false,
          "suppressionState" : {
            "type" : 0
          },
          "parameterLibraries" : [ ],
          "hasUserCode" : false,
          "nodeId" : "M2x2wFIV+jiSyUgHO"
        }
      } ],
      "version" : 2,
      "featureType" : "mate",
      "featureId" : "MJrJRQbECE64hl+FJ",
      "name" : "hip_right_yaw_joint",
      "parameters" : [ {
        "type" : 145,
        "typeName" : "BTMParameterEnum",
        "message" : {
          "enumName" : "Mate type",
          "value" : "REVOLUTE",
          "namespace" : "",
          "parameterId" : "mateType",
          "libraryRelationType" : "NONE",
          "parameterName" : "",
          "hasUserCode" : false,
          "nodeId" : "CjGLYY2DmjIDxOb4"
        }
      }, {
        "type" : 67,
        "typeName" : "BTMParameterQueryWithOccurrenceList",
        "message" : {
          "queries" : [ {
            "type" : 157,
            "typeName" : "BTMFeatureQueryWithOccurrence",
            "message" : {
              "featureId" : "Mm9Wacn8NJFNyHlM+",
              "queryData" : "",
              "path" : [ ],
              "hasUserCode" : false,
              "nodeId" : "MkanedpAcY8PYj3W4"
            }
          }, {
            "type" : 157,
            "typeName" : "BTMFeatureQueryWithOccurrence",
            "message" : {
              "featureId" : "M2x2wFIV+jiSyUgHO",
              "queryData" : "",
              "path" : [ ],
              "hasUserCode" : false,
              "nodeId" : "Mq/jcycELHTtjHDeG"
            }
          } ],
          "parameterId" : "mateConnectorsQuery",
          "libraryRelationType" : "NONE",
          "parameterName" : "",
          "hasUserCode" : false,
          "nodeId" : "Uvp/fBMveBEIeHsh"
        }
      }, {
        "type" : 144,
        "typeName" : "BTMParameterBoolean",
        "message" : {
          "value" : false,
          "parameterId" : "mateOffsetEnabled",
          "libraryRelationType" : "NONE",
          "parameterName" : "",
          "hasUserCode" : false,
          "nodeId" : "Fq24nONLkiAXQ3pZ"
        }
      }, {
        "type" : 147,
        "typeName" : "BTMParameterQuantity",
        "message" : {
          "units" : "",
          "value" : 0.0,
          "expression" : "0 mm",
          "isInteger" : false,
          "parameterId" : "mateOffsetDistanceX",
          "libraryRelationType" : "NONE",
          "parameterName" : "",
          "hasUserCode" : false,
          "nodeId" : "J01lbakKfO39zQLR"
        }
      }, {
        "type" : 147,
        "typeName" : "BTMParameterQuantity",
        "message" : {
          "units" : "",
          "value" : 0.0,
          "expression" : "0 mm",
          "isInteger" : false,
          "parameterId" : "mateOffsetDistanceY",
          "libraryRelationType" : "NONE",
          "parameterName" : "",
          "hasUserCode" : false,
          "nodeId" : "Yn3odD67vYxgAloz"
        }
      }, {
        "type" : 147,
        "typeName" : "BTMParameterQuantity",
        "message" : {
          "units" : "",
          "value" : 0.0,
          "expression" : "0 mm",
          "isInteger" : false,
          "parameterId" : "mateOffsetDistanceZ",
          "libraryRelationType" : "NONE",
          "parameterName" : "",
          "hasUserCode" : false,
          "nodeId" : "+4ez7plty41xYsrW"
        }
      }, {
        "type" : 145,
        "typeName" : "BTMParameterEnum",
        "message" : {
          "enumName" : "Rotation axis",
          "value" : "ABOUT_X",
          "namespace" : "",
          "parameterId" : "rotationType",
          "libraryRelationType" : "NONE",
          "parameterName" : "",
          "hasUserCode" : false,
          "nodeId" : "JQbv48wOpAdy9Fun"
        }
      }, {
        "type" : 147,
        "typeName" : "BTMParameterQuantity",
        "message" : {
          "units" : "",
          "value" : 0.0,
          "expression" : "0 deg",
          "isInteger" : false,
          "parameterId" : "rotation",
          "libraryRelationType" : "NONE",
          "parameterName" : "",
          "hasUserCode" : false,
          "nodeId" : "VpNgUs/1bVBz3/dA"
        }
      }, {
        "type" : 144,
        "typeName" : "BTMParameterBoolean",
        "message" : {
          "value" : false,
          "parameterId" : "limitsEnabled",
          "libraryRelationType" : "NONE",
          "parameterName" : "",
          "hasUserCode" : false,
          "nodeId" : "eCgN0IZOQKdsLdw6"
        }
      }, {
        "type" : 807,
        "typeName" : "BTMParameterNullableQuantity",
        "message" : {
          "isNull" : false,
          "nullValue" : "No minimum",
          "units" : "",
          "value" : 0.0,
          "expression" : "0 mm",
          "isInteger" : false,
          "parameterId" : "limitXMin",
          "libraryRelationType" : "NONE",
          "parameterName" : "",
          "hasUserCode" : false,
          "nodeId" : "rTt+zif5FBjaoV9K"
        }
      }, {
        "type" : 807,
        "typeName" : "BTMParameterNullableQuantity",
        "message" : {
          "isNull" : false,
          "nullValue" : "No maximum",
          "units" : "",
          "value" : 0.0,
          "expression" : "0 mm",
          "isInteger" : false,
          "parameterId" : "limitXMax",
          "libraryRelationType" : "NONE",
          "parameterName" : "",
          "hasUserCode" : false,
          "nodeId" : "l0x1fX/+0OgfKKsa"
        }
      }, {
        "type" : 807,
        "typeName" : "BTMParameterNullableQuantity",
        "message" : {
          "isNull" : false,
          "nullValue" : "No minimum",
          "units" : "",
          "value" : 0.0,
          "expression" : "0 mm",
          "isInteger" : false,
          "parameterId" : "limitYMin",
          "libraryRelationType" : "NONE",
          "parameterName" : "",
          "hasUserCode" : false,
          "nodeId" : "MAoq/jyTvlGuHYf7"
        }
      }, {
        "type" : 807,
        "typeName" : "BTMParameterNullableQuantity",
        "message" : {
          "isNull" : false,
          "nullValue" : "No maximum",
          "units" : "",
          "value" : 0.0,
          "expression" : "0 mm",
          "isInteger" : false,
          "parameterId" : "limitYMax",
          "libraryRelationType" : "NONE",
          "parameterName" : "",
          "hasUserCode" : false,
          "nodeId" : "ltJo0PEUL7yZ15EZ"
        }
      }, {
        "type" : 807,
        "typeName" : "BTMParameterNullableQuantity",
        "message" : {
          "isNull" : false,
          "nullValue" : "No minimum",
          "units" : "",
          "value" : 0.0,
          "expression" : "0 mm",
          "isInteger" : false,
          "parameterId" : "limitZMin",
          "libraryRelationType" : "NONE",
          "parameterName" : "",
          "hasUserCode" : false,
          "nodeId" : "PtrJKzfMWOQxxCaR"
        }
      }, {
        "type" : 807,
        "typeName" : "BTMParameterNullableQuantity",
        "message" : {
          "isNull" : false,
          "nullValue" : "No maximum",
          "units" : "",
          "value" : 0.0,
          "expression" : "0 mm",
          "isInteger" : false,
          "parameterId" : "limitZMax",
          "libraryRelationType" : "NONE",
          "parameterName" : "",
          "hasUserCode" : false,
          "nodeId" : "6tCxVjor9q06gg6y"
        }
      }, {
        "type" : 807,
        "typeName" : "BTMParameterNullableQuantity",
        "message" : {
          "isNull" : false,
          "nullValue" : "No minimum",
          "units" : "",
          "value" : 0.0,
          "expression" : "0 deg",
          "isInteger" : false,
          "parameterId" : "limitAxialXMin",
          "libraryRelationType" : "NONE",
          "parameterName" : "",
          "hasUserCode" : false,
          "nodeId" : "SeF7S6x3ZwkY/EHL"
        }
      }, {
        "type" : 807,
        "typeName" : "BTMParameterNullableQuantity",
        "message" : {
          "isNull" : false,
          "nullValue" : "No maximum",
          "units" : "",
          "value" : 0.0,
          "expression" : "0 deg",
          "isInteger" : false,
          "parameterId" : "limitAxialXMax",
          "libraryRelationType" : "NONE",
          "parameterName" : "",
          "hasUserCode" : false,
          "nodeId" : "1s4G+HqJylrmUduO"
        }
      }, {
        "type" : 807,
        "typeName" : "BTMParameterNullableQuantity",
        "message" : {
          "isNull" : false,
          "nullValue" : "No minimum",
          "units" : "",
          "value" : 0.0,
          "expression" : "0 deg",
          "isInteger" : false,
          "parameterId" : "limitAxialYMin",
          "libraryRelationType" : "NONE",
          "parameterName" : "",
          "hasUserCode" : false,
          "nodeId" : "OztCf5hb34TmdXeI"
        }
      }, {
        "type" : 807,
        "typeName" : "BTMParameterNullableQuantity",
        "message" : {
          "isNull" : false,
          "nullValue" : "No maximum",
          "units" : "",
          "value" : 0.0,
          "expression" : "0 deg",
          "isInteger" : false,
          "parameterId" : "limitAxialYMax",
          "libraryRelationType" : "NONE",
          "parameterName" : "",
          "hasUserCode" : false,
          "nodeId" : "04OiolMg/LVvX8sV"
        }
      }, {
        "type" : 807,
        "typeName" : "BTMParameterNullableQuantity",
        "message" : {
          "isNull" : false,
          "nullValue" : "No minimum",
          "units" : "",
          "value" : 0.0,
          "expression" : "0 deg",
          "isInteger" : false,
          "parameterId" : "limitAxialZMin",
          "libraryRelationType" : "NONE",
          "parameterName" : "",
          "hasUserCode" : false,
          "nodeId" : "VEjyYpumtEsC0VGc"
        }
      }, {
        "type" : 807,
        "typeName" : "BTMParameterNullableQuantity",
        "message" : {
          "isNull" : false,
          "nullValue" : "No maximum",
          "units" : "",
          "value" : 0.0,
          "expression" : "0 deg",
          "isInteger" : false,
          "parameterId" : "limitAxialZMax",
          "libraryRelationType" : "NONE",
          "parameterName" : "",
          "hasUserCode" : false,
          "nodeId" : "ENcoGWLaYB+1egZ0"
        }
      }, {
        "type" : 807,
        "typeName" : "BTMParameterNullableQuantity",
        "message" : {
          "isNull" : false,
          "nullValue" : "No maximum",
          "units" : "",
          "value" : 0.0,
          "expression" : "0 deg",
          "isInteger" : false,
          "parameterId" : "limitEulerConeAngleMax",
          "libraryRelationType" : "NONE",
          "parameterName" : "",
          "hasUserCode" : false,
          "nodeId" : "u01oya4ofHwDag3S"
        }
      }, {
        "type" : 144,
        "typeName" : "BTMParameterBoolean",
        "message" : {
          "value" : false,
          "parameterId" : "functionalconnection",
          "libraryRelationType" : "NONE",
          "parameterName" : "",
          "hasUserCode" : false,
          "nodeId" : "gq43+9c03VH7V1WG"
        }
      }, {
        "type" : 67,
        "typeName" : "BTMParameterQueryWithOccurrenceList",
        "message" : {
          "queries" : [ ],
          "parameterId" : "facestoconnect",
          "libraryRelationType" : "NONE",
          "parameterName" : "",
          "hasUserCode" : false,
          "nodeId" : "UQD18IgMICT9R0Pq"
        }
      }, {
        "type" : 144,
        "typeName" : "BTMParameterBoolean",
        "message" : {
          "value" : true,
          "parameterId" : "primaryAxisAlignment",
          "libraryRelationType" : "NONE",
          "parameterName" : "",
          "hasUserCode" : false,
          "nodeId" : "I+ufPK+yD4k6ZTWN"
        }
      }, {
        "type" : 145,
        "typeName" : "BTMParameterEnum",
        "message" : {
          "enumName" : "Reorient secondary axis",
          "value" : "PLUS_Y",
          "namespace" : "",
          "parameterId" : "secondaryAxisAlignment",
          "libraryRelationType" : "NONE",
          "parameterName" : "",
          "hasUserCode" : false,
          "nodeId" : "mBRqgseJf64LpeCW"
        }
      } ],
      "suppressed" : false,
      "namespace" : "",
      "subFeatures" : [ ],
      "returnAfterSubfeatures" : false,
      "suppressionState" : {
        "type" : 0
      },
      "parameterLibraries" : [ ],
      "hasUserCode" : false,
      "nodeId" : "MJrJRQbECE64hl+FJ"
    }
  }, {
    "type" : 64,
    "typeName" : "BTMMate",
    "message" : {
      "mateConnectors" : [ {
        "type" : 66,
        "typeName" : "BTMMateConnector",
        "message" : {
          "isHidden" : true,
          "implicit" : true,
          "isAuxiliaryTreeMateConnector" : false,
          "version" : 9,
          "featureType" : "mateConnector",
          "featureId" : "MMTUwJPfi12ODvjBm",
          "name" : "Mate connector",
          "parameters" : [ {
            "type" : 145,
            "typeName" : "BTMParameterEnum",
            "message" : {
              "enumName" : "Origin type",
              "value" : "ON_ENTITY",
              "namespace" : "",
              "parameterId" : "originType",
              "libraryRelationType" : "NONE",
              "parameterName" : "",
              "hasUserCode" : false,
              "nodeId" : "ciFW+XJ8DCuwhKduecowOPFN"
            }
          }, {
            "type" : 67,
            "typeName" : "BTMParameterQueryWithOccurrenceList",
            "message" : {
              "queries" : [ {
                "type" : 1083,
                "typeName" : "BTMInferenceQueryWithOccurrence",
                "message" : {
                  "secondGeometryId" : "",
                  "inferenceType" : "CENTER",
                  "geometryIds" : [ "LZlFC" ],
                  "path" : [ "MY/nru55Q+aY2IEmW" ],
                  "hasUserCode" : false,
                  "nodeId" : "FspOyTFQshiwlfh"
                }
              } ],
              "parameterId" : "originQuery",
              "libraryRelationType" : "NONE",
              "parameterName" : "",
              "hasUserCode" : false,
              "nodeId" : "MvOBcyr1gM8X41Ul7JQKYQ/n"
            }
          }, {
            "type" : 67,
            "typeName" : "BTMParameterQueryWithOccurrenceList",
            "message" : {
              "queries" : [ ],
              "parameterId" : "originAdditionalQuery",
              "libraryRelationType" : "NONE",
              "parameterName" : "",
              "hasUserCode" : false,
              "nodeId" : "S7uM0R6PdeBC0x5Kws5oaxre"
            }
          }, {
            "type" : 144,
            "typeName" : "BTMParameterBoolean",
            "message" : {
              "value" : false,
              "parameterId" : "realign",
              "libraryRelationType" : "NONE",
              "parameterName" : "",
              "hasUserCode" : false,
              "nodeId" : "vUM1uT2YX29FSaq3JU3bn6AD"
            }
          }, {
            "type" : 67,
            "typeName" : "BTMParameterQueryWithOccurrenceList",
            "message" : {
              "queries" : [ ],
              "parameterId" : "primaryAxisQuery",
              "libraryRelationType" : "NONE",
              "parameterName" : "",
              "hasUserCode" : false,
              "nodeId" : "OgwIlD0uSshY8p1/2FPRQZ8E"
            }
          }, {
            "type" : 67,
            "typeName" : "BTMParameterQueryWithOccurrenceList",
            "message" : {
              "queries" : [ ],
              "parameterId" : "secondaryAxisQuery",
              "libraryRelationType" : "NONE",
              "parameterName" : "",
              "hasUserCode" : false,
              "nodeId" : "Ld1tZpxEdV9c3K46W5/TBzB+"
            }
          }, {
            "type" : 144,
            "typeName" : "BTMParameterBoolean",
            "message" : {
              "value" : false,
              "parameterId" : "transform",
              "libraryRelationType" : "NONE",
              "parameterName" : "",
              "hasUserCode" : false,
              "nodeId" : "NEp98WGyMwUOicBhfp2saxdz"
            }
          }, {
            "type" : 147,
            "typeName" : "BTMParameterQuantity",
            "message" : {
              "units" : "",
              "value" : 0.0,
              "expression" : "0.0*mm",
              "isInteger" : false,
              "parameterId" : "translationX",
              "libraryRelationType" : "NONE",
              "parameterName" : "",
              "hasUserCode" : false,
              "nodeId" : "xrMouGc8xB2UA2LRCAnKMi1W"
            }
          }, {
            "type" : 147,
            "typeName" : "BTMParameterQuantity",
            "message" : {
              "units" : "",
              "value" : 0.0,
              "expression" : "0.0*mm",
              "isInteger" : false,
              "parameterId" : "translationY",
              "libraryRelationType" : "NONE",
              "parameterName" : "",
              "hasUserCode" : false,
              "nodeId" : "/oih2x/Moug6mKk4FqvQD32o"
            }
          }, {
            "type" : 147,
            "typeName" : "BTMParameterQuantity",
            "message" : {
              "units" : "",
              "value" : 0.0,
              "expression" : "0.0*mm",
              "isInteger" : false,
              "parameterId" : "translationZ",
              "libraryRelationType" : "NONE",
              "parameterName" : "",
              "hasUserCode" : false,
              "nodeId" : "sInXypnEt6G2zAIx8d1Bfey4"
            }
          }, {
            "type" : 145,
            "typeName" : "BTMParameterEnum",
            "message" : {
              "enumName" : "Rotation axis",
              "value" : "ABOUT_Z",
              "namespace" : "",
              "parameterId" : "rotationType",
              "libraryRelationType" : "NONE",
              "parameterName" : "",
              "hasUserCode" : false,
              "nodeId" : "WURF7jBNtWhE14i9WeeAll5h"
            }
          }, {
            "type" : 147,
            "typeName" : "BTMParameterQuantity",
            "message" : {
              "units" : "",
              "value" : 0.0,
              "expression" : "0.0*deg",
              "isInteger" : false,
              "parameterId" : "rotation",
              "libraryRelationType" : "NONE",
              "parameterName" : "",
              "hasUserCode" : false,
              "nodeId" : "Gc1APhwInYl4RHkigKDJmTsA"
            }
          }, {
            "type" : 144,
            "typeName" : "BTMParameterBoolean",
            "message" : {
              "value" : false,
              "parameterId" : "flipPrimary",
              "libraryRelationType" : "NONE",
              "parameterName" : "",
              "hasUserCode" : false,
              "nodeId" : "Zj1O7aUeyNA9hPRmmjbw3qHp"
            }
          }, {
            "type" : 145,
            "typeName" : "BTMParameterEnum",
            "message" : {
              "enumName" : "Reorient secondary axis",
              "value" : "PLUS_X",
              "namespace" : "",
              "parameterId" : "secondaryAxisType",
              "libraryRelationType" : "NONE",
              "parameterName" : "",
              "hasUserCode" : false,
              "nodeId" : "N7fMyoWKKfyBmbMGVBeHJ2MN"
            }
          } ],
          "suppressed" : false,
          "namespace" : "",
          "subFeatures" : [ ],
          "returnAfterSubfeatures" : false,
          "suppressionState" : {
            "type" : 0
          },
          "parameterLibraries" : [ ],
          "hasUserCode" : false,
          "nodeId" : "MMTUwJPfi12ODvjBm"
        }
      }, {
        "type" : 66,
        "typeName" : "BTMMateConnector",
        "message" : {
          "isHidden" : true,
          "implicit" : true,
          "isAuxiliaryTreeMateConnector" : false,
          "version" : 9,
          "featureType" : "mateConnector",
          "featureId" : "MGPQ/Zhm0o6wBuRGf",
          "name" : "Mate connector",
          "parameters" : [ {
            "type" : 145,
            "typeName" : "BTMParameterEnum",
            "message" : {
              "enumName" : "Origin type",
              "value" : "ON_ENTITY",
              "namespace" : "",
              "parameterId" : "originType",
              "libraryRelationType" : "NONE",
              "parameterName" : "",
              "hasUserCode" : false,
              "nodeId" : "vstNutlYMN02owUGqqQCDS8j"
            }
          }, {
            "type" : 67,
            "typeName" : "BTMParameterQueryWithOccurrenceList",
            "message" : {
              "queries" : [ {
                "type" : 1083,
                "typeName" : "BTMInferenceQueryWithOccurrence",
                "message" : {
                  "secondGeometryId" : "",
                  "inferenceType" : "CENTER",
                  "geometryIds" : [ "KZFL" ],
                  "path" : [ "ML+jQ+vOCD6s0Ywpz" ],
                  "hasUserCode" : false,
                  "nodeId" : "FPtwmAnnDgrKipS"
                }
              } ],
              "parameterId" : "originQuery",
              "libraryRelationType" : "NONE",
              "parameterName" : "",
              "hasUserCode" : false,
              "nodeId" : "mOFJZecRr1aN4Oyl7yhO8OAw"
            }
          }, {
            "type" : 67,
            "typeName" : "BTMParameterQueryWithOccurrenceList",
            "message" : {
              "queries" : [ ],
              "parameterId" : "originAdditionalQuery",
              "libraryRelationType" : "NONE",
              "parameterName" : "",
              "hasUserCode" : false,
              "nodeId" : "zQm1m50O4aTCoV0Q0rYSkLXN"
            }
          }, {
            "type" : 144,
            "typeName" : "BTMParameterBoolean",
            "message" : {
              "value" : false,
              "parameterId" : "realign",
              "libraryRelationType" : "NONE",
              "parameterName" : "",
              "hasUserCode" : false,
              "nodeId" : "KoAMwrREFidrwz7FNq2H1G+t"
            }
          }, {
            "type" : 67,
            "typeName" : "BTMParameterQueryWithOccurrenceList",
            "message" : {
              "queries" : [ ],
              "parameterId" : "primaryAxisQuery",
              "libraryRelationType" : "NONE",
              "parameterName" : "",
              "hasUserCode" : false,
              "nodeId" : "QI8eJojlUBqbRVniV+GANyLX"
            }
          }, {
            "type" : 67,
            "typeName" : "BTMParameterQueryWithOccurrenceList",
            "message" : {
              "queries" : [ ],
              "parameterId" : "secondaryAxisQuery",
              "libraryRelationType" : "NONE",
              "parameterName" : "",
              "hasUserCode" : false,
              "nodeId" : "HzA1GXXR5QNRaH0AGkw4B/tc"
            }
          }, {
            "type" : 144,
            "typeName" : "BTMParameterBoolean",
            "message" : {
              "value" : false,
              "parameterId" : "transform",
              "libraryRelationType" : "NONE",
              "parameterName" : "",
              "hasUserCode" : false,
              "nodeId" : "7b2qSxtn6VacB3AE8AH0FmQb"
            }
          }, {
            "type" : 147,
            "typeName" : "BTMParameterQuantity",
            "message" : {
              "units" : "",
              "value" : 0.0,
              "expression" : "0.0*mm",
              "isInteger" : false,
              "parameterId" : "translationX",
              "libraryRelationType" : "NONE",
              "parameterName" : "",
              "hasUserCode" : false,
              "nodeId" : "gVtdQMFh2gjHqN/2y8Axtp/G"
            }
          }, {
            "type" : 147,
            "typeName" : "BTMParameterQuantity",
            "message" : {
              "units" : "",
              "value" : 0.0,
              "expression" : "0.0*mm",
              "isInteger" : false,
              "parameterId" : "translationY",
              "libraryRelationType" : "NONE",
              "parameterName" : "",
              "hasUserCode" : false,
              "nodeId" : "2pKaaTG1IrJdsHK+FwcjmfTM"
            }
          }, {
            "type" : 147,
            "typeName" : "BTMParameterQuantity",
            "message" : {
              "units" : "",
              "value" : 0.0,
              "expression" : "0.0*mm",
              "isInteger" : false,
              "parameterId" : "translationZ",
              "libraryRelationType" : "NONE",
              "parameterName" : "",
              "hasUserCode" : false,
              "nodeId" : "pUrXfYzsc8FGXGOx6NwixqQb"
            }
          }, {
            "type" : 145,
            "typeName" : "BTMParameterEnum",
            "message" : {
              "enumName" : "Rotation axis",
              "value" : "ABOUT_Z",
              "namespace" : "",
              "parameterId" : "rotationType",
              "libraryRelationType" : "NONE",
              "parameterName" : "",
              "hasUserCode" : false,
              "nodeId" : "pAtzlOX4k9UxNjxbtbHzlipO"
            }
          }, {
            "type" : 147,
            "typeName" : "BTMParameterQuantity",
            "message" : {
              "units" : "",
              "value" : 0.0,
              "expression" : "0.0*deg",
              "isInteger" : false,
              "parameterId" : "rotation",
              "libraryRelationType" : "NONE",
              "parameterName" : "",
              "hasUserCode" : false,
              "nodeId" : "7l6A3ffZz0c2hesD2HrsiWTm"
            }
          }, {
            "type" : 144,
            "typeName" : "BTMParameterBoolean",
            "message" : {
              "value" : false,
              "parameterId" : "flipPrimary",
              "libraryRelationType" : "NONE",
              "parameterName" : "",
              "hasUserCode" : false,
              "nodeId" : "851snXsf+a3SJZi5LAraNPCM"
            }
          }, {
            "type" : 145,
            "typeName" : "BTMParameterEnum",
            "message" : {
              "enumName" : "Reorient secondary axis",
              "value" : "PLUS_X",
              "namespace" : "",
              "parameterId" : "secondaryAxisType",
              "libraryRelationType" : "NONE",
              "parameterName" : "",
              "hasUserCode" : false,
              "nodeId" : "I8lefDoxwOCqCIj1RJlmXZnh"
            }
          } ],
          "suppressed" : false,
          "namespace" : "",
          "subFeatures" : [ ],
          "returnAfterSubfeatures" : false,
          "suppressionState" : {
            "type" : 0
          },
          "parameterLibraries" : [ ],
          "hasUserCode" : false,
          "nodeId" : "MGPQ/Zhm0o6wBuRGf"
        }
      } ],
      "version" : 2,
      "featureType" : "mate",
      "featureId" : "MyE68yWyvx52DkW4v",
      "name" : "hip_right_roll_joint",
      "parameters" : [ {
        "type" : 145,
        "typeName" : "BTMParameterEnum",
        "message" : {
          "enumName" : "Mate type",
          "value" : "REVOLUTE",
          "namespace" : "",
          "parameterId" : "mateType",
          "libraryRelationType" : "NONE",
          "parameterName" : "",
          "hasUserCode" : false,
          "nodeId" : "0Pi+y0lnZArhPGeR"
        }
      }, {
        "type" : 67,
        "typeName" : "BTMParameterQueryWithOccurrenceList",
        "message" : {
          "queries" : [ {
            "type" : 157,
            "typeName" : "BTMFeatureQueryWithOccurrence",
            "message" : {
              "featureId" : "MMTUwJPfi12ODvjBm",
              "queryData" : "",
              "path" : [ ],
              "hasUserCode" : false,
              "nodeId" : "MJ4fiVmhwQwNt3HG5"
            }
          }, {
            "type" : 157,
            "typeName" : "BTMFeatureQueryWithOccurrence",
            "message" : {
              "featureId" : "MGPQ/Zhm0o6wBuRGf",
              "queryData" : "",
              "path" : [ ],
              "hasUserCode" : false,
              "nodeId" : "MIEwc6CC2ArBGCBiK"
            }
          } ],
          "parameterId" : "mateConnectorsQuery",
          "libraryRelationType" : "NONE",
          "parameterName" : "",
          "hasUserCode" : false,
          "nodeId" : "pq9yIgUUdIcUkZQS"
        }
      }, {
        "type" : 144,
        "typeName" : "BTMParameterBoolean",
        "message" : {
          "value" : false,
          "parameterId" : "mateOffsetEnabled",
          "libraryRelationType" : "NONE",
          "parameterName" : "",
          "hasUserCode" : false,
          "nodeId" : "DprZ9BzdOpA83XB6"
        }
      }, {
        "type" : 147,
        "typeName" : "BTMParameterQuantity",
        "message" : {
          "units" : "",
          "value" : 0.0,
          "expression" : "0 mm",
          "isInteger" : false,
          "parameterId" : "mateOffsetDistanceX",
          "libraryRelationType" : "NONE",
          "parameterName" : "",
          "hasUserCode" : false,
          "nodeId" : "mYeYbcARJ2SvysSh"
        }
      }, {
        "type" : 147,
        "typeName" : "BTMParameterQuantity",
        "message" : {
          "units" : "",
          "value" : 0.0,
          "expression" : "0 mm",
          "isInteger" : false,
          "parameterId" : "mateOffsetDistanceY",
          "libraryRelationType" : "NONE",
          "parameterName" : "",
          "hasUserCode" : false,
          "nodeId" : "dOtEiEyxhQlyVzWC"
        }
      }, {
        "type" : 147,
        "typeName" : "BTMParameterQuantity",
        "message" : {
          "units" : "",
          "value" : 0.0,
          "expression" : "0 mm",
          "isInteger" : false,
          "parameterId" : "mateOffsetDistanceZ",
          "libraryRelationType" : "NONE",
          "parameterName" : "",
          "hasUserCode" : false,
          "nodeId" : "ebG0/AvPRp6NdQX3"
        }
      }, {
        "type" : 145,
        "typeName" : "BTMParameterEnum",
        "message" : {
          "enumName" : "Rotation axis",
          "value" : "ABOUT_X",
          "namespace" : "",
          "parameterId" : "rotationType",
          "libraryRelationType" : "NONE",
          "parameterName" : "",
          "hasUserCode" : false,
          "nodeId" : "mc9We+19ZYYMS0eg"
        }
      }, {
        "type" : 147,
        "typeName" : "BTMParameterQuantity",
        "message" : {
          "units" : "",
          "value" : 0.0,
          "expression" : "0 deg",
          "isInteger" : false,
          "parameterId" : "rotation",
          "libraryRelationType" : "NONE",
          "parameterName" : "",
          "hasUserCode" : false,
          "nodeId" : "RUzYU8BavjSUvcZN"
        }
      }, {
        "type" : 144,
        "typeName" : "BTMParameterBoolean",
        "message" : {
          "value" : false,
          "parameterId" : "limitsEnabled",
          "libraryRelationType" : "NONE",
          "parameterName" : "",
          "hasUserCode" : false,
          "nodeId" : "IINkcF+ZCSzbEs51"
        }
      }, {
        "type" : 807,
        "typeName" : "BTMParameterNullableQuantity",
        "message" : {
          "isNull" : false,
          "nullValue" : "No minimum",
          "units" : "",
          "value" : 0.0,
          "expression" : "0 mm",
          "isInteger" : false,
          "parameterId" : "limitXMin",
          "libraryRelationType" : "NONE",
          "parameterName" : "",
          "hasUserCode" : false,
          "nodeId" : "UYmwiyMD+8NSHADW"
        }
      }, {
        "type" : 807,
        "typeName" : "BTMParameterNullableQuantity",
        "message" : {
          "isNull" : false,
          "nullValue" : "No maximum",
          "units" : "",
          "value" : 0.0,
          "expression" : "0 mm",
          "isInteger" : false,
          "parameterId" : "limitXMax",
          "libraryRelationType" : "NONE",
          "parameterName" : "",
          "hasUserCode" : false,
          "nodeId" : "rs1cbCmwhUgkNqYY"
        }
      }, {
        "type" : 807,
        "typeName" : "BTMParameterNullableQuantity",
        "message" : {
          "isNull" : false,
          "nullValue" : "No minimum",
          "units" : "",
          "value" : 0.0,
          "expression" : "0 mm",
          "isInteger" : false,
          "parameterId" : "limitYMin",
          "libraryRelationType" : "NONE",
          "parameterName" : "",
          "hasUserCode" : false,
          "nodeId" : "hH8mNi5ksMJJj3xL"
        }
      }, {
        "type" : 807,
        "typeName" : "BTMParameterNullableQuantity",
        "message" : {
          "isNull" : false,
          "nullValue" : "No maximum",
          "units" : "",
          "value" : 0.0,
          "expression" : "0 mm",
          "isInteger" : false,
          "parameterId" : "limitYMax",
          "libraryRelationType" : "NONE",
          "parameterName" : "",
          "hasUserCode" : false,
          "nodeId" : "QHZkdGG8fwfCR22b"
        }
      }, {
        "type" : 807,
        "typeName" : "BTMParameterNullableQuantity",
        "message" : {
          "isNull" : false,
          "nullValue" : "No minimum",
          "units" : "",
          "value" : 0.0,
          "expression" : "0 mm",
          "isInteger" : false,
          "parameterId" : "limitZMin",
          "libraryRelationType" : "NONE",
          "parameterName" : "",
          "hasUserCode" : false,
          "nodeId" : "76KHChpm9ORZchFJ"
        }
      }, {
        "type" : 807,
        "typeName" : "BTMParameterNullableQuantity",
        "message" : {
          "isNull" : false,
          "nullValue" : "No maximum",
          "units" : "",
          "value" : 0.0,
          "expression" : "0 mm",
          "isInteger" : false,
          "parameterId" : "limitZMax",
          "libraryRelationType" : "NONE",
          "parameterName" : "",
          "hasUserCode" : false,
          "nodeId" : "TyDLla9XTd2EXYhM"
        }
      }, {
        "type" : 807,
        "typeName" : "BTMParameterNullableQuantity",
        "message" : {
          "isNull" : false,
          "nullValue" : "No minimum",
          "units" : "",
          "value" : 0.0,
          "expression" : "0 deg",
          "isInteger" : false,
          "parameterId" : "limitAxialXMin",
          "libraryRelationType" : "NONE",
          "parameterName" : "",
          "hasUserCode" : false,
          "nodeId" : "k68rLFKVLaF8NHKA"
        }
      }, {
        "type" : 807,
        "typeName" : "BTMParameterNullableQuantity",
        "message" : {
          "isNull" : false,
          "nullValue" : "No maximum",
          "units" : "",
          "value" : 0.0,
          "expression" : "0 deg",
          "isInteger" : false,
          "parameterId" : "limitAxialXMax",
          "libraryRelationType" : "NONE",
          "parameterName" : "",
          "hasUserCode" : false,
          "nodeId" : "aT4uPEIRrphfCQ2D"
        }
      }, {
        "type" : 807,
        "typeName" : "BTMParameterNullableQuantity",
        "message" : {
          "isNull" : false,
          "nullValue" : "No minimum",
          "units" : "",
          "value" : 0.0,
          "expression" : "0 deg",
          "isInteger" : false,
          "parameterId" : "limitAxialYMin",
          "libraryRelationType" : "NONE",
          "parameterName" : "",
          "hasUserCode" : false,
          "nodeId" : "nOdbqGYMG2NE2buA"
        }
      }, {
        "type" : 807,
        "typeName" : "BTMParameterNullableQuantity",
        "message" : {
          "isNull" : false,
          "nullValue" : "No maximum",
          "units" : "",
          "value" : 0.0,
          "expression" : "0 deg",
          "isInteger" : false,
          "parameterId" : "limitAxialYMax",
          "libraryRelationType" : "NONE",
          "parameterName" : "",
          "hasUserCode" : false,
          "nodeId" : "F3Ys5UemNtnsr7sM"
        }
      }, {
        "type" : 807,
        "typeName" : "BTMParameterNullableQuantity",
        "message" : {
          "isNull" : false,
          "nullValue" : "No minimum",
          "units" : "",
          "value" : 0.0,
          "expression" : "0 deg",
          "isInteger" : false,
          "parameterId" : "limitAxialZMin",
          "libraryRelationType" : "NONE",
          "parameterName" : "",
          "hasUserCode" : false,
          "nodeId" : "l4etBvJWJ1jUbCcg"
        }
      }, {
        "type" : 807,
        "typeName" : "BTMParameterNullableQuantity",
        "message" : {
          "isNull" : false,
          "nullValue" : "No maximum",
          "units" : "",
          "value" : 0.0,
          "expression" : "0 deg",
          "isInteger" : false,
          "parameterId" : "limitAxialZMax",
          "libraryRelationType" : "NONE",
          "parameterName" : "",
          "hasUserCode" : false,
          "nodeId" : "OY0OkOK39ShjSJnj"
        }
      }, {
        "type" : 807,
        "typeName" : "BTMParameterNullableQuantity",
        "message" : {
          "isNull" : false,
          "nullValue" : "No maximum",
          "units" : "",
          "value" : 0.0,
          "expression" : "0 deg",
          "isInteger" : false,
          "parameterId" : "limitEulerConeAngleMax",
          "libraryRelationType" : "NONE",
          "parameterName" : "",
          "hasUserCode" : false,
          "nodeId" : "W4C1LtDBajmK3ckN"
        }
      }, {
        "type" : 144,
        "typeName" : "BTMParameterBoolean",
        "message" : {
          "value" : false,
          "parameterId" : "functionalconnection",
          "libraryRelationType" : "NONE",
          "parameterName" : "",
          "hasUserCode" : false,
          "nodeId" : "fY2jGrQKBl9KUeHi"
        }
      }, {
        "type" : 67,
        "typeName" : "BTMParameterQueryWithOccurrenceList",
        "message" : {
          "queries" : [ ],
          "parameterId" : "facestoconnect",
          "libraryRelationType" : "NONE",
          "parameterName" : "",
          "hasUserCode" : false,
          "nodeId" : "SlSX/XfoX+OA08vC"
        }
      }, {
        "type" : 144,
        "typeName" : "BTMParameterBoolean",
        "message" : {
          "value" : true,
          "parameterId" : "primaryAxisAlignment",
          "libraryRelationType" : "NONE",
          "parameterName" : "",
          "hasUserCode" : false,
          "nodeId" : "nW/CM8ctpg+UMU9H"
        }
      }, {
        "type" : 145,
        "typeName" : "BTMParameterEnum",
        "message" : {
          "enumName" : "Reorient secondary axis",
          "value" : "PLUS_X",
          "namespace" : "",
          "parameterId" : "secondaryAxisAlignment",
          "libraryRelationType" : "NONE",
          "parameterName" : "",
          "hasUserCode" : false,
          "nodeId" : "mR5mqfB+BVYsHI+L"
        }
      } ],
      "suppressed" : false,
      "namespace" : "",
      "subFeatures" : [ ],
      "returnAfterSubfeatures" : false,
      "suppressionState" : {
        "type" : 0
      },
      "parameterLibraries" : [ ],
      "hasUserCode" : false,
      "nodeId" : "MyE68yWyvx52DkW4v"
    }
  }, {
    "type" : 64,
    "typeName" : "BTMMate",
    "message" : {
      "mateConnectors" : [ {
        "type" : 66,
        "typeName" : "BTMMateConnector",
        "message" : {
          "isHidden" : true,
          "implicit" : true,
          "isAuxiliaryTreeMateConnector" : false,
          "version" : 9,
          "featureType" : "mateConnector",
          "featureId" : "M5EsLBtfTOwb1HtbE",
          "name" : "Mate connector",
          "parameters" : [ {
            "type" : 145,
            "typeName" : "BTMParameterEnum",
            "message" : {
              "enumName" : "Origin type",
              "value" : "ON_ENTITY",
              "namespace" : "",
              "parameterId" : "originType",
              "libraryRelationType" : "NONE",
              "parameterName" : "",
              "hasUserCode" : false,
              "nodeId" : "+UKGN9Qi00hmsZEbhGvmO/Uo"
            }
          }, {
            "type" : 67,
            "typeName" : "BTMParameterQueryWithOccurrenceList",
            "message" : {
              "queries" : [ {
                "type" : 1083,
                "typeName" : "BTMInferenceQueryWithOccurrence",
                "message" : {
                  "secondGeometryId" : "",
                  "inferenceType" : "CENTER",
                  "geometryIds" : [ "LclFC" ],
                  "path" : [ "MoM18oA1yPa6fx81Z" ],
                  "hasUserCode" : false,
                  "nodeId" : "FRCqFSG89qw93aV"
                }
              } ],
              "parameterId" : "originQuery",
              "libraryRelationType" : "NONE",
              "parameterName" : "",
              "hasUserCode" : false,
              "nodeId" : "R/na/EqGPo4++AfLy8zeNYx6"
            }
          }, {
            "type" : 67,
            "typeName" : "BTMParameterQueryWithOccurrenceList",
            "message" : {
              "queries" : [ ],
              "parameterId" : "originAdditionalQuery",
              "libraryRelationType" : "NONE",
              "parameterName" : "",
              "hasUserCode" : false,
              "nodeId" : "NmoE5mCwIBHro1FJbhIosLEg"
            }
          }, {
            "type" : 144,
            "typeName" : "BTMParameterBoolean",
            "message" : {
              "value" : false,
              "parameterId" : "realign",
              "libraryRelationType" : "NONE",
              "parameterName" : "",
              "hasUserCode" : false,
              "nodeId" : "EnHm53BJSeQa3E0RbTcKUiv0"
            }
          }, {
            "type" : 67,
            "typeName" : "BTMParameterQueryWithOccurrenceList",
            "message" : {
              "queries" : [ ],
              "parameterId" : "primaryAxisQuery",
              "libraryRelationType" : "NONE",
              "parameterName" : "",
              "hasUserCode" : false,
              "nodeId" : "uTJyr52SioxRnPiBksE0jFYW"
            }
          }, {
            "type" : 67,
            "typeName" : "BTMParameterQueryWithOccurrenceList",
            "message" : {
              "queries" : [ ],
              "parameterId" : "secondaryAxisQuery",
              "libraryRelationType" : "NONE",
              "parameterName" : "",
              "hasUserCode" : false,
              "nodeId" : "ycoTzRpuv/EQ2M4bHJohJB2X"
            }
          }, {
            "type" : 144,
            "typeName" : "BTMParameterBoolean",
            "message" : {
              "value" : false,
              "parameterId" : "transform",
              "libraryRelationType" : "NONE",
              "parameterName" : "",
              "hasUserCode" : false,
              "nodeId" : "D4k9UIaMfXlc2K2o+qx14TCF"
            }
          }, {
            "type" : 147,
            "typeName" : "BTMParameterQuantity",
            "message" : {
              "units" : "",
              "value" : 0.0,
              "expression" : "0.0*mm",
              "isInteger" : false,
              "parameterId" : "translationX",
              "libraryRelationType" : "NONE",
              "parameterName" : "",
              "hasUserCode" : false,
              "nodeId" : "PSFts1DsHYxCPGFjql4Ymbzx"
            }
          }, {
            "type" : 147,
            "typeName" : "BTMParameterQuantity",
            "message" : {
              "units" : "",
              "value" : 0.0,
              "expression" : "0.0*mm",
              "isInteger" : false,
              "parameterId" : "translationY",
              "libraryRelationType" : "NONE",
              "parameterName" : "",
              "hasUserCode" : false,
              "nodeId" : "SZjrMMIEoyv6KfRnXm1S0pOj"
            }
          }, {
            "type" : 147,
            "typeName" : "BTMParameterQuantity",
            "message" : {
              "units" : "",
              "value" : 0.0,
              "expression" : "0.0*mm",
              "isInteger" : false,
              "parameterId" : "translationZ",
              "libraryRelationType" : "NONE",
              "parameterName" : "",
              "hasUserCode" : false,
              "nodeId" : "RF26pTB7vH3yJWsdvLBxaG51"
            }
          }, {
            "type" : 145,
            "typeName" : "BTMParameterEnum",
            "message" : {
              "enumName" : "Rotation axis",
              "value" : "ABOUT_Z",
              "namespace" : "",
              "parameterId" : "rotationType",
              "libraryRelationType" : "NONE",
              "parameterName" : "",
              "hasUserCode" : false,
              "nodeId" : "tpqGpFO++wSrJWY5IxKy2NFE"
            }
          }, {
            "type" : 147,
            "typeName" : "BTMParameterQuantity",
            "message" : {
              "units" : "",
              "value" : 0.0,
              "expression" : "0.0*deg",
              "isInteger" : false,
              "parameterId" : "rotation",
              "libraryRelationType" : "NONE",
              "parameterName" : "",
              "hasUserCode" : false,
              "nodeId" : "rRpL8T7RRAQljC1sBzYnggV1"
            }
          }, {
            "type" : 144,
            "typeName" : "BTMParameterBoolean",
            "message" : {
              "value" : false,
              "parameterId" : "flipPrimary",
              "libraryRelationType" : "NONE",
              "parameterName" : "",
              "hasUserCode" : false,
              "nodeId" : "2gdn60soBl9ADnPB/AfA2ja3"
            }
          }, {
            "type" : 145,
            "typeName" : "BTMParameterEnum",
            "message" : {
              "enumName" : "Reorient secondary axis",
              "value" : "PLUS_X",
              "namespace" : "",
              "parameterId" : "secondaryAxisType",
              "libraryRelationType" : "NONE",
              "parameterName" : "",
              "hasUserCode" : false,
              "nodeId" : "lK1Fx/zz9F9CkjZzL3l7JXz0"
            }
          } ],
          "suppressed" : false,
          "namespace" : "",
          "subFeatures" : [ ],
          "returnAfterSubfeatures" : false,
          "suppressionState" : {
            "type" : 0
          },
          "parameterLibraries" : [ ],
          "hasUserCode" : false,
          "nodeId" : "M5EsLBtfTOwb1HtbE"
        }
      }, {
        "type" : 66,
        "typeName" : "BTMMateConnector",
        "message" : {
          "isHidden" : true,
          "implicit" : true,
          "isAuxiliaryTreeMateConnector" : false,
          "version" : 9,
          "featureType" : "mateConnector",
          "featureId" : "MwjKMeXSQGCMZ3dRR",
          "name" : "Mate connector",
          "parameters" : [ {
            "type" : 145,
            "typeName" : "BTMParameterEnum",
            "message" : {
              "enumName" : "Origin type",
              "value" : "ON_ENTITY",
              "namespace" : "",
              "parameterId" : "originType",
              "libraryRelationType" : "NONE",
              "parameterName" : "",
              "hasUserCode" : false,
              "nodeId" : "LHdmuzrROVYSD6NB0ceT8/xI"
            }
          }, {
            "type" : 67,
            "typeName" : "BTMParameterQueryWithOccurrenceList",
            "message" : {
              "queries" : [ {
                "type" : 1083,
                "typeName" : "BTMInferenceQueryWithOccurrence",
                "message" : {
                  "secondGeometryId" : "",
                  "inferenceType" : "CENTER",
                  "geometryIds" : [ "KTdL" ],
                  "path" : [ "MvxYl+0Bpt2+Q+PYv" ],
                  "hasUserCode" : false,
                  "nodeId" : "FhdyWaEANSzLkNH"
                }
              } ],
              "parameterId" : "originQuery",
              "libraryRelationType" : "NONE",
              "parameterName" : "",
              "hasUserCode" : false,
              "nodeId" : "othTvdihUEuYeb2p2S6SSe5/"
            }
          }, {
            "type" : 67,
            "typeName" : "BTMParameterQueryWithOccurrenceList",
            "message" : {
              "queries" : [ ],
              "parameterId" : "originAdditionalQuery",
              "libraryRelationType" : "NONE",
              "parameterName" : "",
              "hasUserCode" : false,
              "nodeId" : "h57hL559n+prp5FmxYTGMZHc"
            }
          }, {
            "type" : 144,
            "typeName" : "BTMParameterBoolean",
            "message" : {
              "value" : false,
              "parameterId" : "realign",
              "libraryRelationType" : "NONE",
              "parameterName" : "",
              "hasUserCode" : false,
              "nodeId" : "meAwickRy1Bc6DFsDJ4dPMp1"
            }
          }, {
            "type" : 67,
            "typeName" : "BTMParameterQueryWithOccurrenceList",
            "message" : {
              "queries" : [ ],
              "parameterId" : "primaryAxisQuery",
              "libraryRelationType" : "NONE",
              "parameterName" : "",
              "hasUserCode" : false,
              "nodeId" : "elFVohDAUi4lcTBVnBoF5901"
            }
          }, {
            "type" : 67,
            "typeName" : "BTMParameterQueryWithOccurrenceList",
            "message" : {
              "queries" : [ ],
              "parameterId" : "secondaryAxisQuery",
              "libraryRelationType" : "NONE",
              "parameterName" : "",
              "hasUserCode" : false,
              "nodeId" : "ChZxvnta9WwH+AnjevqMxXOC"
            }
          }, {
            "type" : 144,
            "typeName" : "BTMParameterBoolean",
            "message" : {
              "value" : false,
              "parameterId" : "transform",
              "libraryRelationType" : "NONE",
              "parameterName" : "",
              "hasUserCode" : false,
              "nodeId" : "VS6NEC/BuiIvBOYnBs3fzsYl"
            }
          }, {
            "type" : 147,
            "typeName" : "BTMParameterQuantity",
            "message" : {
              "units" : "",
              "value" : 0.0,
              "expression" : "0.0*mm",
              "isInteger" : false,
              "parameterId" : "translationX",
              "libraryRelationType" : "NONE",
              "parameterName" : "",
              "hasUserCode" : false,
              "nodeId" : "fz3OqCn7O8E7oWnHOJKK0iSs"
            }
          }, {
            "type" : 147,
            "typeName" : "BTMParameterQuantity",
            "message" : {
              "units" : "",
              "value" : 0.0,
              "expression" : "0.0*mm",
              "isInteger" : false,
              "parameterId" : "translationY",
              "libraryRelationType" : "NONE",
              "parameterName" : "",
              "hasUserCode" : false,
              "nodeId" : "cYN0tgUt9WetneUotB7Wi0/X"
            }
          }, {
            "type" : 147,
            "typeName" : "BTMParameterQuantity",
            "message" : {
              "units" : "",
              "value" : 0.0,
              "expression" : "0.0*mm",
              "isInteger" : false,
              "parameterId" : "translationZ",
              "libraryRelationType" : "NONE",
              "parameterName" : "",
              "hasUserCode" : false,
              "nodeId" : "XYW3qdsS3pKvvOEhdcP7a/O3"
            }
          }, {
            "type" : 145,
            "typeName" : "BTMParameterEnum",
            "message" : {
              "enumName" : "Rotation axis",
              "value" : "ABOUT_Z",
              "namespace" : "",
              "parameterId" : "rotationType",
              "libraryRelationType" : "NONE",
              "parameterName" : "",
              "hasUserCode" : false,
              "nodeId" : "HE+VWIWiAIJWz0291MS07hJw"
            }
          }, {
            "type" : 147,
            "typeName" : "BTMParameterQuantity",
            "message" : {
              "units" : "",
              "value" : 0.0,
              "expression" : "0.0*deg",
              "isInteger" : false,
              "parameterId" : "rotation",
              "libraryRelationType" : "NONE",
              "parameterName" : "",
              "hasUserCode" : false,
              "nodeId" : "Eoi0kTbvDpDROQDGUmfs5bEX"
            }
          }, {
            "type" : 144,
            "typeName" : "BTMParameterBoolean",
            "message" : {
              "value" : false,
              "parameterId" : "flipPrimary",
              "libraryRelationType" : "NONE",
              "parameterName" : "",
              "hasUserCode" : false,
              "nodeId" : "T1iVJvtqs8uIpBANUFzqpFyq"
            }
          }, {
            "type" : 145,
            "typeName" : "BTMParameterEnum",
            "message" : {
              "enumName" : "Reorient secondary axis",
              "value" : "PLUS_X",
              "namespace" : "",
              "parameterId" : "secondaryAxisType",
              "libraryRelationType" : "NONE",
              "parameterName" : "",
              "hasUserCode" : false,
              "nodeId" : "v1OzVZu0Hk8oi+Z+5T5RU3ij"
            }
          } ],
          "suppressed" : false,
          "namespace" : "",
          "subFeatures" : [ ],
          "returnAfterSubfeatures" : false,
          "suppressionState" : {
            "type" : 0
          },
          "parameterLibraries" : [ ],
          "hasUserCode" : false,
          "nodeId" : "MwjKMeXSQGCMZ3dRR"
        }
      } ],
      "version" : 2,
      "featureType" : "mate",
      "featureId" : "MjZYmdCURqqakzd/l",
      "name" : "hip_left_roll_joint",
      "parameters" : [ {
        "type" : 145,
        "typeName" : "BTMParameterEnum",
        "message" : {
          "enumName" : "Mate type",
          "value" : "REVOLUTE",
          "namespace" : "",
          "parameterId" : "mateType",
          "libraryRelationType" : "NONE",
          "parameterName" : "",
          "hasUserCode" : false,
          "nodeId" : "1jq1NuBHPbfmjB3B"
        }
      }, {
        "type" : 67,
        "typeName" : "BTMParameterQueryWithOccurrenceList",
        "message" : {
          "queries" : [ {
            "type" : 157,
            "typeName" : "BTMFeatureQueryWithOccurrence",
            "message" : {
              "featureId" : "M5EsLBtfTOwb1HtbE",
              "queryData" : "",
              "path" : [ ],
              "hasUserCode" : false,
              "nodeId" : "McNfxRheRaY0rPb0B"
            }
          }, {
            "type" : 157,
            "typeName" : "BTMFeatureQueryWithOccurrence",
            "message" : {
              "featureId" : "MwjKMeXSQGCMZ3dRR",
              "queryData" : "",
              "path" : [ ],
              "hasUserCode" : false,
              "nodeId" : "M7zumd0tKCVQmAg3L"
            }
          } ],
          "parameterId" : "mateConnectorsQuery",
          "libraryRelationType" : "NONE",
          "parameterName" : "",
          "hasUserCode" : false,
          "nodeId" : "BcQD5661T0rw+OjV"
        }
      }, {
        "type" : 144,
        "typeName" : "BTMParameterBoolean",
        "message" : {
          "value" : false,
          "parameterId" : "mateOffsetEnabled",
          "libraryRelationType" : "NONE",
          "parameterName" : "",
          "hasUserCode" : false,
          "nodeId" : "QZ+FCIRKDp8m+TVx"
        }
      }, {
        "type" : 147,
        "typeName" : "BTMParameterQuantity",
        "message" : {
          "units" : "",
          "value" : 0.0,
          "expression" : "0 mm",
          "isInteger" : false,
          "parameterId" : "mateOffsetDistanceX",
          "libraryRelationType" : "NONE",
          "parameterName" : "",
          "hasUserCode" : false,
          "nodeId" : "h5qvRN7utWvqJvIV"
        }
      }, {
        "type" : 147,
        "typeName" : "BTMParameterQuantity",
        "message" : {
          "units" : "",
          "value" : 0.0,
          "expression" : "0 mm",
          "isInteger" : false,
          "parameterId" : "mateOffsetDistanceY",
          "libraryRelationType" : "NONE",
          "parameterName" : "",
          "hasUserCode" : false,
          "nodeId" : "iIUGFQgcu1XUy7D9"
        }
      }, {
        "type" : 147,
        "typeName" : "BTMParameterQuantity",
        "message" : {
          "units" : "",
          "value" : 0.0,
          "expression" : "0 mm",
          "isInteger" : false,
          "parameterId" : "mateOffsetDistanceZ",
          "libraryRelationType" : "NONE",
          "parameterName" : "",
          "hasUserCode" : false,
          "nodeId" : "ngEt1zDSH09i1/zS"
        }
      }, {
        "type" : 145,
        "typeName" : "BTMParameterEnum",
        "message" : {
          "enumName" : "Rotation axis",
          "value" : "ABOUT_X",
          "namespace" : "",
          "parameterId" : "rotationType",
          "libraryRelationType" : "NONE",
          "parameterName" : "",
          "hasUserCode" : false,
          "nodeId" : "TYSw6txKPMC2RLYA"
        }
      }, {
        "type" : 147,
        "typeName" : "BTMParameterQuantity",
        "message" : {
          "units" : "",
          "value" : 0.0,
          "expression" : "0 deg",
          "isInteger" : false,
          "parameterId" : "rotation",
          "libraryRelationType" : "NONE",
          "parameterName" : "",
          "hasUserCode" : false,
          "nodeId" : "EIyvqpdPMLMIBJq4"
        }
      }, {
        "type" : 144,
        "typeName" : "BTMParameterBoolean",
        "message" : {
          "value" : false,
          "parameterId" : "limitsEnabled",
          "libraryRelationType" : "NONE",
          "parameterName" : "",
          "hasUserCode" : false,
          "nodeId" : "lzO3PIjrpcGW7u+Y"
        }
      }, {
        "type" : 807,
        "typeName" : "BTMParameterNullableQuantity",
        "message" : {
          "isNull" : false,
          "nullValue" : "No minimum",
          "units" : "",
          "value" : 0.0,
          "expression" : "0 mm",
          "isInteger" : false,
          "parameterId" : "limitXMin",
          "libraryRelationType" : "NONE",
          "parameterName" : "",
          "hasUserCode" : false,
          "nodeId" : "2F2WCvyLc9GesodH"
        }
      }, {
        "type" : 807,
        "typeName" : "BTMParameterNullableQuantity",
        "message" : {
          "isNull" : false,
          "nullValue" : "No maximum",
          "units" : "",
          "value" : 0.0,
          "expression" : "0 mm",
          "isInteger" : false,
          "parameterId" : "limitXMax",
          "libraryRelationType" : "NONE",
          "parameterName" : "",
          "hasUserCode" : false,
          "nodeId" : "DoREVdUyZxIs7Anx"
        }
      }, {
        "type" : 807,
        "typeName" : "BTMParameterNullableQuantity",
        "message" : {
          "isNull" : false,
          "nullValue" : "No minimum",
          "units" : "",
          "value" : 0.0,
          "expression" : "0 mm",
          "isInteger" : false,
          "parameterId" : "limitYMin",
          "libraryRelationType" : "NONE",
          "parameterName" : "",
          "hasUserCode" : false,
          "nodeId" : "V11xeU+aLTPTqzKg"
        }
      }, {
        "type" : 807,
        "typeName" : "BTMParameterNullableQuantity",
        "message" : {
          "isNull" : false,
          "nullValue" : "No maximum",
          "units" : "",
          "value" : 0.0,
          "expression" : "0 mm",
          "isInteger" : false,
          "parameterId" : "limitYMax",
          "libraryRelationType" : "NONE",
          "parameterName" : "",
          "hasUserCode" : false,
          "nodeId" : "V2NLs2i1oozteWwr"
        }
      }, {
        "type" : 807,
        "typeName" : "BTMParameterNullableQuantity",
        "message" : {
          "isNull" : false,
          "nullValue" : "No minimum",
          "units" : "",
          "value" : 0.0,
          "expression" : "0 mm",
          "isInteger" : false,
          "parameterId" : "limitZMin",
          "libraryRelationType" : "NONE",
          "parameterName" : "",
          "hasUserCode" : false,
          "nodeId" : "OD3npDhaWaII5Yn6"
        }
      }, {
        "type" : 807,
        "typeName" : "BTMParameterNullableQuantity",
        "message" : {
          "isNull" : false,
          "nullValue" : "No maximum",
          "units" : "",
          "value" : 0.0,
          "expression" : "0 mm",
          "isInteger" : false,
          "parameterId" : "limitZMax",
          "libraryRelationType" : "NONE",
          "parameterName" : "",
          "hasUserCode" : false,
          "nodeId" : "TLJND4dyR4u3JRfD"
        }
      }, {
        "type" : 807,
        "typeName" : "BTMParameterNullableQuantity",
        "message" : {
          "isNull" : false,
          "nullValue" : "No minimum",
          "units" : "",
          "value" : 0.0,
          "expression" : "0 deg",
          "isInteger" : false,
          "parameterId" : "limitAxialXMin",
          "libraryRelationType" : "NONE",
          "parameterName" : "",
          "hasUserCode" : false,
          "nodeId" : "oJZFzsCZ7IpTOFhK"
        }
      }, {
        "type" : 807,
        "typeName" : "BTMParameterNullableQuantity",
        "message" : {
          "isNull" : false,
          "nullValue" : "No maximum",
          "units" : "",
          "value" : 0.0,
          "expression" : "0 deg",
          "isInteger" : false,
          "parameterId" : "limitAxialXMax",
          "libraryRelationType" : "NONE",
          "parameterName" : "",
          "hasUserCode" : false,
          "nodeId" : "rdEGROpC9+zc1hDD"
        }
      }, {
        "type" : 807,
        "typeName" : "BTMParameterNullableQuantity",
        "message" : {
          "isNull" : false,
          "nullValue" : "No minimum",
          "units" : "",
          "value" : 0.0,
          "expression" : "0 deg",
          "isInteger" : false,
          "parameterId" : "limitAxialYMin",
          "libraryRelationType" : "NONE",
          "parameterName" : "",
          "hasUserCode" : false,
          "nodeId" : "ZF4gNrRJY44Hx9pF"
        }
      }, {
        "type" : 807,
        "typeName" : "BTMParameterNullableQuantity",
        "message" : {
          "isNull" : false,
          "nullValue" : "No maximum",
          "units" : "",
          "value" : 0.0,
          "expression" : "0 deg",
          "isInteger" : false,
          "parameterId" : "limitAxialYMax",
          "libraryRelationType" : "NONE",
          "parameterName" : "",
          "hasUserCode" : false,
          "nodeId" : "ziPzKe1IyCRDof7a"
        }
      }, {
        "type" : 807,
        "typeName" : "BTMParameterNullableQuantity",
        "message" : {
          "isNull" : false,
          "nullValue" : "No minimum",
          "units" : "",
          "value" : 0.0,
          "expression" : "0 deg",
          "isInteger" : false,
          "parameterId" : "limitAxialZMin",
          "libraryRelationType" : "NONE",
          "parameterName" : "",
          "hasUserCode" : false,
          "nodeId" : "4P+whX3gvJcl5XEK"
        }
      }, {
        "type" : 807,
        "typeName" : "BTMParameterNullableQuantity",
        "message" : {
          "isNull" : false,
          "nullValue" : "No maximum",
          "units" : "",
          "value" : 0.0,
          "expression" : "0 deg",
          "isInteger" : false,
          "parameterId" : "limitAxialZMax",
          "libraryRelationType" : "NONE",
          "parameterName" : "",
          "hasUserCode" : false,
          "nodeId" : "NIB7pBkMRqVsRkI7"
        }
      }, {
        "type" : 807,
        "typeName" : "BTMParameterNullableQuantity",
        "message" : {
          "isNull" : false,
          "nullValue" : "No maximum",
          "units" : "",
          "value" : 0.0,
          "expression" : "0 deg",
          "isInteger" : false,
          "parameterId" : "limitEulerConeAngleMax",
          "libraryRelationType" : "NONE",
          "parameterName" : "",
          "hasUserCode" : false,
          "nodeId" : "kSyC4mLlL3wja148"
        }
      }, {
        "type" : 144,
        "typeName" : "BTMParameterBoolean",
        "message" : {
          "value" : false,
          "parameterId" : "functionalconnection",
          "libraryRelationType" : "NONE",
          "parameterName" : "",
          "hasUserCode" : false,
          "nodeId" : "Rls24fM911GZwPMI"
        }
      }, {
        "type" : 67,
        "typeName" : "BTMParameterQueryWithOccurrenceList",
        "message" : {
          "queries" : [ ],
          "parameterId" : "facestoconnect",
          "libraryRelationType" : "NONE",
          "parameterName" : "",
          "hasUserCode" : false,
          "nodeId" : "mdeW0ftMrZQQADQk"
        }
      }, {
        "type" : 144,
        "typeName" : "BTMParameterBoolean",
        "message" : {
          "value" : true,
          "parameterId" : "primaryAxisAlignment",
          "libraryRelationType" : "NONE",
          "parameterName" : "",
          "hasUserCode" : false,
          "nodeId" : "ELGXWMrujyMi47kB"
        }
      }, {
        "type" : 145,
        "typeName" : "BTMParameterEnum",
        "message" : {
          "enumName" : "Reorient secondary axis",
          "value" : "MINUS_X",
          "namespace" : "",
          "parameterId" : "secondaryAxisAlignment",
          "libraryRelationType" : "NONE",
          "parameterName" : "",
          "hasUserCode" : false,
          "nodeId" : "SUoaUwEWMLfwk0HP"
        }
      } ],
      "suppressed" : false,
      "namespace" : "",
      "subFeatures" : [ ],
      "returnAfterSubfeatures" : false,
      "suppressionState" : {
        "type" : 0
      },
      "parameterLibraries" : [ ],
      "hasUserCode" : false,
      "nodeId" : "MjZYmdCURqqakzd/l"
    }
  }, {
    "type" : 64,
    "typeName" : "BTMMate",
    "message" : {
      "mateConnectors" : [ {
        "type" : 66,
        "typeName" : "BTMMateConnector",
        "message" : {
          "isHidden" : true,
          "implicit" : true,
          "isAuxiliaryTreeMateConnector" : false,
          "version" : 9,
          "featureType" : "mateConnector",
          "featureId" : "MQjX61ldrTZCAuT+M",
          "name" : "Mate connector",
          "parameters" : [ {
            "type" : 145,
            "typeName" : "BTMParameterEnum",
            "message" : {
              "enumName" : "Origin type",
              "value" : "ON_ENTITY",
              "namespace" : "",
              "parameterId" : "originType",
              "libraryRelationType" : "NONE",
              "parameterName" : "",
              "hasUserCode" : false,
              "nodeId" : "tqMMQmq32scqkKomCT2/Ryfp"
            }
          }, {
            "type" : 67,
            "typeName" : "BTMParameterQueryWithOccurrenceList",
            "message" : {
              "queries" : [ {
                "type" : 1083,
                "typeName" : "BTMInferenceQueryWithOccurrence",
                "message" : {
                  "secondGeometryId" : "",
                  "inferenceType" : "CENTER",
                  "geometryIds" : [ "LXxtB" ],
                  "path" : [ "MvxYl+0Bpt2+Q+PYv" ],
                  "hasUserCode" : false,
                  "nodeId" : "F5QzgutCCjuUViz"
                }
              } ],
              "parameterId" : "originQuery",
              "libraryRelationType" : "NONE",
              "parameterName" : "",
              "hasUserCode" : false,
              "nodeId" : "wVGw9qd3YHW3iqCge7p4bHmc"
            }
          }, {
            "type" : 67,
            "typeName" : "BTMParameterQueryWithOccurrenceList",
            "message" : {
              "queries" : [ ],
              "parameterId" : "originAdditionalQuery",
              "libraryRelationType" : "NONE",
              "parameterName" : "",
              "hasUserCode" : false,
              "nodeId" : "8yb4bKMgkx6ClC/EPAVsfJmk"
            }
          }, {
            "type" : 144,
            "typeName" : "BTMParameterBoolean",
            "message" : {
              "value" : false,
              "parameterId" : "realign",
              "libraryRelationType" : "NONE",
              "parameterName" : "",
              "hasUserCode" : false,
              "nodeId" : "hmTGCtITGSCHVt40Fz3apmn5"
            }
          }, {
            "type" : 67,
            "typeName" : "BTMParameterQueryWithOccurrenceList",
            "message" : {
              "queries" : [ ],
              "parameterId" : "primaryAxisQuery",
              "libraryRelationType" : "NONE",
              "parameterName" : "",
              "hasUserCode" : false,
              "nodeId" : "tCRm11AKoSqTz9fFGSUTqroo"
            }
          }, {
            "type" : 67,
            "typeName" : "BTMParameterQueryWithOccurrenceList",
            "message" : {
              "queries" : [ ],
              "parameterId" : "secondaryAxisQuery",
              "libraryRelationType" : "NONE",
              "parameterName" : "",
              "hasUserCode" : false,
              "nodeId" : "R4WJtH6GLdulAcNKfWTLNtSS"
            }
          }, {
            "type" : 144,
            "typeName" : "BTMParameterBoolean",
            "message" : {
              "value" : false,
              "parameterId" : "transform",
              "libraryRelationType" : "NONE",
              "parameterName" : "",
              "hasUserCode" : false,
              "nodeId" : "rIrYecJI1W5jG4smyLzEZyqp"
            }
          }, {
            "type" : 147,
            "typeName" : "BTMParameterQuantity",
            "message" : {
              "units" : "",
              "value" : 0.0,
              "expression" : "0.0*mm",
              "isInteger" : false,
              "parameterId" : "translationX",
              "libraryRelationType" : "NONE",
              "parameterName" : "",
              "hasUserCode" : false,
              "nodeId" : "BkgGUBxZEZLmffdQ/MKVuWt3"
            }
          }, {
            "type" : 147,
            "typeName" : "BTMParameterQuantity",
            "message" : {
              "units" : "",
              "value" : 0.0,
              "expression" : "0.0*mm",
              "isInteger" : false,
              "parameterId" : "translationY",
              "libraryRelationType" : "NONE",
              "parameterName" : "",
              "hasUserCode" : false,
              "nodeId" : "v47iKZf7g1iKk2pa9zCsntsb"
            }
          }, {
            "type" : 147,
            "typeName" : "BTMParameterQuantity",
            "message" : {
              "units" : "",
              "value" : 0.0,
              "expression" : "0.0*mm",
              "isInteger" : false,
              "parameterId" : "translationZ",
              "libraryRelationType" : "NONE",
              "parameterName" : "",
              "hasUserCode" : false,
              "nodeId" : "JSXaiymJxc5kQI+uXDpjXEYp"
            }
          }, {
            "type" : 145,
            "typeName" : "BTMParameterEnum",
            "message" : {
              "enumName" : "Rotation axis",
              "value" : "ABOUT_Z",
              "namespace" : "",
              "parameterId" : "rotationType",
              "libraryRelationType" : "NONE",
              "parameterName" : "",
              "hasUserCode" : false,
              "nodeId" : "iHtgawL9lwTaBV6j+XC0l3PS"
            }
          }, {
            "type" : 147,
            "typeName" : "BTMParameterQuantity",
            "message" : {
              "units" : "",
              "value" : 0.0,
              "expression" : "0.0*deg",
              "isInteger" : false,
              "parameterId" : "rotation",
              "libraryRelationType" : "NONE",
              "parameterName" : "",
              "hasUserCode" : false,
              "nodeId" : "Z7ZgekBnCX7PK9wKWvgZrp9h"
            }
          }, {
            "type" : 144,
            "typeName" : "BTMParameterBoolean",
            "message" : {
              "value" : false,
              "parameterId" : "flipPrimary",
              "libraryRelationType" : "NONE",
              "parameterName" : "",
              "hasUserCode" : false,
              "nodeId" : "iZ+1K3gMKfp00+0rQxaVOgvn"
            }
          }, {
            "type" : 145,
            "typeName" : "BTMParameterEnum",
            "message" : {
              "enumName" : "Reorient secondary axis",
              "value" : "PLUS_X",
              "namespace" : "",
              "parameterId" : "secondaryAxisType",
              "libraryRelationType" : "NONE",
              "parameterName" : "",
              "hasUserCode" : false,
              "nodeId" : "JU4mR8J9TiHsBicDnrjegb+I"
            }
          } ],
          "suppressed" : false,
          "namespace" : "",
          "subFeatures" : [ ],
          "returnAfterSubfeatures" : false,
          "suppressionState" : {
            "type" : 0
          },
          "parameterLibraries" : [ ],
          "hasUserCode" : false,
          "nodeId" : "MQjX61ldrTZCAuT+M"
        }
      }, {
        "type" : 66,
        "typeName" : "BTMMateConnector",
        "message" : {
          "isHidden" : true,
          "implicit" : true,
          "isAuxiliaryTreeMateConnector" : false,
          "version" : 9,
          "featureType" : "mateConnector",
          "featureId" : "M7VXfYLusgrP4dP1C",
          "name" : "Mate connector",
          "parameters" : [ {
            "type" : 145,
            "typeName" : "BTMParameterEnum",
            "message" : {
              "enumName" : "Origin type",
              "value" : "ON_ENTITY",
              "namespace" : "",
              "parameterId" : "originType",
              "libraryRelationType" : "NONE",
              "parameterName" : "",
              "hasUserCode" : false,
              "nodeId" : "IduI3Q2mVqENCROk/f1+sn1e"
            }
          }, {
            "type" : 67,
            "typeName" : "BTMParameterQueryWithOccurrenceList",
            "message" : {
              "queries" : [ {
                "type" : 1083,
                "typeName" : "BTMInferenceQueryWithOccurrence",
                "message" : {
                  "secondGeometryId" : "",
                  "inferenceType" : "CENTER",
                  "geometryIds" : [ "KYVQ" ],
                  "path" : [ "MfYmVIwIomqTTpI2o" ],
                  "hasUserCode" : false,
                  "nodeId" : "FFUyhx9EulBT7i7"
                }
              } ],
              "parameterId" : "originQuery",
              "libraryRelationType" : "NONE",
              "parameterName" : "",
              "hasUserCode" : false,
              "nodeId" : "7YYwP3aFYG0Dy+MDy7B/kEH2"
            }
          }, {
            "type" : 67,
            "typeName" : "BTMParameterQueryWithOccurrenceList",
            "message" : {
              "queries" : [ ],
              "parameterId" : "originAdditionalQuery",
              "libraryRelationType" : "NONE",
              "parameterName" : "",
              "hasUserCode" : false,
              "nodeId" : "9ZF437zLfIzPkSTkEnMXXcwc"
            }
          }, {
            "type" : 144,
            "typeName" : "BTMParameterBoolean",
            "message" : {
              "value" : false,
              "parameterId" : "realign",
              "libraryRelationType" : "NONE",
              "parameterName" : "",
              "hasUserCode" : false,
              "nodeId" : "8VTOZQlA1OO3Q804caSxHCNH"
            }
          }, {
            "type" : 67,
            "typeName" : "BTMParameterQueryWithOccurrenceList",
            "message" : {
              "queries" : [ ],
              "parameterId" : "primaryAxisQuery",
              "libraryRelationType" : "NONE",
              "parameterName" : "",
              "hasUserCode" : false,
              "nodeId" : "YMpiHxEq3wNzlIxTJyDRvZm+"
            }
          }, {
            "type" : 67,
            "typeName" : "BTMParameterQueryWithOccurrenceList",
            "message" : {
              "queries" : [ ],
              "parameterId" : "secondaryAxisQuery",
              "libraryRelationType" : "NONE",
              "parameterName" : "",
              "hasUserCode" : false,
              "nodeId" : "x827gQPIPt6i2Jh+vJY9WyPm"
            }
          }, {
            "type" : 144,
            "typeName" : "BTMParameterBoolean",
            "message" : {
              "value" : false,
              "parameterId" : "transform",
              "libraryRelationType" : "NONE",
              "parameterName" : "",
              "hasUserCode" : false,
              "nodeId" : "MpdW6LFGE/kioQcZo3w+MqVd"
            }
          }, {
            "type" : 147,
            "typeName" : "BTMParameterQuantity",
            "message" : {
              "units" : "",
              "value" : 0.0,
              "expression" : "0.0*mm",
              "isInteger" : false,
              "parameterId" : "translationX",
              "libraryRelationType" : "NONE",
              "parameterName" : "",
              "hasUserCode" : false,
              "nodeId" : "GIYp9vMUL+SH23nnj2MKt25w"
            }
          }, {
            "type" : 147,
            "typeName" : "BTMParameterQuantity",
            "message" : {
              "units" : "",
              "value" : 0.0,
              "expression" : "0.0*mm",
              "isInteger" : false,
              "parameterId" : "translationY",
              "libraryRelationType" : "NONE",
              "parameterName" : "",
              "hasUserCode" : false,
              "nodeId" : "yZT0lly2p42GjRzJ84uAp5S+"
            }
          }, {
            "type" : 147,
            "typeName" : "BTMParameterQuantity",
            "message" : {
              "units" : "",
              "value" : 0.0,
              "expression" : "0.0*mm",
              "isInteger" : false,
              "parameterId" : "translationZ",
              "libraryRelationType" : "NONE",
              "parameterName" : "",
              "hasUserCode" : false,
              "nodeId" : "oLtWIgralEHZulgSwiivvZkN"
            }
          }, {
            "type" : 145,
            "typeName" : "BTMParameterEnum",
            "message" : {
              "enumName" : "Rotation axis",
              "value" : "ABOUT_Z",
              "namespace" : "",
              "parameterId" : "rotationType",
              "libraryRelationType" : "NONE",
              "parameterName" : "",
              "hasUserCode" : false,
              "nodeId" : "xHyuuG6GtTesECm1FAt+iBWk"
            }
          }, {
            "type" : 147,
            "typeName" : "BTMParameterQuantity",
            "message" : {
              "units" : "",
              "value" : 0.0,
              "expression" : "0.0*deg",
              "isInteger" : false,
              "parameterId" : "rotation",
              "libraryRelationType" : "NONE",
              "parameterName" : "",
              "hasUserCode" : false,
              "nodeId" : "xepBSz9uYQ8l8pIFde0bs1kB"
            }
          }, {
            "type" : 144,
            "typeName" : "BTMParameterBoolean",
            "message" : {
              "value" : false,
              "parameterId" : "flipPrimary",
              "libraryRelationType" : "NONE",
              "parameterName" : "",
              "hasUserCode" : false,
              "nodeId" : "l39nd4uIBYILrlvxF+Garrdh"
            }
          }, {
            "type" : 145,
            "typeName" : "BTMParameterEnum",
            "message" : {
              "enumName" : "Reorient secondary axis",
              "value" : "PLUS_X",
              "namespace" : "",
              "parameterId" : "secondaryAxisType",
              "libraryRelationType" : "NONE",
              "parameterName" : "",
              "hasUserCode" : false,
              "nodeId" : "e00zqjdRoaOiEN3n5c4KGmPs"
            }
          } ],
          "suppressed" : false,
          "namespace" : "",
          "subFeatures" : [ ],
          "returnAfterSubfeatures" : false,
          "suppressionState" : {
            "type" : 0
          },
          "parameterLibraries" : [ ],
          "hasUserCode" : false,
          "nodeId" : "M7VXfYLusgrP4dP1C"
        }
      } ],
      "version" : 2,
      "featureType" : "mate",
      "featureId" : "MeoRWXWiimmedDFue",
      "name" : "hip_left_pitch_joint",
      "parameters" : [ {
        "type" : 145,
        "typeName" : "BTMParameterEnum",
        "message" : {
          "enumName" : "Mate type",
          "value" : "REVOLUTE",
          "namespace" : "",
          "parameterId" : "mateType",
          "libraryRelationType" : "NONE",
          "parameterName" : "",
          "hasUserCode" : false,
          "nodeId" : "k0KwDreRnCaXARso"
        }
      }, {
        "type" : 67,
        "typeName" : "BTMParameterQueryWithOccurrenceList",
        "message" : {
          "queries" : [ {
            "type" : 157,
            "typeName" : "BTMFeatureQueryWithOccurrence",
            "message" : {
              "featureId" : "MQjX61ldrTZCAuT+M",
              "queryData" : "",
              "path" : [ ],
              "hasUserCode" : false,
              "nodeId" : "M0q6E/e4sSUy0xIux"
            }
          }, {
            "type" : 157,
            "typeName" : "BTMFeatureQueryWithOccurrence",
            "message" : {
              "featureId" : "M7VXfYLusgrP4dP1C",
              "queryData" : "",
              "path" : [ ],
              "hasUserCode" : false,
              "nodeId" : "M09owk9lYgczhep7b"
            }
          } ],
          "parameterId" : "mateConnectorsQuery",
          "libraryRelationType" : "NONE",
          "parameterName" : "",
          "hasUserCode" : false,
          "nodeId" : "9sCqobEmRC+Upj0P"
        }
      }, {
        "type" : 144,
        "typeName" : "BTMParameterBoolean",
        "message" : {
          "value" : false,
          "parameterId" : "mateOffsetEnabled",
          "libraryRelationType" : "NONE",
          "parameterName" : "",
          "hasUserCode" : false,
          "nodeId" : "tw+qhy//pSKd4ytM"
        }
      }, {
        "type" : 147,
        "typeName" : "BTMParameterQuantity",
        "message" : {
          "units" : "",
          "value" : 0.0,
          "expression" : "0 mm",
          "isInteger" : false,
          "parameterId" : "mateOffsetDistanceX",
          "libraryRelationType" : "NONE",
          "parameterName" : "",
          "hasUserCode" : false,
          "nodeId" : "Oddnw8WNUrgCQqWz"
        }
      }, {
        "type" : 147,
        "typeName" : "BTMParameterQuantity",
        "message" : {
          "units" : "",
          "value" : 0.0,
          "expression" : "0 mm",
          "isInteger" : false,
          "parameterId" : "mateOffsetDistanceY",
          "libraryRelationType" : "NONE",
          "parameterName" : "",
          "hasUserCode" : false,
          "nodeId" : "tgHkjrazMm+PCL1k"
        }
      }, {
        "type" : 147,
        "typeName" : "BTMParameterQuantity",
        "message" : {
          "units" : "",
          "value" : 0.0,
          "expression" : "0 mm",
          "isInteger" : false,
          "parameterId" : "mateOffsetDistanceZ",
          "libraryRelationType" : "NONE",
          "parameterName" : "",
          "hasUserCode" : false,
          "nodeId" : "eQ8CgI0fONcjMEdf"
        }
      }, {
        "type" : 145,
        "typeName" : "BTMParameterEnum",
        "message" : {
          "enumName" : "Rotation axis",
          "value" : "ABOUT_X",
          "namespace" : "",
          "parameterId" : "rotationType",
          "libraryRelationType" : "NONE",
          "parameterName" : "",
          "hasUserCode" : false,
          "nodeId" : "UOBkTSgak60W3R4H"
        }
      }, {
        "type" : 147,
        "typeName" : "BTMParameterQuantity",
        "message" : {
          "units" : "",
          "value" : 0.0,
          "expression" : "0 deg",
          "isInteger" : false,
          "parameterId" : "rotation",
          "libraryRelationType" : "NONE",
          "parameterName" : "",
          "hasUserCode" : false,
          "nodeId" : "Hh8MOeytv79zXjwe"
        }
      }, {
        "type" : 144,
        "typeName" : "BTMParameterBoolean",
        "message" : {
          "value" : false,
          "parameterId" : "limitsEnabled",
          "libraryRelationType" : "NONE",
          "parameterName" : "",
          "hasUserCode" : false,
          "nodeId" : "oqm7as3Prs47ShZa"
        }
      }, {
        "type" : 807,
        "typeName" : "BTMParameterNullableQuantity",
        "message" : {
          "isNull" : false,
          "nullValue" : "No minimum",
          "units" : "",
          "value" : 0.0,
          "expression" : "0 mm",
          "isInteger" : false,
          "parameterId" : "limitXMin",
          "libraryRelationType" : "NONE",
          "parameterName" : "",
          "hasUserCode" : false,
          "nodeId" : "ozEd5wXnIL1yu/+N"
        }
      }, {
        "type" : 807,
        "typeName" : "BTMParameterNullableQuantity",
        "message" : {
          "isNull" : false,
          "nullValue" : "No maximum",
          "units" : "",
          "value" : 0.0,
          "expression" : "0 mm",
          "isInteger" : false,
          "parameterId" : "limitXMax",
          "libraryRelationType" : "NONE",
          "parameterName" : "",
          "hasUserCode" : false,
          "nodeId" : "WDB9l5/jofPozHso"
        }
      }, {
        "type" : 807,
        "typeName" : "BTMParameterNullableQuantity",
        "message" : {
          "isNull" : false,
          "nullValue" : "No minimum",
          "units" : "",
          "value" : 0.0,
          "expression" : "0 mm",
          "isInteger" : false,
          "parameterId" : "limitYMin",
          "libraryRelationType" : "NONE",
          "parameterName" : "",
          "hasUserCode" : false,
          "nodeId" : "39/n0vcAA1WZJW3v"
        }
      }, {
        "type" : 807,
        "typeName" : "BTMParameterNullableQuantity",
        "message" : {
          "isNull" : false,
          "nullValue" : "No maximum",
          "units" : "",
          "value" : 0.0,
          "expression" : "0 mm",
          "isInteger" : false,
          "parameterId" : "limitYMax",
          "libraryRelationType" : "NONE",
          "parameterName" : "",
          "hasUserCode" : false,
          "nodeId" : "LcSZFuuwHDxJkHDR"
        }
      }, {
        "type" : 807,
        "typeName" : "BTMParameterNullableQuantity",
        "message" : {
          "isNull" : false,
          "nullValue" : "No minimum",
          "units" : "",
          "value" : 0.0,
          "expression" : "0 mm",
          "isInteger" : false,
          "parameterId" : "limitZMin",
          "libraryRelationType" : "NONE",
          "parameterName" : "",
          "hasUserCode" : false,
          "nodeId" : "915iPuICikQXOXvI"
        }
      }, {
        "type" : 807,
        "typeName" : "BTMParameterNullableQuantity",
        "message" : {
          "isNull" : false,
          "nullValue" : "No maximum",
          "units" : "",
          "value" : 0.0,
          "expression" : "0 mm",
          "isInteger" : false,
          "parameterId" : "limitZMax",
          "libraryRelationType" : "NONE",
          "parameterName" : "",
          "hasUserCode" : false,
          "nodeId" : "QfcVewYrE0gVUoor"
        }
      }, {
        "type" : 807,
        "typeName" : "BTMParameterNullableQuantity",
        "message" : {
          "isNull" : false,
          "nullValue" : "No minimum",
          "units" : "",
          "value" : 0.0,
          "expression" : "0 deg",
          "isInteger" : false,
          "parameterId" : "limitAxialXMin",
          "libraryRelationType" : "NONE",
          "parameterName" : "",
          "hasUserCode" : false,
          "nodeId" : "y+923e9MAUg6Fu+q"
        }
      }, {
        "type" : 807,
        "typeName" : "BTMParameterNullableQuantity",
        "message" : {
          "isNull" : false,
          "nullValue" : "No maximum",
          "units" : "",
          "value" : 0.0,
          "expression" : "0 deg",
          "isInteger" : false,
          "parameterId" : "limitAxialXMax",
          "libraryRelationType" : "NONE",
          "parameterName" : "",
          "hasUserCode" : false,
          "nodeId" : "ydb6s66h3uxnOPP9"
        }
      }, {
        "type" : 807,
        "typeName" : "BTMParameterNullableQuantity",
        "message" : {
          "isNull" : false,
          "nullValue" : "No minimum",
          "units" : "",
          "value" : 0.0,
          "expression" : "0 deg",
          "isInteger" : false,
          "parameterId" : "limitAxialYMin",
          "libraryRelationType" : "NONE",
          "parameterName" : "",
          "hasUserCode" : false,
          "nodeId" : "UlB3+hatQLp8Va3n"
        }
      }, {
        "type" : 807,
        "typeName" : "BTMParameterNullableQuantity",
        "message" : {
          "isNull" : false,
          "nullValue" : "No maximum",
          "units" : "",
          "value" : 0.0,
          "expression" : "0 deg",
          "isInteger" : false,
          "parameterId" : "limitAxialYMax",
          "libraryRelationType" : "NONE",
          "parameterName" : "",
          "hasUserCode" : false,
          "nodeId" : "2ATgu9edprHmYqZF"
        }
      }, {
        "type" : 807,
        "typeName" : "BTMParameterNullableQuantity",
        "message" : {
          "isNull" : false,
          "nullValue" : "No minimum",
          "units" : "",
          "value" : 0.0,
          "expression" : "0 deg",
          "isInteger" : false,
          "parameterId" : "limitAxialZMin",
          "libraryRelationType" : "NONE",
          "parameterName" : "",
          "hasUserCode" : false,
          "nodeId" : "LDYGYkk4CKGAQ1Pn"
        }
      }, {
        "type" : 807,
        "typeName" : "BTMParameterNullableQuantity",
        "message" : {
          "isNull" : false,
          "nullValue" : "No maximum",
          "units" : "",
          "value" : 0.0,
          "expression" : "0 deg",
          "isInteger" : false,
          "parameterId" : "limitAxialZMax",
          "libraryRelationType" : "NONE",
          "parameterName" : "",
          "hasUserCode" : false,
          "nodeId" : "QrmkNhevyOabCncG"
        }
      }, {
        "type" : 807,
        "typeName" : "BTMParameterNullableQuantity",
        "message" : {
          "isNull" : false,
          "nullValue" : "No maximum",
          "units" : "",
          "value" : 0.0,
          "expression" : "0 deg",
          "isInteger" : false,
          "parameterId" : "limitEulerConeAngleMax",
          "libraryRelationType" : "NONE",
          "parameterName" : "",
          "hasUserCode" : false,
          "nodeId" : "5xZ++hS4DZDvCFFM"
        }
      }, {
        "type" : 144,
        "typeName" : "BTMParameterBoolean",
        "message" : {
          "value" : false,
          "parameterId" : "functionalconnection",
          "libraryRelationType" : "NONE",
          "parameterName" : "",
          "hasUserCode" : false,
          "nodeId" : "VbK1DMCRw7JbvPOA"
        }
      }, {
        "type" : 67,
        "typeName" : "BTMParameterQueryWithOccurrenceList",
        "message" : {
          "queries" : [ ],
          "parameterId" : "facestoconnect",
          "libraryRelationType" : "NONE",
          "parameterName" : "",
          "hasUserCode" : false,
          "nodeId" : "yXNweCG6nHvpFklK"
        }
      }, {
        "type" : 144,
        "typeName" : "BTMParameterBoolean",
        "message" : {
          "value" : true,
          "parameterId" : "primaryAxisAlignment",
          "libraryRelationType" : "NONE",
          "parameterName" : "",
          "hasUserCode" : false,
          "nodeId" : "xDh3qhd25BegoLiT"
        }
      }, {
        "type" : 145,
        "typeName" : "BTMParameterEnum",
        "message" : {
          "enumName" : "Reorient secondary axis",
          "value" : "PLUS_X",
          "namespace" : "",
          "parameterId" : "secondaryAxisAlignment",
          "libraryRelationType" : "NONE",
          "parameterName" : "",
          "hasUserCode" : false,
          "nodeId" : "JzL4vUQGJ4P4ZNaf"
        }
      } ],
      "suppressed" : false,
      "namespace" : "",
      "subFeatures" : [ ],
      "returnAfterSubfeatures" : false,
      "suppressionState" : {
        "type" : 0
      },
      "parameterLibraries" : [ ],
      "hasUserCode" : false,
      "nodeId" : "MeoRWXWiimmedDFue"
    }
  }, {
    "type" : 64,
    "typeName" : "BTMMate",
    "message" : {
      "mateConnectors" : [ {
        "type" : 66,
        "typeName" : "BTMMateConnector",
        "message" : {
          "isHidden" : true,
          "implicit" : true,
          "isAuxiliaryTreeMateConnector" : false,
          "version" : 9,
          "featureType" : "mateConnector",
          "featureId" : "MfDT9a3qV05hMuaPV",
          "name" : "Mate connector",
          "parameters" : [ {
            "type" : 145,
            "typeName" : "BTMParameterEnum",
            "message" : {
              "enumName" : "Origin type",
              "value" : "ON_ENTITY",
              "namespace" : "",
              "parameterId" : "originType",
              "libraryRelationType" : "NONE",
              "parameterName" : "",
              "hasUserCode" : false,
              "nodeId" : "rDF9F6LrCevF8BE1GjXKNVZu"
            }
          }, {
            "type" : 67,
            "typeName" : "BTMParameterQueryWithOccurrenceList",
            "message" : {
              "queries" : [ {
                "type" : 1083,
                "typeName" : "BTMInferenceQueryWithOccurrence",
                "message" : {
                  "secondGeometryId" : "",
                  "inferenceType" : "CENTER",
                  "geometryIds" : [ "LZB7B" ],
                  "path" : [ "ML+jQ+vOCD6s0Ywpz" ],
                  "hasUserCode" : false,
                  "nodeId" : "FdOXAMI05ErDbCn"
                }
              } ],
              "parameterId" : "originQuery",
              "libraryRelationType" : "NONE",
              "parameterName" : "",
              "hasUserCode" : false,
              "nodeId" : "WTbIyEzEp6nJXyoGEHwiAYNC"
            }
          }, {
            "type" : 67,
            "typeName" : "BTMParameterQueryWithOccurrenceList",
            "message" : {
              "queries" : [ ],
              "parameterId" : "originAdditionalQuery",
              "libraryRelationType" : "NONE",
              "parameterName" : "",
              "hasUserCode" : false,
              "nodeId" : "ZdhK67Q8l3a0MmScb0lrU/Bl"
            }
          }, {
            "type" : 144,
            "typeName" : "BTMParameterBoolean",
            "message" : {
              "value" : false,
              "parameterId" : "realign",
              "libraryRelationType" : "NONE",
              "parameterName" : "",
              "hasUserCode" : false,
              "nodeId" : "/v3lQDu6iFm32FBQFb4zNTbd"
            }
          }, {
            "type" : 67,
            "typeName" : "BTMParameterQueryWithOccurrenceList",
            "message" : {
              "queries" : [ ],
              "parameterId" : "primaryAxisQuery",
              "libraryRelationType" : "NONE",
              "parameterName" : "",
              "hasUserCode" : false,
              "nodeId" : "frGokGcHBoZy0K5V8nEAFZPL"
            }
          }, {
            "type" : 67,
            "typeName" : "BTMParameterQueryWithOccurrenceList",
            "message" : {
              "queries" : [ ],
              "parameterId" : "secondaryAxisQuery",
              "libraryRelationType" : "NONE",
              "parameterName" : "",
              "hasUserCode" : false,
              "nodeId" : "OTPVaU2aHY+oYuBzq0m7zm1z"
            }
          }, {
            "type" : 144,
            "typeName" : "BTMParameterBoolean",
            "message" : {
              "value" : false,
              "parameterId" : "transform",
              "libraryRelationType" : "NONE",
              "parameterName" : "",
              "hasUserCode" : false,
              "nodeId" : "9OcRrXu2pt+6KtBY9ZMrqBRi"
            }
          }, {
            "type" : 147,
            "typeName" : "BTMParameterQuantity",
            "message" : {
              "units" : "",
              "value" : 0.0,
              "expression" : "0.0*mm",
              "isInteger" : false,
              "parameterId" : "translationX",
              "libraryRelationType" : "NONE",
              "parameterName" : "",
              "hasUserCode" : false,
              "nodeId" : "kEQ9yWp7kb0CSban+hAV6XBj"
            }
          }, {
            "type" : 147,
            "typeName" : "BTMParameterQuantity",
            "message" : {
              "units" : "",
              "value" : 0.0,
              "expression" : "0.0*mm",
              "isInteger" : false,
              "parameterId" : "translationY",
              "libraryRelationType" : "NONE",
              "parameterName" : "",
              "hasUserCode" : false,
              "nodeId" : "B5WCiFi5jvMUbrMpRt8fr7kn"
            }
          }, {
            "type" : 147,
            "typeName" : "BTMParameterQuantity",
            "message" : {
              "units" : "",
              "value" : 0.0,
              "expression" : "0.0*mm",
              "isInteger" : false,
              "parameterId" : "translationZ",
              "libraryRelationType" : "NONE",
              "parameterName" : "",
              "hasUserCode" : false,
              "nodeId" : "NjP6AI2ZEJevc/piw5+nxxes"
            }
          }, {
            "type" : 145,
            "typeName" : "BTMParameterEnum",
            "message" : {
              "enumName" : "Rotation axis",
              "value" : "ABOUT_Z",
              "namespace" : "",
              "parameterId" : "rotationType",
              "libraryRelationType" : "NONE",
              "parameterName" : "",
              "hasUserCode" : false,
              "nodeId" : "ENFYshoM6jMvrtVaBwUnjQMg"
            }
          }, {
            "type" : 147,
            "typeName" : "BTMParameterQuantity",
            "message" : {
              "units" : "",
              "value" : 0.0,
              "expression" : "0.0*deg",
              "isInteger" : false,
              "parameterId" : "rotation",
              "libraryRelationType" : "NONE",
              "parameterName" : "",
              "hasUserCode" : false,
              "nodeId" : "MVLezpB7Iw4jkvWq1pMziXEg"
            }
          }, {
            "type" : 144,
            "typeName" : "BTMParameterBoolean",
            "message" : {
              "value" : false,
              "parameterId" : "flipPrimary",
              "libraryRelationType" : "NONE",
              "parameterName" : "",
              "hasUserCode" : false,
              "nodeId" : "NBKdL9HNx0tGmvHsh28UX+Ww"
            }
          }, {
            "type" : 145,
            "typeName" : "BTMParameterEnum",
            "message" : {
              "enumName" : "Reorient secondary axis",
              "value" : "PLUS_X",
              "namespace" : "",
              "parameterId" : "secondaryAxisType",
              "libraryRelationType" : "NONE",
              "parameterName" : "",
              "hasUserCode" : false,
              "nodeId" : "iUHeINkOEZnp3o21Pp/N9aiV"
            }
          } ],
          "suppressed" : false,
          "namespace" : "",
          "subFeatures" : [ ],
          "returnAfterSubfeatures" : false,
          "suppressionState" : {
            "type" : 0
          },
          "parameterLibraries" : [ ],
          "hasUserCode" : false,
          "nodeId" : "MfDT9a3qV05hMuaPV"
        }
      }, {
        "type" : 66,
        "typeName" : "BTMMateConnector",
        "message" : {
          "isHidden" : true,
          "implicit" : true,
          "isAuxiliaryTreeMateConnector" : false,
          "version" : 9,
          "featureType" : "mateConnector",
          "featureId" : "MwyFPfvMau7cISg62",
          "name" : "Mate connector",
          "parameters" : [ {
            "type" : 145,
            "typeName" : "BTMParameterEnum",
            "message" : {
              "enumName" : "Origin type",
              "value" : "ON_ENTITY",
              "namespace" : "",
              "parameterId" : "originType",
              "libraryRelationType" : "NONE",
              "parameterName" : "",
              "hasUserCode" : false,
              "nodeId" : "RBrXrWLHZvIdseyK70hm/WNJ"
            }
          }, {
            "type" : 67,
            "typeName" : "BTMParameterQueryWithOccurrenceList",
            "message" : {
              "queries" : [ {
                "type" : 1083,
                "typeName" : "BTMInferenceQueryWithOccurrence",
                "message" : {
                  "secondGeometryId" : "",
                  "inferenceType" : "CENTER",
                  "geometryIds" : [ "KbVQ" ],
                  "path" : [ "MgieEriqAhtPOIrT7" ],
                  "hasUserCode" : false,
                  "nodeId" : "FFZBmNWbOlolFGz"
                }
              } ],
              "parameterId" : "originQuery",
              "libraryRelationType" : "NONE",
              "parameterName" : "",
              "hasUserCode" : false,
              "nodeId" : "/ZFhS3WKohoTYII2k7PQLb6G"
            }
          }, {
            "type" : 67,
            "typeName" : "BTMParameterQueryWithOccurrenceList",
            "message" : {
              "queries" : [ ],
              "parameterId" : "originAdditionalQuery",
              "libraryRelationType" : "NONE",
              "parameterName" : "",
              "hasUserCode" : false,
              "nodeId" : "8N+Z8lxphgkCG4U/ZWDKhkmd"
            }
          }, {
            "type" : 144,
            "typeName" : "BTMParameterBoolean",
            "message" : {
              "value" : false,
              "parameterId" : "realign",
              "libraryRelationType" : "NONE",
              "parameterName" : "",
              "hasUserCode" : false,
              "nodeId" : "mcfZFPhc230pB93hSpLfJCk9"
            }
          }, {
            "type" : 67,
            "typeName" : "BTMParameterQueryWithOccurrenceList",
            "message" : {
              "queries" : [ ],
              "parameterId" : "primaryAxisQuery",
              "libraryRelationType" : "NONE",
              "parameterName" : "",
              "hasUserCode" : false,
              "nodeId" : "mFGiA8GQKeBt3iCtzrtq1tXm"
            }
          }, {
            "type" : 67,
            "typeName" : "BTMParameterQueryWithOccurrenceList",
            "message" : {
              "queries" : [ ],
              "parameterId" : "secondaryAxisQuery",
              "libraryRelationType" : "NONE",
              "parameterName" : "",
              "hasUserCode" : false,
              "nodeId" : "PTR85AgGsRnUWKJsYb2LqWM9"
            }
          }, {
            "type" : 144,
            "typeName" : "BTMParameterBoolean",
            "message" : {
              "value" : false,
              "parameterId" : "transform",
              "libraryRelationType" : "NONE",
              "parameterName" : "",
              "hasUserCode" : false,
              "nodeId" : "LPFICJFNx1jFyBvtzmwfCiR1"
            }
          }, {
            "type" : 147,
            "typeName" : "BTMParameterQuantity",
            "message" : {
              "units" : "",
              "value" : 0.0,
              "expression" : "0.0*mm",
              "isInteger" : false,
              "parameterId" : "translationX",
              "libraryRelationType" : "NONE",
              "parameterName" : "",
              "hasUserCode" : false,
              "nodeId" : "0x20RFforLVr2AbXk2doginj"
            }
          }, {
            "type" : 147,
            "typeName" : "BTMParameterQuantity",
            "message" : {
              "units" : "",
              "value" : 0.0,
              "expression" : "0.0*mm",
              "isInteger" : false,
              "parameterId" : "translationY",
              "libraryRelationType" : "NONE",
              "parameterName" : "",
              "hasUserCode" : false,
              "nodeId" : "pAbYksjrOET/UCDBHZK3DTJM"
            }
          }, {
            "type" : 147,
            "typeName" : "BTMParameterQuantity",
            "message" : {
              "units" : "",
              "value" : 0.0,
              "expression" : "0.0*mm",
              "isInteger" : false,
              "parameterId" : "translationZ",
              "libraryRelationType" : "NONE",
              "parameterName" : "",
              "hasUserCode" : false,
              "nodeId" : "BvVtU2Xs/SUXabz3k+S9a3W0"
            }
          }, {
            "type" : 145,
            "typeName" : "BTMParameterEnum",
            "message" : {
              "enumName" : "Rotation axis",
              "value" : "ABOUT_Z",
              "namespace" : "",
              "parameterId" : "rotationType",
              "libraryRelationType" : "NONE",
              "parameterName" : "",
              "hasUserCode" : false,
              "nodeId" : "4OL+QUB7JE0jTYfH6f2MmLpa"
            }
          }, {
            "type" : 147,
            "typeName" : "BTMParameterQuantity",
            "message" : {
              "units" : "",
              "value" : 0.0,
              "expression" : "0.0*deg",
              "isInteger" : false,
              "parameterId" : "rotation",
              "libraryRelationType" : "NONE",
              "parameterName" : "",
              "hasUserCode" : false,
              "nodeId" : "J32/C4II97Oi0ki9ZKw2HcB7"
            }
          }, {
            "type" : 144,
            "typeName" : "BTMParameterBoolean",
            "message" : {
              "value" : false,
              "parameterId" : "flipPrimary",
              "libraryRelationType" : "NONE",
              "parameterName" : "",
              "hasUserCode" : false,
              "nodeId" : "XjNKXlvCDzTA8vbXH4c7nIoD"
            }
          }, {
            "type" : 145,
            "typeName" : "BTMParameterEnum",
            "message" : {
              "enumName" : "Reorient secondary axis",
              "value" : "PLUS_X",
              "namespace" : "",
              "parameterId" : "secondaryAxisType",
              "libraryRelationType" : "NONE",
              "parameterName" : "",
              "hasUserCode" : false,
              "nodeId" : "93Qy5qmDQL7OMollIpZgyf5T"
            }
          } ],
          "suppressed" : false,
          "namespace" : "",
          "subFeatures" : [ ],
          "returnAfterSubfeatures" : false,
          "suppressionState" : {
            "type" : 0
          },
          "parameterLibraries" : [ ],
          "hasUserCode" : false,
          "nodeId" : "MwyFPfvMau7cISg62"
        }
      } ],
      "version" : 2,
      "featureType" : "mate",
      "featureId" : "M3v+gMEYDs99t2hCK",
      "name" : "hip_right_pitch_joint",
      "parameters" : [ {
        "type" : 145,
        "typeName" : "BTMParameterEnum",
        "message" : {
          "enumName" : "Mate type",
          "value" : "REVOLUTE",
          "namespace" : "",
          "parameterId" : "mateType",
          "libraryRelationType" : "NONE",
          "parameterName" : "",
          "hasUserCode" : false,
          "nodeId" : "C6guXg5+cYW8z/D/"
        }
      }, {
        "type" : 67,
        "typeName" : "BTMParameterQueryWithOccurrenceList",
        "message" : {
          "queries" : [ {
            "type" : 157,
            "typeName" : "BTMFeatureQueryWithOccurrence",
            "message" : {
              "featureId" : "MfDT9a3qV05hMuaPV",
              "queryData" : "",
              "path" : [ ],
              "hasUserCode" : false,
              "nodeId" : "MPM7wNeSDPFGg54f2"
            }
          }, {
            "type" : 157,
            "typeName" : "BTMFeatureQueryWithOccurrence",
            "message" : {
              "featureId" : "MwyFPfvMau7cISg62",
              "queryData" : "",
              "path" : [ ],
              "hasUserCode" : false,
              "nodeId" : "M+2mOx8htq7jDA2cD"
            }
          } ],
          "parameterId" : "mateConnectorsQuery",
          "libraryRelationType" : "NONE",
          "parameterName" : "",
          "hasUserCode" : false,
          "nodeId" : "YFQ469F/jZmBQRpU"
        }
      }, {
        "type" : 144,
        "typeName" : "BTMParameterBoolean",
        "message" : {
          "value" : false,
          "parameterId" : "mateOffsetEnabled",
          "libraryRelationType" : "NONE",
          "parameterName" : "",
          "hasUserCode" : false,
          "nodeId" : "PltOb+fHIROfWIq2"
        }
      }, {
        "type" : 147,
        "typeName" : "BTMParameterQuantity",
        "message" : {
          "units" : "",
          "value" : 0.0,
          "expression" : "0 mm",
          "isInteger" : false,
          "parameterId" : "mateOffsetDistanceX",
          "libraryRelationType" : "NONE",
          "parameterName" : "",
          "hasUserCode" : false,
          "nodeId" : "UQXB9hfJbzVAdi2U"
        }
      }, {
        "type" : 147,
        "typeName" : "BTMParameterQuantity",
        "message" : {
          "units" : "",
          "value" : 0.0,
          "expression" : "0 mm",
          "isInteger" : false,
          "parameterId" : "mateOffsetDistanceY",
          "libraryRelationType" : "NONE",
          "parameterName" : "",
          "hasUserCode" : false,
          "nodeId" : "B5tFy3YhujDSSaLN"
        }
      }, {
        "type" : 147,
        "typeName" : "BTMParameterQuantity",
        "message" : {
          "units" : "",
          "value" : 0.0,
          "expression" : "0 mm",
          "isInteger" : false,
          "parameterId" : "mateOffsetDistanceZ",
          "libraryRelationType" : "NONE",
          "parameterName" : "",
          "hasUserCode" : false,
          "nodeId" : "7RxkoplWQXH7GrGF"
        }
      }, {
        "type" : 145,
        "typeName" : "BTMParameterEnum",
        "message" : {
          "enumName" : "Rotation axis",
          "value" : "ABOUT_X",
          "namespace" : "",
          "parameterId" : "rotationType",
          "libraryRelationType" : "NONE",
          "parameterName" : "",
          "hasUserCode" : false,
          "nodeId" : "HIn19E/VvKCFeYoJ"
        }
      }, {
        "type" : 147,
        "typeName" : "BTMParameterQuantity",
        "message" : {
          "units" : "",
          "value" : 0.0,
          "expression" : "0 deg",
          "isInteger" : false,
          "parameterId" : "rotation",
          "libraryRelationType" : "NONE",
          "parameterName" : "",
          "hasUserCode" : false,
          "nodeId" : "4HdHiXy2Q25UbNqf"
        }
      }, {
        "type" : 144,
        "typeName" : "BTMParameterBoolean",
        "message" : {
          "value" : false,
          "parameterId" : "limitsEnabled",
          "libraryRelationType" : "NONE",
          "parameterName" : "",
          "hasUserCode" : false,
          "nodeId" : "cVJ+eVz1lLgysG0s"
        }
      }, {
        "type" : 807,
        "typeName" : "BTMParameterNullableQuantity",
        "message" : {
          "isNull" : false,
          "nullValue" : "No minimum",
          "units" : "",
          "value" : 0.0,
          "expression" : "0 mm",
          "isInteger" : false,
          "parameterId" : "limitXMin",
          "libraryRelationType" : "NONE",
          "parameterName" : "",
          "hasUserCode" : false,
          "nodeId" : "1VIP2v45eK0arkqq"
        }
      }, {
        "type" : 807,
        "typeName" : "BTMParameterNullableQuantity",
        "message" : {
          "isNull" : false,
          "nullValue" : "No maximum",
          "units" : "",
          "value" : 0.0,
          "expression" : "0 mm",
          "isInteger" : false,
          "parameterId" : "limitXMax",
          "libraryRelationType" : "NONE",
          "parameterName" : "",
          "hasUserCode" : false,
          "nodeId" : "Y1oKgpK8CKWWC8SE"
        }
      }, {
        "type" : 807,
        "typeName" : "BTMParameterNullableQuantity",
        "message" : {
          "isNull" : false,
          "nullValue" : "No minimum",
          "units" : "",
          "value" : 0.0,
          "expression" : "0 mm",
          "isInteger" : false,
          "parameterId" : "limitYMin",
          "libraryRelationType" : "NONE",
          "parameterName" : "",
          "hasUserCode" : false,
          "nodeId" : "cGRR2OPKrnPZRXfo"
        }
      }, {
        "type" : 807,
        "typeName" : "BTMParameterNullableQuantity",
        "message" : {
          "isNull" : false,
          "nullValue" : "No maximum",
          "units" : "",
          "value" : 0.0,
          "expression" : "0 mm",
          "isInteger" : false,
          "parameterId" : "limitYMax",
          "libraryRelationType" : "NONE",
          "parameterName" : "",
          "hasUserCode" : false,
          "nodeId" : "RN36f88sLcnhV4jR"
        }
      }, {
        "type" : 807,
        "typeName" : "BTMParameterNullableQuantity",
        "message" : {
          "isNull" : false,
          "nullValue" : "No minimum",
          "units" : "",
          "value" : 0.0,
          "expression" : "0 mm",
          "isInteger" : false,
          "parameterId" : "limitZMin",
          "libraryRelationType" : "NONE",
          "parameterName" : "",
          "hasUserCode" : false,
          "nodeId" : "8bq2W3ydXhZCca7H"
        }
      }, {
        "type" : 807,
        "typeName" : "BTMParameterNullableQuantity",
        "message" : {
          "isNull" : false,
          "nullValue" : "No maximum",
          "units" : "",
          "value" : 0.0,
          "expression" : "0 mm",
          "isInteger" : false,
          "parameterId" : "limitZMax",
          "libraryRelationType" : "NONE",
          "parameterName" : "",
          "hasUserCode" : false,
          "nodeId" : "uK3S9q/zEfsQFqnO"
        }
      }, {
        "type" : 807,
        "typeName" : "BTMParameterNullableQuantity",
        "message" : {
          "isNull" : false,
          "nullValue" : "No minimum",
          "units" : "",
          "value" : 0.0,
          "expression" : "0 deg",
          "isInteger" : false,
          "parameterId" : "limitAxialXMin",
          "libraryRelationType" : "NONE",
          "parameterName" : "",
          "hasUserCode" : false,
          "nodeId" : "Br2Rj2TwtQZZ64yS"
        }
      }, {
        "type" : 807,
        "typeName" : "BTMParameterNullableQuantity",
        "message" : {
          "isNull" : false,
          "nullValue" : "No maximum",
          "units" : "",
          "value" : 0.0,
          "expression" : "0 deg",
          "isInteger" : false,
          "parameterId" : "limitAxialXMax",
          "libraryRelationType" : "NONE",
          "parameterName" : "",
          "hasUserCode" : false,
          "nodeId" : "Wekpw6ymNJnkPenV"
        }
      }, {
        "type" : 807,
        "typeName" : "BTMParameterNullableQuantity",
        "message" : {
          "isNull" : false,
          "nullValue" : "No minimum",
          "units" : "",
          "value" : 0.0,
          "expression" : "0 deg",
          "isInteger" : false,
          "parameterId" : "limitAxialYMin",
          "libraryRelationType" : "NONE",
          "parameterName" : "",
          "hasUserCode" : false,
          "nodeId" : "/ClTDrPOHj/JLTpn"
        }
      }, {
        "type" : 807,
        "typeName" : "BTMParameterNullableQuantity",
        "message" : {
          "isNull" : false,
          "nullValue" : "No maximum",
          "units" : "",
          "value" : 0.0,
          "expression" : "0 deg",
          "isInteger" : false,
          "parameterId" : "limitAxialYMax",
          "libraryRelationType" : "NONE",
          "parameterName" : "",
          "hasUserCode" : false,
          "nodeId" : "i3LV4FrPe0Zf/suf"
        }
      }, {
        "type" : 807,
        "typeName" : "BTMParameterNullableQuantity",
        "message" : {
          "isNull" : false,
          "nullValue" : "No minimum",
          "units" : "",
          "value" : 0.0,
          "expression" : "0 deg",
          "isInteger" : false,
          "parameterId" : "limitAxialZMin",
          "libraryRelationType" : "NONE",
          "parameterName" : "",
          "hasUserCode" : false,
          "nodeId" : "J8CvWUUUEU8xUR6B"
        }
      }, {
        "type" : 807,
        "typeName" : "BTMParameterNullableQuantity",
        "message" : {
          "isNull" : false,
          "nullValue" : "No maximum",
          "units" : "",
          "value" : 0.0,
          "expression" : "0 deg",
          "isInteger" : false,
          "parameterId" : "limitAxialZMax",
          "libraryRelationType" : "NONE",
          "parameterName" : "",
          "hasUserCode" : false,
          "nodeId" : "EIXLdMjoCCtcqzoi"
        }
      }, {
        "type" : 807,
        "typeName" : "BTMParameterNullableQuantity",
        "message" : {
          "isNull" : false,
          "nullValue" : "No maximum",
          "units" : "",
          "value" : 0.0,
          "expression" : "0 deg",
          "isInteger" : false,
          "parameterId" : "limitEulerConeAngleMax",
          "libraryRelationType" : "NONE",
          "parameterName" : "",
          "hasUserCode" : false,
          "nodeId" : "y/Ai6NXior++gFqX"
        }
      }, {
        "type" : 144,
        "typeName" : "BTMParameterBoolean",
        "message" : {
          "value" : false,
          "parameterId" : "functionalconnection",
          "libraryRelationType" : "NONE",
          "parameterName" : "",
          "hasUserCode" : false,
          "nodeId" : "AIbGtv/eqRnsiWEA"
        }
      }, {
        "type" : 67,
        "typeName" : "BTMParameterQueryWithOccurrenceList",
        "message" : {
          "queries" : [ ],
          "parameterId" : "facestoconnect",
          "libraryRelationType" : "NONE",
          "parameterName" : "",
          "hasUserCode" : false,
          "nodeId" : "BNdMZXK6leBg26pv"
        }
      }, {
        "type" : 144,
        "typeName" : "BTMParameterBoolean",
        "message" : {
          "value" : true,
          "parameterId" : "primaryAxisAlignment",
          "libraryRelationType" : "NONE",
          "parameterName" : "",
          "hasUserCode" : false,
          "nodeId" : "j2M0MEGxEsLgbhVc"
        }
      }, {
        "type" : 145,
        "typeName" : "BTMParameterEnum",
        "message" : {
          "enumName" : "Reorient secondary axis",
          "value" : "PLUS_X",
          "namespace" : "",
          "parameterId" : "secondaryAxisAlignment",
          "libraryRelationType" : "NONE",
          "parameterName" : "",
          "hasUserCode" : false,
          "nodeId" : "BLEfpaZt7C4A0JB4"
        }
      } ],
      "suppressed" : false,
      "namespace" : "",
      "subFeatures" : [ ],
      "returnAfterSubfeatures" : false,
      "suppressionState" : {
        "type" : 0
      },
      "parameterLibraries" : [ ],
      "hasUserCode" : false,
      "nodeId" : "M3v+gMEYDs99t2hCK"
    }
  }, {
    "type" : 64,
    "typeName" : "BTMMate",
    "message" : {
      "mateConnectors" : [ {
        "type" : 66,
        "typeName" : "BTMMateConnector",
        "message" : {
          "isHidden" : true,
          "implicit" : true,
          "isAuxiliaryTreeMateConnector" : false,
          "version" : 9,
          "featureType" : "mateConnector",
          "featureId" : "MlNmmW2YEqHItn5SD",
          "name" : "Mate connector",
          "parameters" : [ {
            "type" : 145,
            "typeName" : "BTMParameterEnum",
            "message" : {
              "enumName" : "Origin type",
              "value" : "ON_ENTITY",
              "namespace" : "",
              "parameterId" : "originType",
              "libraryRelationType" : "NONE",
              "parameterName" : "",
              "hasUserCode" : false,
              "nodeId" : "vU3C56igHeXBCfHtfO/+agcI"
            }
          }, {
            "type" : 67,
            "typeName" : "BTMParameterQueryWithOccurrenceList",
            "message" : {
              "queries" : [ {
                "type" : 1083,
                "typeName" : "BTMInferenceQueryWithOccurrence",
                "message" : {
                  "secondGeometryId" : "",
                  "inferenceType" : "CENTER",
                  "geometryIds" : [ "Lb5/B" ],
                  "path" : [ "MgieEriqAhtPOIrT7" ],
                  "hasUserCode" : false,
                  "nodeId" : "Fhzw3bbQ75YeJwy"
                }
              } ],
              "parameterId" : "originQuery",
              "libraryRelationType" : "NONE",
              "parameterName" : "",
              "hasUserCode" : false,
              "nodeId" : "N2VLyeJmHMPD8Q6gXNICIlIT"
            }
          }, {
            "type" : 67,
            "typeName" : "BTMParameterQueryWithOccurrenceList",
            "message" : {
              "queries" : [ ],
              "parameterId" : "originAdditionalQuery",
              "libraryRelationType" : "NONE",
              "parameterName" : "",
              "hasUserCode" : false,
              "nodeId" : "rOUiTFA4YOdy3sRIKE/J02iz"
            }
          }, {
            "type" : 144,
            "typeName" : "BTMParameterBoolean",
            "message" : {
              "value" : false,
              "parameterId" : "realign",
              "libraryRelationType" : "NONE",
              "parameterName" : "",
              "hasUserCode" : false,
              "nodeId" : "y2D0CSBRPS4rzT5TMDDRhm2F"
            }
          }, {
            "type" : 67,
            "typeName" : "BTMParameterQueryWithOccurrenceList",
            "message" : {
              "queries" : [ ],
              "parameterId" : "primaryAxisQuery",
              "libraryRelationType" : "NONE",
              "parameterName" : "",
              "hasUserCode" : false,
              "nodeId" : "tE8H8Iv+aXU6HDTw38FjKa83"
            }
          }, {
            "type" : 67,
            "typeName" : "BTMParameterQueryWithOccurrenceList",
            "message" : {
              "queries" : [ ],
              "parameterId" : "secondaryAxisQuery",
              "libraryRelationType" : "NONE",
              "parameterName" : "",
              "hasUserCode" : false,
              "nodeId" : "+CbgojM56xZGPvUG0ACTd1Hp"
            }
          }, {
            "type" : 144,
            "typeName" : "BTMParameterBoolean",
            "message" : {
              "value" : false,
              "parameterId" : "transform",
              "libraryRelationType" : "NONE",
              "parameterName" : "",
              "hasUserCode" : false,
              "nodeId" : "NS7SYY1A6/roWkYoJqMeVNkM"
            }
          }, {
            "type" : 147,
            "typeName" : "BTMParameterQuantity",
            "message" : {
              "units" : "",
              "value" : 0.0,
              "expression" : "0.0*mm",
              "isInteger" : false,
              "parameterId" : "translationX",
              "libraryRelationType" : "NONE",
              "parameterName" : "",
              "hasUserCode" : false,
              "nodeId" : "UAQz3ne0CmyHnEcaT8hAmQDq"
            }
          }, {
            "type" : 147,
            "typeName" : "BTMParameterQuantity",
            "message" : {
              "units" : "",
              "value" : 0.0,
              "expression" : "0.0*mm",
              "isInteger" : false,
              "parameterId" : "translationY",
              "libraryRelationType" : "NONE",
              "parameterName" : "",
              "hasUserCode" : false,
              "nodeId" : "f4PPj0zCFAM/nuicKLv+1X5L"
            }
          }, {
            "type" : 147,
            "typeName" : "BTMParameterQuantity",
            "message" : {
              "units" : "",
              "value" : 0.0,
              "expression" : "0.0*mm",
              "isInteger" : false,
              "parameterId" : "translationZ",
              "libraryRelationType" : "NONE",
              "parameterName" : "",
              "hasUserCode" : false,
              "nodeId" : "r3zUaEtYDzu7OVzqTEij1R/c"
            }
          }, {
            "type" : 145,
            "typeName" : "BTMParameterEnum",
            "message" : {
              "enumName" : "Rotation axis",
              "value" : "ABOUT_Z",
              "namespace" : "",
              "parameterId" : "rotationType",
              "libraryRelationType" : "NONE",
              "parameterName" : "",
              "hasUserCode" : false,
              "nodeId" : "jK0ODCDmPdoWEXd1T57Vgo14"
            }
          }, {
            "type" : 147,
            "typeName" : "BTMParameterQuantity",
            "message" : {
              "units" : "",
              "value" : 0.0,
              "expression" : "0.0*deg",
              "isInteger" : false,
              "parameterId" : "rotation",
              "libraryRelationType" : "NONE",
              "parameterName" : "",
              "hasUserCode" : false,
              "nodeId" : "3XU/7P5Z2BLturLV5R2hRykx"
            }
          }, {
            "type" : 144,
            "typeName" : "BTMParameterBoolean",
            "message" : {
              "value" : false,
              "parameterId" : "flipPrimary",
              "libraryRelationType" : "NONE",
              "parameterName" : "",
              "hasUserCode" : false,
              "nodeId" : "HHE0lwSJZecUKh7nYnnpWSbD"
            }
          }, {
            "type" : 145,
            "typeName" : "BTMParameterEnum",
            "message" : {
              "enumName" : "Reorient secondary axis",
              "value" : "PLUS_X",
              "namespace" : "",
              "parameterId" : "secondaryAxisType",
              "libraryRelationType" : "NONE",
              "parameterName" : "",
              "hasUserCode" : false,
              "nodeId" : "d3XvhO4henLSvRWEIErNj5xx"
            }
          } ],
          "suppressed" : false,
          "namespace" : "",
          "subFeatures" : [ ],
          "returnAfterSubfeatures" : false,
          "suppressionState" : {
            "type" : 0
          },
          "parameterLibraries" : [ ],
          "hasUserCode" : false,
          "nodeId" : "MlNmmW2YEqHItn5SD"
        }
      }, {
        "type" : 66,
        "typeName" : "BTMMateConnector",
        "message" : {
          "isHidden" : true,
          "implicit" : true,
          "isAuxiliaryTreeMateConnector" : false,
          "version" : 9,
          "featureType" : "mateConnector",
          "featureId" : "MFikK2FuxgFwHcFr9",
          "name" : "Mate connector",
          "parameters" : [ {
            "type" : 145,
            "typeName" : "BTMParameterEnum",
            "message" : {
              "enumName" : "Origin type",
              "value" : "ON_ENTITY",
              "namespace" : "",
              "parameterId" : "originType",
              "libraryRelationType" : "NONE",
              "parameterName" : "",
              "hasUserCode" : false,
              "nodeId" : "CRDxFmQJXew5pghHqoMwENYI"
            }
          }, {
            "type" : 67,
            "typeName" : "BTMParameterQueryWithOccurrenceList",
            "message" : {
              "queries" : [ {
                "type" : 1083,
                "typeName" : "BTMInferenceQueryWithOccurrence",
                "message" : {
                  "secondGeometryId" : "",
                  "inferenceType" : "CENTER",
                  "geometryIds" : [ "KcVQ" ],
                  "path" : [ "MnZF13LP8h5Lnbrsa" ],
                  "hasUserCode" : false,
                  "nodeId" : "FnFKgOvnNA8crIZ"
                }
              } ],
              "parameterId" : "originQuery",
              "libraryRelationType" : "NONE",
              "parameterName" : "",
              "hasUserCode" : false,
              "nodeId" : "9eGUidDX729AL4e74PIDyIby"
            }
          }, {
            "type" : 67,
            "typeName" : "BTMParameterQueryWithOccurrenceList",
            "message" : {
              "queries" : [ ],
              "parameterId" : "originAdditionalQuery",
              "libraryRelationType" : "NONE",
              "parameterName" : "",
              "hasUserCode" : false,
              "nodeId" : "epTBmqM3ArQ3eYVItmlB+llV"
            }
          }, {
            "type" : 144,
            "typeName" : "BTMParameterBoolean",
            "message" : {
              "value" : false,
              "parameterId" : "realign",
              "libraryRelationType" : "NONE",
              "parameterName" : "",
              "hasUserCode" : false,
              "nodeId" : "Jc/Zx/yeumZUcM6+wGWjdgyZ"
            }
          }, {
            "type" : 67,
            "typeName" : "BTMParameterQueryWithOccurrenceList",
            "message" : {
              "queries" : [ ],
              "parameterId" : "primaryAxisQuery",
              "libraryRelationType" : "NONE",
              "parameterName" : "",
              "hasUserCode" : false,
              "nodeId" : "pl3kxTXygDi2TbNdulYR+jCm"
            }
          }, {
            "type" : 67,
            "typeName" : "BTMParameterQueryWithOccurrenceList",
            "message" : {
              "queries" : [ ],
              "parameterId" : "secondaryAxisQuery",
              "libraryRelationType" : "NONE",
              "parameterName" : "",
              "hasUserCode" : false,
              "nodeId" : "Nsm8GbLoe/eSJNESWrruvjD2"
            }
          }, {
            "type" : 144,
            "typeName" : "BTMParameterBoolean",
            "message" : {
              "value" : false,
              "parameterId" : "transform",
              "libraryRelationType" : "NONE",
              "parameterName" : "",
              "hasUserCode" : false,
              "nodeId" : "UHBNlHHKIp1sUKsDYMfPC8Lh"
            }
          }, {
            "type" : 147,
            "typeName" : "BTMParameterQuantity",
            "message" : {
              "units" : "",
              "value" : 0.0,
              "expression" : "0.0*mm",
              "isInteger" : false,
              "parameterId" : "translationX",
              "libraryRelationType" : "NONE",
              "parameterName" : "",
              "hasUserCode" : false,
              "nodeId" : "noNwOeW5YbJr5HZ6J9djLtZo"
            }
          }, {
            "type" : 147,
            "typeName" : "BTMParameterQuantity",
            "message" : {
              "units" : "",
              "value" : 0.0,
              "expression" : "0.0*mm",
              "isInteger" : false,
              "parameterId" : "translationY",
              "libraryRelationType" : "NONE",
              "parameterName" : "",
              "hasUserCode" : false,
              "nodeId" : "wHXE0zx7Jbc/oqqmVp4FWeiK"
            }
          }, {
            "type" : 147,
            "typeName" : "BTMParameterQuantity",
            "message" : {
              "units" : "",
              "value" : 0.0,
              "expression" : "0.0*mm",
              "isInteger" : false,
              "parameterId" : "translationZ",
              "libraryRelationType" : "NONE",
              "parameterName" : "",
              "hasUserCode" : false,
              "nodeId" : "HpBB9d4AVuhtOAtwbsaiG9m5"
            }
          }, {
            "type" : 145,
            "typeName" : "BTMParameterEnum",
            "message" : {
              "enumName" : "Rotation axis",
              "value" : "ABOUT_Z",
              "namespace" : "",
              "parameterId" : "rotationType",
              "libraryRelationType" : "NONE",
              "parameterName" : "",
              "hasUserCode" : false,
              "nodeId" : "zzra3In7qXEcW7ICBjap002j"
            }
          }, {
            "type" : 147,
            "typeName" : "BTMParameterQuantity",
            "message" : {
              "units" : "",
              "value" : 0.0,
              "expression" : "0.0*deg",
              "isInteger" : false,
              "parameterId" : "rotation",
              "libraryRelationType" : "NONE",
              "parameterName" : "",
              "hasUserCode" : false,
              "nodeId" : "04mPX04y7O+bVXgo726cEqsn"
            }
          }, {
            "type" : 144,
            "typeName" : "BTMParameterBoolean",
            "message" : {
              "value" : false,
              "parameterId" : "flipPrimary",
              "libraryRelationType" : "NONE",
              "parameterName" : "",
              "hasUserCode" : false,
              "nodeId" : "zMbMGYiqGPu0bGp3bXgYeVuy"
            }
          }, {
            "type" : 145,
            "typeName" : "BTMParameterEnum",
            "message" : {
              "enumName" : "Reorient secondary axis",
              "value" : "PLUS_X",
              "namespace" : "",
              "parameterId" : "secondaryAxisType",
              "libraryRelationType" : "NONE",
              "parameterName" : "",
              "hasUserCode" : false,
              "nodeId" : "BGTcldvVmZK9ghyoYPo2OPIr"
            }
          } ],
          "suppressed" : false,
          "namespace" : "",
          "subFeatures" : [ ],
          "returnAfterSubfeatures" : false,
          "suppressionState" : {
            "type" : 0
          },
          "parameterLibraries" : [ ],
          "hasUserCode" : false,
          "nodeId" : "MFikK2FuxgFwHcFr9"
        }
      } ],
      "version" : 2,
      "featureType" : "mate",
      "featureId" : "MttvB+ouacAGJ3dHA",
      "name" : "knee_left_pitch_join",
      "parameters" : [ {
        "type" : 145,
        "typeName" : "BTMParameterEnum",
        "message" : {
          "enumName" : "Mate type",
          "value" : "REVOLUTE",
          "namespace" : "",
          "parameterId" : "mateType",
          "libraryRelationType" : "NONE",
          "parameterName" : "",
          "hasUserCode" : false,
          "nodeId" : "eVhuZvopDCzXJOhc"
        }
      }, {
        "type" : 67,
        "typeName" : "BTMParameterQueryWithOccurrenceList",
        "message" : {
          "queries" : [ {
            "type" : 157,
            "typeName" : "BTMFeatureQueryWithOccurrence",
            "message" : {
              "featureId" : "MlNmmW2YEqHItn5SD",
              "queryData" : "",
              "path" : [ ],
              "hasUserCode" : false,
              "nodeId" : "Mk3wufUZOuDvNVska"
            }
          }, {
            "type" : 157,
            "typeName" : "BTMFeatureQueryWithOccurrence",
            "message" : {
              "featureId" : "MFikK2FuxgFwHcFr9",
              "queryData" : "",
              "path" : [ ],
              "hasUserCode" : false,
              "nodeId" : "M9YuToW8tCVU1xGxk"
            }
          } ],
          "parameterId" : "mateConnectorsQuery",
          "libraryRelationType" : "NONE",
          "parameterName" : "",
          "hasUserCode" : false,
          "nodeId" : "5vafZZzo+uOt1SPU"
        }
      }, {
        "type" : 144,
        "typeName" : "BTMParameterBoolean",
        "message" : {
          "value" : false,
          "parameterId" : "mateOffsetEnabled",
          "libraryRelationType" : "NONE",
          "parameterName" : "",
          "hasUserCode" : false,
          "nodeId" : "n5NT30z4zoOo0j3L"
        }
      }, {
        "type" : 147,
        "typeName" : "BTMParameterQuantity",
        "message" : {
          "units" : "",
          "value" : 0.0,
          "expression" : "0 mm",
          "isInteger" : false,
          "parameterId" : "mateOffsetDistanceX",
          "libraryRelationType" : "NONE",
          "parameterName" : "",
          "hasUserCode" : false,
          "nodeId" : "EBnqZ+Plqa+qhvMD"
        }
      }, {
        "type" : 147,
        "typeName" : "BTMParameterQuantity",
        "message" : {
          "units" : "",
          "value" : 0.0,
          "expression" : "0 mm",
          "isInteger" : false,
          "parameterId" : "mateOffsetDistanceY",
          "libraryRelationType" : "NONE",
          "parameterName" : "",
          "hasUserCode" : false,
          "nodeId" : "tJYH7XDMrU4xHYiU"
        }
      }, {
        "type" : 147,
        "typeName" : "BTMParameterQuantity",
        "message" : {
          "units" : "",
          "value" : 0.0,
          "expression" : "0 mm",
          "isInteger" : false,
          "parameterId" : "mateOffsetDistanceZ",
          "libraryRelationType" : "NONE",
          "parameterName" : "",
          "hasUserCode" : false,
          "nodeId" : "QS7xcndGtupAhGAL"
        }
      }, {
        "type" : 145,
        "typeName" : "BTMParameterEnum",
        "message" : {
          "enumName" : "Rotation axis",
          "value" : "ABOUT_X",
          "namespace" : "",
          "parameterId" : "rotationType",
          "libraryRelationType" : "NONE",
          "parameterName" : "",
          "hasUserCode" : false,
          "nodeId" : "blzB6+tOcCRx9BEx"
        }
      }, {
        "type" : 147,
        "typeName" : "BTMParameterQuantity",
        "message" : {
          "units" : "",
          "value" : 0.0,
          "expression" : "0 deg",
          "isInteger" : false,
          "parameterId" : "rotation",
          "libraryRelationType" : "NONE",
          "parameterName" : "",
          "hasUserCode" : false,
          "nodeId" : "mbExnI1sDsMH8TVu"
        }
      }, {
        "type" : 144,
        "typeName" : "BTMParameterBoolean",
        "message" : {
          "value" : false,
          "parameterId" : "limitsEnabled",
          "libraryRelationType" : "NONE",
          "parameterName" : "",
          "hasUserCode" : false,
          "nodeId" : "EH5/Rw1CWVyfZF18"
        }
      }, {
        "type" : 807,
        "typeName" : "BTMParameterNullableQuantity",
        "message" : {
          "isNull" : false,
          "nullValue" : "No minimum",
          "units" : "",
          "value" : 0.0,
          "expression" : "0 mm",
          "isInteger" : false,
          "parameterId" : "limitXMin",
          "libraryRelationType" : "NONE",
          "parameterName" : "",
          "hasUserCode" : false,
          "nodeId" : "vGMYzB5YNV+O/stE"
        }
      }, {
        "type" : 807,
        "typeName" : "BTMParameterNullableQuantity",
        "message" : {
          "isNull" : false,
          "nullValue" : "No maximum",
          "units" : "",
          "value" : 0.0,
          "expression" : "0 mm",
          "isInteger" : false,
          "parameterId" : "limitXMax",
          "libraryRelationType" : "NONE",
          "parameterName" : "",
          "hasUserCode" : false,
          "nodeId" : "8TQ55F1Aty04fKms"
        }
      }, {
        "type" : 807,
        "typeName" : "BTMParameterNullableQuantity",
        "message" : {
          "isNull" : false,
          "nullValue" : "No minimum",
          "units" : "",
          "value" : 0.0,
          "expression" : "0 mm",
          "isInteger" : false,
          "parameterId" : "limitYMin",
          "libraryRelationType" : "NONE",
          "parameterName" : "",
          "hasUserCode" : false,
          "nodeId" : "HK3EKk+Ctl02qJWT"
        }
      }, {
        "type" : 807,
        "typeName" : "BTMParameterNullableQuantity",
        "message" : {
          "isNull" : false,
          "nullValue" : "No maximum",
          "units" : "",
          "value" : 0.0,
          "expression" : "0 mm",
          "isInteger" : false,
          "parameterId" : "limitYMax",
          "libraryRelationType" : "NONE",
          "parameterName" : "",
          "hasUserCode" : false,
          "nodeId" : "bR3eQ6kGA9Z+qGYp"
        }
      }, {
        "type" : 807,
        "typeName" : "BTMParameterNullableQuantity",
        "message" : {
          "isNull" : false,
          "nullValue" : "No minimum",
          "units" : "",
          "value" : 0.0,
          "expression" : "0 mm",
          "isInteger" : false,
          "parameterId" : "limitZMin",
          "libraryRelationType" : "NONE",
          "parameterName" : "",
          "hasUserCode" : false,
          "nodeId" : "RMzFSsLA/7OqAQMT"
        }
      }, {
        "type" : 807,
        "typeName" : "BTMParameterNullableQuantity",
        "message" : {
          "isNull" : false,
          "nullValue" : "No maximum",
          "units" : "",
          "value" : 0.0,
          "expression" : "0 mm",
          "isInteger" : false,
          "parameterId" : "limitZMax",
          "libraryRelationType" : "NONE",
          "parameterName" : "",
          "hasUserCode" : false,
          "nodeId" : "HT58Oy7jt/Oj6JuW"
        }
      }, {
        "type" : 807,
        "typeName" : "BTMParameterNullableQuantity",
        "message" : {
          "isNull" : false,
          "nullValue" : "No minimum",
          "units" : "",
          "value" : 0.0,
          "expression" : "0 deg",
          "isInteger" : false,
          "parameterId" : "limitAxialXMin",
          "libraryRelationType" : "NONE",
          "parameterName" : "",
          "hasUserCode" : false,
          "nodeId" : "126eLZzkj8MIpaRO"
        }
      }, {
        "type" : 807,
        "typeName" : "BTMParameterNullableQuantity",
        "message" : {
          "isNull" : false,
          "nullValue" : "No maximum",
          "units" : "",
          "value" : 0.0,
          "expression" : "0 deg",
          "isInteger" : false,
          "parameterId" : "limitAxialXMax",
          "libraryRelationType" : "NONE",
          "parameterName" : "",
          "hasUserCode" : false,
          "nodeId" : "/D1B3Wh2XJUPL+/+"
        }
      }, {
        "type" : 807,
        "typeName" : "BTMParameterNullableQuantity",
        "message" : {
          "isNull" : false,
          "nullValue" : "No minimum",
          "units" : "",
          "value" : 0.0,
          "expression" : "0 deg",
          "isInteger" : false,
          "parameterId" : "limitAxialYMin",
          "libraryRelationType" : "NONE",
          "parameterName" : "",
          "hasUserCode" : false,
          "nodeId" : "VHMJL9hdJENjSrMW"
        }
      }, {
        "type" : 807,
        "typeName" : "BTMParameterNullableQuantity",
        "message" : {
          "isNull" : false,
          "nullValue" : "No maximum",
          "units" : "",
          "value" : 0.0,
          "expression" : "0 deg",
          "isInteger" : false,
          "parameterId" : "limitAxialYMax",
          "libraryRelationType" : "NONE",
          "parameterName" : "",
          "hasUserCode" : false,
          "nodeId" : "5723ILTsM3GCjLO9"
        }
      }, {
        "type" : 807,
        "typeName" : "BTMParameterNullableQuantity",
        "message" : {
          "isNull" : false,
          "nullValue" : "No minimum",
          "units" : "",
          "value" : 0.0,
          "expression" : "0 deg",
          "isInteger" : false,
          "parameterId" : "limitAxialZMin",
          "libraryRelationType" : "NONE",
          "parameterName" : "",
          "hasUserCode" : false,
          "nodeId" : "Ks/84nON3EoilhVV"
        }
      }, {
        "type" : 807,
        "typeName" : "BTMParameterNullableQuantity",
        "message" : {
          "isNull" : false,
          "nullValue" : "No maximum",
          "units" : "",
          "value" : 0.0,
          "expression" : "0 deg",
          "isInteger" : false,
          "parameterId" : "limitAxialZMax",
          "libraryRelationType" : "NONE",
          "parameterName" : "",
          "hasUserCode" : false,
          "nodeId" : "o+oc0TdoGdqAsraz"
        }
      }, {
        "type" : 807,
        "typeName" : "BTMParameterNullableQuantity",
        "message" : {
          "isNull" : false,
          "nullValue" : "No maximum",
          "units" : "",
          "value" : 0.0,
          "expression" : "0 deg",
          "isInteger" : false,
          "parameterId" : "limitEulerConeAngleMax",
          "libraryRelationType" : "NONE",
          "parameterName" : "",
          "hasUserCode" : false,
          "nodeId" : "K3OWI+eGLqkjFy6y"
        }
      }, {
        "type" : 144,
        "typeName" : "BTMParameterBoolean",
        "message" : {
          "value" : false,
          "parameterId" : "functionalconnection",
          "libraryRelationType" : "NONE",
          "parameterName" : "",
          "hasUserCode" : false,
          "nodeId" : "sykaqpPa5VZnl5Lu"
        }
      }, {
        "type" : 67,
        "typeName" : "BTMParameterQueryWithOccurrenceList",
        "message" : {
          "queries" : [ ],
          "parameterId" : "facestoconnect",
          "libraryRelationType" : "NONE",
          "parameterName" : "",
          "hasUserCode" : false,
          "nodeId" : "dzldq8RTmbkWk6Xr"
        }
      }, {
        "type" : 144,
        "typeName" : "BTMParameterBoolean",
        "message" : {
          "value" : true,
          "parameterId" : "primaryAxisAlignment",
          "libraryRelationType" : "NONE",
          "parameterName" : "",
          "hasUserCode" : false,
          "nodeId" : "bL9tFEjDluXtpHip"
        }
      }, {
        "type" : 145,
        "typeName" : "BTMParameterEnum",
        "message" : {
          "enumName" : "Reorient secondary axis",
          "value" : "PLUS_X",
          "namespace" : "",
          "parameterId" : "secondaryAxisAlignment",
          "libraryRelationType" : "NONE",
          "parameterName" : "",
          "hasUserCode" : false,
          "nodeId" : "zyQ6lAOjdgMv2qBu"
        }
      } ],
      "suppressed" : false,
      "namespace" : "",
      "subFeatures" : [ ],
      "returnAfterSubfeatures" : false,
      "suppressionState" : {
        "type" : 0
      },
      "parameterLibraries" : [ ],
      "hasUserCode" : false,
      "nodeId" : "MttvB+ouacAGJ3dHA"
    }
  }, {
    "type" : 64,
    "typeName" : "BTMMate",
    "message" : {
      "mateConnectors" : [ {
        "type" : 66,
        "typeName" : "BTMMateConnector",
        "message" : {
          "isHidden" : true,
          "implicit" : true,
          "isAuxiliaryTreeMateConnector" : false,
          "version" : 9,
          "featureType" : "mateConnector",
          "featureId" : "MCZfcFLgW3wa70yf7",
          "name" : "Mate connector",
          "parameters" : [ {
            "type" : 145,
            "typeName" : "BTMParameterEnum",
            "message" : {
              "enumName" : "Origin type",
              "value" : "ON_ENTITY",
              "namespace" : "",
              "parameterId" : "originType",
              "libraryRelationType" : "NONE",
              "parameterName" : "",
              "hasUserCode" : false,
              "nodeId" : "8uzJnnbzX29jOq3JMWeDAeta"
            }
          }, {
            "type" : 67,
            "typeName" : "BTMParameterQueryWithOccurrenceList",
            "message" : {
              "queries" : [ {
                "type" : 1083,
                "typeName" : "BTMInferenceQueryWithOccurrence",
                "message" : {
                  "secondGeometryId" : "",
                  "inferenceType" : "CENTER",
                  "geometryIds" : [ "LY5/B" ],
                  "path" : [ "MfYmVIwIomqTTpI2o" ],
                  "hasUserCode" : false,
                  "nodeId" : "F6LbJi24bmsGvdK"
                }
              } ],
              "parameterId" : "originQuery",
              "libraryRelationType" : "NONE",
              "parameterName" : "",
              "hasUserCode" : false,
              "nodeId" : "NGAyqXa/ZeQm6C6lGxfsLbbj"
            }
          }, {
            "type" : 67,
            "typeName" : "BTMParameterQueryWithOccurrenceList",
            "message" : {
              "queries" : [ ],
              "parameterId" : "originAdditionalQuery",
              "libraryRelationType" : "NONE",
              "parameterName" : "",
              "hasUserCode" : false,
              "nodeId" : "vq3nhTgfSY2iuTTOBtcSRdyQ"
            }
          }, {
            "type" : 144,
            "typeName" : "BTMParameterBoolean",
            "message" : {
              "value" : false,
              "parameterId" : "realign",
              "libraryRelationType" : "NONE",
              "parameterName" : "",
              "hasUserCode" : false,
              "nodeId" : "hNJbETtWCqMIheNsDdSmUIgS"
            }
          }, {
            "type" : 67,
            "typeName" : "BTMParameterQueryWithOccurrenceList",
            "message" : {
              "queries" : [ ],
              "parameterId" : "primaryAxisQuery",
              "libraryRelationType" : "NONE",
              "parameterName" : "",
              "hasUserCode" : false,
              "nodeId" : "4AQnLhR6IdqJ4FXgZf3jC0e/"
            }
          }, {
            "type" : 67,
            "typeName" : "BTMParameterQueryWithOccurrenceList",
            "message" : {
              "queries" : [ ],
              "parameterId" : "secondaryAxisQuery",
              "libraryRelationType" : "NONE",
              "parameterName" : "",
              "hasUserCode" : false,
              "nodeId" : "SYoAISCuoAtPyRSKVmEtGXWY"
            }
          }, {
            "type" : 144,
            "typeName" : "BTMParameterBoolean",
            "message" : {
              "value" : false,
              "parameterId" : "transform",
              "libraryRelationType" : "NONE",
              "parameterName" : "",
              "hasUserCode" : false,
              "nodeId" : "g9gl3hp12PHoKOo0SYJgHdoA"
            }
          }, {
            "type" : 147,
            "typeName" : "BTMParameterQuantity",
            "message" : {
              "units" : "",
              "value" : 0.0,
              "expression" : "0.0*mm",
              "isInteger" : false,
              "parameterId" : "translationX",
              "libraryRelationType" : "NONE",
              "parameterName" : "",
              "hasUserCode" : false,
              "nodeId" : "ilnuCPVgCViKkms2HE2y33w+"
            }
          }, {
            "type" : 147,
            "typeName" : "BTMParameterQuantity",
            "message" : {
              "units" : "",
              "value" : 0.0,
              "expression" : "0.0*mm",
              "isInteger" : false,
              "parameterId" : "translationY",
              "libraryRelationType" : "NONE",
              "parameterName" : "",
              "hasUserCode" : false,
              "nodeId" : "H5M7xp8QP2Pxsk8n/C0bT01L"
            }
          }, {
            "type" : 147,
            "typeName" : "BTMParameterQuantity",
            "message" : {
              "units" : "",
              "value" : 0.0,
              "expression" : "0.0*mm",
              "isInteger" : false,
              "parameterId" : "translationZ",
              "libraryRelationType" : "NONE",
              "parameterName" : "",
              "hasUserCode" : false,
              "nodeId" : "kamHSPoRVbmFhlcuDL0kgx6D"
            }
          }, {
            "type" : 145,
            "typeName" : "BTMParameterEnum",
            "message" : {
              "enumName" : "Rotation axis",
              "value" : "ABOUT_Z",
              "namespace" : "",
              "parameterId" : "rotationType",
              "libraryRelationType" : "NONE",
              "parameterName" : "",
              "hasUserCode" : false,
              "nodeId" : "/Gq/kWhmF+98gZbab/03BgIl"
            }
          }, {
            "type" : 147,
            "typeName" : "BTMParameterQuantity",
            "message" : {
              "units" : "",
              "value" : 0.0,
              "expression" : "0.0*deg",
              "isInteger" : false,
              "parameterId" : "rotation",
              "libraryRelationType" : "NONE",
              "parameterName" : "",
              "hasUserCode" : false,
              "nodeId" : "SM2vxDpyjsYPgtZH+IhKihGY"
            }
          }, {
            "type" : 144,
            "typeName" : "BTMParameterBoolean",
            "message" : {
              "value" : false,
              "parameterId" : "flipPrimary",
              "libraryRelationType" : "NONE",
              "parameterName" : "",
              "hasUserCode" : false,
              "nodeId" : "5IwUNCNuX4FMP/RpyngKTYSW"
            }
          }, {
            "type" : 145,
            "typeName" : "BTMParameterEnum",
            "message" : {
              "enumName" : "Reorient secondary axis",
              "value" : "PLUS_X",
              "namespace" : "",
              "parameterId" : "secondaryAxisType",
              "libraryRelationType" : "NONE",
              "parameterName" : "",
              "hasUserCode" : false,
              "nodeId" : "rgW3B5/F/rZgQpNNWihviSS7"
            }
          } ],
          "suppressed" : false,
          "namespace" : "",
          "subFeatures" : [ ],
          "returnAfterSubfeatures" : false,
          "suppressionState" : {
            "type" : 0
          },
          "parameterLibraries" : [ ],
          "hasUserCode" : false,
          "nodeId" : "MCZfcFLgW3wa70yf7"
        }
      }, {
        "type" : 66,
        "typeName" : "BTMMateConnector",
        "message" : {
          "isHidden" : true,
          "implicit" : true,
          "isAuxiliaryTreeMateConnector" : false,
          "version" : 9,
          "featureType" : "mateConnector",
          "featureId" : "M5BB0HSjVtCoQ9PdV",
          "name" : "Mate connector",
          "parameters" : [ {
            "type" : 145,
            "typeName" : "BTMParameterEnum",
            "message" : {
              "enumName" : "Origin type",
              "value" : "ON_ENTITY",
              "namespace" : "",
              "parameterId" : "originType",
              "libraryRelationType" : "NONE",
              "parameterName" : "",
              "hasUserCode" : false,
              "nodeId" : "3lBVSWb5iCLqb1ynooNBJPa0"
            }
          }, {
            "type" : 67,
            "typeName" : "BTMParameterQueryWithOccurrenceList",
            "message" : {
              "queries" : [ {
                "type" : 1083,
                "typeName" : "BTMInferenceQueryWithOccurrence",
                "message" : {
                  "secondGeometryId" : "",
                  "inferenceType" : "CENTER",
                  "geometryIds" : [ "KdVQ" ],
                  "path" : [ "MUXleZToNBx//Eqmn" ],
                  "hasUserCode" : false,
                  "nodeId" : "Fs2qwzW6Isdr2MA"
                }
              } ],
              "parameterId" : "originQuery",
              "libraryRelationType" : "NONE",
              "parameterName" : "",
              "hasUserCode" : false,
              "nodeId" : "iHtWgZNotFMy07s1vOYnvCyx"
            }
          }, {
            "type" : 67,
            "typeName" : "BTMParameterQueryWithOccurrenceList",
            "message" : {
              "queries" : [ ],
              "parameterId" : "originAdditionalQuery",
              "libraryRelationType" : "NONE",
              "parameterName" : "",
              "hasUserCode" : false,
              "nodeId" : "RA3GP57UbW/zBvu/Xt6qyqg0"
            }
          }, {
            "type" : 144,
            "typeName" : "BTMParameterBoolean",
            "message" : {
              "value" : false,
              "parameterId" : "realign",
              "libraryRelationType" : "NONE",
              "parameterName" : "",
              "hasUserCode" : false,
              "nodeId" : "17x3eY//8QExXVx1sHd5nrc7"
            }
          }, {
            "type" : 67,
            "typeName" : "BTMParameterQueryWithOccurrenceList",
            "message" : {
              "queries" : [ ],
              "parameterId" : "primaryAxisQuery",
              "libraryRelationType" : "NONE",
              "parameterName" : "",
              "hasUserCode" : false,
              "nodeId" : "Htpjpla7jBoiagxMAgWz4Rrl"
            }
          }, {
            "type" : 67,
            "typeName" : "BTMParameterQueryWithOccurrenceList",
            "message" : {
              "queries" : [ ],
              "parameterId" : "secondaryAxisQuery",
              "libraryRelationType" : "NONE",
              "parameterName" : "",
              "hasUserCode" : false,
              "nodeId" : "VeOMfFMo6qcenLNfQZhRIupC"
            }
          }, {
            "type" : 144,
            "typeName" : "BTMParameterBoolean",
            "message" : {
              "value" : false,
              "parameterId" : "transform",
              "libraryRelationType" : "NONE",
              "parameterName" : "",
              "hasUserCode" : false,
              "nodeId" : "7RedopF8w6nmpkZmFy3qRAvg"
            }
          }, {
            "type" : 147,
            "typeName" : "BTMParameterQuantity",
            "message" : {
              "units" : "",
              "value" : 0.0,
              "expression" : "0.0*mm",
              "isInteger" : false,
              "parameterId" : "translationX",
              "libraryRelationType" : "NONE",
              "parameterName" : "",
              "hasUserCode" : false,
              "nodeId" : "Zmoso7CPVs7VE86gbdpKvEw/"
            }
          }, {
            "type" : 147,
            "typeName" : "BTMParameterQuantity",
            "message" : {
              "units" : "",
              "value" : 0.0,
              "expression" : "0.0*mm",
              "isInteger" : false,
              "parameterId" : "translationY",
              "libraryRelationType" : "NONE",
              "parameterName" : "",
              "hasUserCode" : false,
              "nodeId" : "S3Ofg63LlTm7FtVz4oiI9/rz"
            }
          }, {
            "type" : 147,
            "typeName" : "BTMParameterQuantity",
            "message" : {
              "units" : "",
              "value" : 0.0,
              "expression" : "0.0*mm",
              "isInteger" : false,
              "parameterId" : "translationZ",
              "libraryRelationType" : "NONE",
              "parameterName" : "",
              "hasUserCode" : false,
              "nodeId" : "jw+NLlPdHP6+/OtopngcXIXu"
            }
          }, {
            "type" : 145,
            "typeName" : "BTMParameterEnum",
            "message" : {
              "enumName" : "Rotation axis",
              "value" : "ABOUT_Z",
              "namespace" : "",
              "parameterId" : "rotationType",
              "libraryRelationType" : "NONE",
              "parameterName" : "",
              "hasUserCode" : false,
              "nodeId" : "kHQpodbT6T93G/1E6fZGFIKW"
            }
          }, {
            "type" : 147,
            "typeName" : "BTMParameterQuantity",
            "message" : {
              "units" : "",
              "value" : 0.0,
              "expression" : "0.0*deg",
              "isInteger" : false,
              "parameterId" : "rotation",
              "libraryRelationType" : "NONE",
              "parameterName" : "",
              "hasUserCode" : false,
              "nodeId" : "o60d+KPQFjtJZRermEErrE4N"
            }
          }, {
            "type" : 144,
            "typeName" : "BTMParameterBoolean",
            "message" : {
              "value" : false,
              "parameterId" : "flipPrimary",
              "libraryRelationType" : "NONE",
              "parameterName" : "",
              "hasUserCode" : false,
              "nodeId" : "pfgjZtB7Dj4P6QM/rnC0kl6B"
            }
          }, {
            "type" : 145,
            "typeName" : "BTMParameterEnum",
            "message" : {
              "enumName" : "Reorient secondary axis",
              "value" : "PLUS_X",
              "namespace" : "",
              "parameterId" : "secondaryAxisType",
              "libraryRelationType" : "NONE",
              "parameterName" : "",
              "hasUserCode" : false,
              "nodeId" : "oF2S8sAtL5Esv7/A7UCIZQ3q"
            }
          } ],
          "suppressed" : false,
          "namespace" : "",
          "subFeatures" : [ ],
          "returnAfterSubfeatures" : false,
          "suppressionState" : {
            "type" : 0
          },
          "parameterLibraries" : [ ],
          "hasUserCode" : false,
          "nodeId" : "M5BB0HSjVtCoQ9PdV"
        }
      } ],
      "version" : 2,
      "featureType" : "mate",
      "featureId" : "MXqovRgdUkyQ2Ogrq",
      "name" : "knee_right_pitch_joint",
      "parameters" : [ {
        "type" : 145,
        "typeName" : "BTMParameterEnum",
        "message" : {
          "enumName" : "Mate type",
          "value" : "REVOLUTE",
          "namespace" : "",
          "parameterId" : "mateType",
          "libraryRelationType" : "NONE",
          "parameterName" : "",
          "hasUserCode" : false,
          "nodeId" : "V7uPytjpZYz+/cl7"
        }
      }, {
        "type" : 67,
        "typeName" : "BTMParameterQueryWithOccurrenceList",
        "message" : {
          "queries" : [ {
            "type" : 157,
            "typeName" : "BTMFeatureQueryWithOccurrence",
            "message" : {
              "featureId" : "MCZfcFLgW3wa70yf7",
              "queryData" : "",
              "path" : [ ],
              "hasUserCode" : false,
              "nodeId" : "MbJICzUwG9KkYtH3g"
            }
          }, {
            "type" : 157,
            "typeName" : "BTMFeatureQueryWithOccurrence",
            "message" : {
              "featureId" : "M5BB0HSjVtCoQ9PdV",
              "queryData" : "",
              "path" : [ ],
              "hasUserCode" : false,
              "nodeId" : "MVkhsYrfB40EdBz5s"
            }
          } ],
          "parameterId" : "mateConnectorsQuery",
          "libraryRelationType" : "NONE",
          "parameterName" : "",
          "hasUserCode" : false,
          "nodeId" : "JqFzrB6wV5BuV/Rw"
        }
      }, {
        "type" : 144,
        "typeName" : "BTMParameterBoolean",
        "message" : {
          "value" : false,
          "parameterId" : "mateOffsetEnabled",
          "libraryRelationType" : "NONE",
          "parameterName" : "",
          "hasUserCode" : false,
          "nodeId" : "vTKzEUHW90YIVd1s"
        }
      }, {
        "type" : 147,
        "typeName" : "BTMParameterQuantity",
        "message" : {
          "units" : "",
          "value" : 0.0,
          "expression" : "0 mm",
          "isInteger" : false,
          "parameterId" : "mateOffsetDistanceX",
          "libraryRelationType" : "NONE",
          "parameterName" : "",
          "hasUserCode" : false,
          "nodeId" : "qe9uWksZEUNMLZ3U"
        }
      }, {
        "type" : 147,
        "typeName" : "BTMParameterQuantity",
        "message" : {
          "units" : "",
          "value" : 0.0,
          "expression" : "0 mm",
          "isInteger" : false,
          "parameterId" : "mateOffsetDistanceY",
          "libraryRelationType" : "NONE",
          "parameterName" : "",
          "hasUserCode" : false,
          "nodeId" : "YjpmHMG/d5v+RXjZ"
        }
      }, {
        "type" : 147,
        "typeName" : "BTMParameterQuantity",
        "message" : {
          "units" : "",
          "value" : 0.0,
          "expression" : "0 mm",
          "isInteger" : false,
          "parameterId" : "mateOffsetDistanceZ",
          "libraryRelationType" : "NONE",
          "parameterName" : "",
          "hasUserCode" : false,
          "nodeId" : "eotEDIRSqWg5PW4b"
        }
      }, {
        "type" : 145,
        "typeName" : "BTMParameterEnum",
        "message" : {
          "enumName" : "Rotation axis",
          "value" : "ABOUT_X",
          "namespace" : "",
          "parameterId" : "rotationType",
          "libraryRelationType" : "NONE",
          "parameterName" : "",
          "hasUserCode" : false,
          "nodeId" : "fOquDoYhB/d4+X10"
        }
      }, {
        "type" : 147,
        "typeName" : "BTMParameterQuantity",
        "message" : {
          "units" : "",
          "value" : 0.0,
          "expression" : "0 deg",
          "isInteger" : false,
          "parameterId" : "rotation",
          "libraryRelationType" : "NONE",
          "parameterName" : "",
          "hasUserCode" : false,
          "nodeId" : "Ap/f7jNBnb2xaYUW"
        }
      }, {
        "type" : 144,
        "typeName" : "BTMParameterBoolean",
        "message" : {
          "value" : false,
          "parameterId" : "limitsEnabled",
          "libraryRelationType" : "NONE",
          "parameterName" : "",
          "hasUserCode" : false,
          "nodeId" : "Hznd+WhYofEBVyXu"
        }
      }, {
        "type" : 807,
        "typeName" : "BTMParameterNullableQuantity",
        "message" : {
          "isNull" : false,
          "nullValue" : "No minimum",
          "units" : "",
          "value" : 0.0,
          "expression" : "0 mm",
          "isInteger" : false,
          "parameterId" : "limitXMin",
          "libraryRelationType" : "NONE",
          "parameterName" : "",
          "hasUserCode" : false,
          "nodeId" : "CVkYerxgXaZQLeZX"
        }
      }, {
        "type" : 807,
        "typeName" : "BTMParameterNullableQuantity",
        "message" : {
          "isNull" : false,
          "nullValue" : "No maximum",
          "units" : "",
          "value" : 0.0,
          "expression" : "0 mm",
          "isInteger" : false,
          "parameterId" : "limitXMax",
          "libraryRelationType" : "NONE",
          "parameterName" : "",
          "hasUserCode" : false,
          "nodeId" : "/EEn/xjxoN3GlbOH"
        }
      }, {
        "type" : 807,
        "typeName" : "BTMParameterNullableQuantity",
        "message" : {
          "isNull" : false,
          "nullValue" : "No minimum",
          "units" : "",
          "value" : 0.0,
          "expression" : "0 mm",
          "isInteger" : false,
          "parameterId" : "limitYMin",
          "libraryRelationType" : "NONE",
          "parameterName" : "",
          "hasUserCode" : false,
          "nodeId" : "wC+TfY/kae2MlwAx"
        }
      }, {
        "type" : 807,
        "typeName" : "BTMParameterNullableQuantity",
        "message" : {
          "isNull" : false,
          "nullValue" : "No maximum",
          "units" : "",
          "value" : 0.0,
          "expression" : "0 mm",
          "isInteger" : false,
          "parameterId" : "limitYMax",
          "libraryRelationType" : "NONE",
          "parameterName" : "",
          "hasUserCode" : false,
          "nodeId" : "ar4+V9vw5WT82uRd"
        }
      }, {
        "type" : 807,
        "typeName" : "BTMParameterNullableQuantity",
        "message" : {
          "isNull" : false,
          "nullValue" : "No minimum",
          "units" : "",
          "value" : 0.0,
          "expression" : "0 mm",
          "isInteger" : false,
          "parameterId" : "limitZMin",
          "libraryRelationType" : "NONE",
          "parameterName" : "",
          "hasUserCode" : false,
          "nodeId" : "xiRE1HoFIr/naXCW"
        }
      }, {
        "type" : 807,
        "typeName" : "BTMParameterNullableQuantity",
        "message" : {
          "isNull" : false,
          "nullValue" : "No maximum",
          "units" : "",
          "value" : 0.0,
          "expression" : "0 mm",
          "isInteger" : false,
          "parameterId" : "limitZMax",
          "libraryRelationType" : "NONE",
          "parameterName" : "",
          "hasUserCode" : false,
          "nodeId" : "Nu9zXC+EqsUlGxGM"
        }
      }, {
        "type" : 807,
        "typeName" : "BTMParameterNullableQuantity",
        "message" : {
          "isNull" : false,
          "nullValue" : "No minimum",
          "units" : "",
          "value" : 0.0,
          "expression" : "0 deg",
          "isInteger" : false,
          "parameterId" : "limitAxialXMin",
          "libraryRelationType" : "NONE",
          "parameterName" : "",
          "hasUserCode" : false,
          "nodeId" : "xImChFV4fOpDJ0Ko"
        }
      }, {
        "type" : 807,
        "typeName" : "BTMParameterNullableQuantity",
        "message" : {
          "isNull" : false,
          "nullValue" : "No maximum",
          "units" : "",
          "value" : 0.0,
          "expression" : "0 deg",
          "isInteger" : false,
          "parameterId" : "limitAxialXMax",
          "libraryRelationType" : "NONE",
          "parameterName" : "",
          "hasUserCode" : false,
          "nodeId" : "OH84Fs5X41jzi8jL"
        }
      }, {
        "type" : 807,
        "typeName" : "BTMParameterNullableQuantity",
        "message" : {
          "isNull" : false,
          "nullValue" : "No minimum",
          "units" : "",
          "value" : 0.0,
          "expression" : "0 deg",
          "isInteger" : false,
          "parameterId" : "limitAxialYMin",
          "libraryRelationType" : "NONE",
          "parameterName" : "",
          "hasUserCode" : false,
          "nodeId" : "u4/UoIKzfyacuEio"
        }
      }, {
        "type" : 807,
        "typeName" : "BTMParameterNullableQuantity",
        "message" : {
          "isNull" : false,
          "nullValue" : "No maximum",
          "units" : "",
          "value" : 0.0,
          "expression" : "0 deg",
          "isInteger" : false,
          "parameterId" : "limitAxialYMax",
          "libraryRelationType" : "NONE",
          "parameterName" : "",
          "hasUserCode" : false,
          "nodeId" : "JqTTayyt1VarTrfz"
        }
      }, {
        "type" : 807,
        "typeName" : "BTMParameterNullableQuantity",
        "message" : {
          "isNull" : false,
          "nullValue" : "No minimum",
          "units" : "",
          "value" : 0.0,
          "expression" : "0 deg",
          "isInteger" : false,
          "parameterId" : "limitAxialZMin",
          "libraryRelationType" : "NONE",
          "parameterName" : "",
          "hasUserCode" : false,
          "nodeId" : "2kzYc4mXxsN27u70"
        }
      }, {
        "type" : 807,
        "typeName" : "BTMParameterNullableQuantity",
        "message" : {
          "isNull" : false,
          "nullValue" : "No maximum",
          "units" : "",
          "value" : 0.0,
          "expression" : "0 deg",
          "isInteger" : false,
          "parameterId" : "limitAxialZMax",
          "libraryRelationType" : "NONE",
          "parameterName" : "",
          "hasUserCode" : false,
          "nodeId" : "SbcQK2pG8EAJg5ZK"
        }
      }, {
        "type" : 807,
        "typeName" : "BTMParameterNullableQuantity",
        "message" : {
          "isNull" : false,
          "nullValue" : "No maximum",
          "units" : "",
          "value" : 0.0,
          "expression" : "0 deg",
          "isInteger" : false,
          "parameterId" : "limitEulerConeAngleMax",
          "libraryRelationType" : "NONE",
          "parameterName" : "",
          "hasUserCode" : false,
          "nodeId" : "qsRPjde24p+BF9AH"
        }
      }, {
        "type" : 144,
        "typeName" : "BTMParameterBoolean",
        "message" : {
          "value" : false,
          "parameterId" : "functionalconnection",
          "libraryRelationType" : "NONE",
          "parameterName" : "",
          "hasUserCode" : false,
          "nodeId" : "rLNBqzExCjlh2W2h"
        }
      }, {
        "type" : 67,
        "typeName" : "BTMParameterQueryWithOccurrenceList",
        "message" : {
          "queries" : [ ],
          "parameterId" : "facestoconnect",
          "libraryRelationType" : "NONE",
          "parameterName" : "",
          "hasUserCode" : false,
          "nodeId" : "2Z8mxWNvUcLufWAD"
        }
      }, {
        "type" : 144,
        "typeName" : "BTMParameterBoolean",
        "message" : {
          "value" : true,
          "parameterId" : "primaryAxisAlignment",
          "libraryRelationType" : "NONE",
          "parameterName" : "",
          "hasUserCode" : false,
          "nodeId" : "0Bs7dAIho+J8Iw8r"
        }
      }, {
        "type" : 145,
        "typeName" : "BTMParameterEnum",
        "message" : {
          "enumName" : "Reorient secondary axis",
          "value" : "PLUS_X",
          "namespace" : "",
          "parameterId" : "secondaryAxisAlignment",
          "libraryRelationType" : "NONE",
          "parameterName" : "",
          "hasUserCode" : false,
          "nodeId" : "LTcHWelmH2JaOWEn"
        }
      } ],
      "suppressed" : false,
      "namespace" : "",
      "subFeatures" : [ ],
      "returnAfterSubfeatures" : false,
      "suppressionState" : {
        "type" : 0
      },
      "parameterLibraries" : [ ],
      "hasUserCode" : false,
      "nodeId" : "MXqovRgdUkyQ2Ogrq"
    }
  }, {
    "type" : 64,
    "typeName" : "BTMMate",
    "message" : {
      "mateConnectors" : [ {
        "type" : 66,
        "typeName" : "BTMMateConnector",
        "message" : {
          "isHidden" : true,
          "implicit" : true,
          "isAuxiliaryTreeMateConnector" : false,
          "version" : 9,
          "featureType" : "mateConnector",
          "featureId" : "MneXGSGX+M3pogxb8",
          "name" : "Mate connector",
          "parameters" : [ {
            "type" : 145,
            "typeName" : "BTMParameterEnum",
            "message" : {
              "enumName" : "Origin type",
              "value" : "ON_ENTITY",
              "namespace" : "",
              "parameterId" : "originType",
              "libraryRelationType" : "NONE",
              "parameterName" : "",
              "hasUserCode" : false,
              "nodeId" : "2reJ/VliVdJWbKpbYGdPz31b"
            }
          }, {
            "type" : 67,
            "typeName" : "BTMParameterQueryWithOccurrenceList",
            "message" : {
              "queries" : [ {
                "type" : 1083,
                "typeName" : "BTMInferenceQueryWithOccurrence",
                "message" : {
                  "secondGeometryId" : "",
                  "inferenceType" : "CENTER",
                  "geometryIds" : [ "Lc5/B" ],
                  "path" : [ "MnZF13LP8h5Lnbrsa" ],
                  "hasUserCode" : false,
                  "nodeId" : "FJ2hAy8TF4QhjeD"
                }
              } ],
              "parameterId" : "originQuery",
              "libraryRelationType" : "NONE",
              "parameterName" : "",
              "hasUserCode" : false,
              "nodeId" : "3odY5nASBnmAYqWvLyHZ+QTO"
            }
          }, {
            "type" : 67,
            "typeName" : "BTMParameterQueryWithOccurrenceList",
            "message" : {
              "queries" : [ ],
              "parameterId" : "originAdditionalQuery",
              "libraryRelationType" : "NONE",
              "parameterName" : "",
              "hasUserCode" : false,
              "nodeId" : "5KKv902cPFI7hiSSCyEW6Ky/"
            }
          }, {
            "type" : 144,
            "typeName" : "BTMParameterBoolean",
            "message" : {
              "value" : false,
              "parameterId" : "realign",
              "libraryRelationType" : "NONE",
              "parameterName" : "",
              "hasUserCode" : false,
              "nodeId" : "GhofC9ekUb6nwjbthANfXTI6"
            }
          }, {
            "type" : 67,
            "typeName" : "BTMParameterQueryWithOccurrenceList",
            "message" : {
              "queries" : [ ],
              "parameterId" : "primaryAxisQuery",
              "libraryRelationType" : "NONE",
              "parameterName" : "",
              "hasUserCode" : false,
              "nodeId" : "Ta3MCAUmjUiwELhykXFfCFQm"
            }
          }, {
            "type" : 67,
            "typeName" : "BTMParameterQueryWithOccurrenceList",
            "message" : {
              "queries" : [ ],
              "parameterId" : "secondaryAxisQuery",
              "libraryRelationType" : "NONE",
              "parameterName" : "",
              "hasUserCode" : false,
              "nodeId" : "slJsy/Coux9cqYjCiM686yQM"
            }
          }, {
            "type" : 144,
            "typeName" : "BTMParameterBoolean",
            "message" : {
              "value" : false,
              "parameterId" : "transform",
              "libraryRelationType" : "NONE",
              "parameterName" : "",
              "hasUserCode" : false,
              "nodeId" : "KzX9Kj5/PgVTJ/mDQk/P081n"
            }
          }, {
            "type" : 147,
            "typeName" : "BTMParameterQuantity",
            "message" : {
              "units" : "",
              "value" : 0.0,
              "expression" : "0.0*mm",
              "isInteger" : false,
              "parameterId" : "translationX",
              "libraryRelationType" : "NONE",
              "parameterName" : "",
              "hasUserCode" : false,
              "nodeId" : "igXP7yGdNtX6ae65WGh30NhF"
            }
          }, {
            "type" : 147,
            "typeName" : "BTMParameterQuantity",
            "message" : {
              "units" : "",
              "value" : 0.0,
              "expression" : "0.0*mm",
              "isInteger" : false,
              "parameterId" : "translationY",
              "libraryRelationType" : "NONE",
              "parameterName" : "",
              "hasUserCode" : false,
              "nodeId" : "b8Qp+43QteQXHr4IHY0mPZbe"
            }
          }, {
            "type" : 147,
            "typeName" : "BTMParameterQuantity",
            "message" : {
              "units" : "",
              "value" : 0.0,
              "expression" : "0.0*mm",
              "isInteger" : false,
              "parameterId" : "translationZ",
              "libraryRelationType" : "NONE",
              "parameterName" : "",
              "hasUserCode" : false,
              "nodeId" : "2QBOexvRnz9pE4K0+hTPe7KN"
            }
          }, {
            "type" : 145,
            "typeName" : "BTMParameterEnum",
            "message" : {
              "enumName" : "Rotation axis",
              "value" : "ABOUT_Z",
              "namespace" : "",
              "parameterId" : "rotationType",
              "libraryRelationType" : "NONE",
              "parameterName" : "",
              "hasUserCode" : false,
              "nodeId" : "OGS6p6EHmywKiWHC3qnvDcSQ"
            }
          }, {
            "type" : 147,
            "typeName" : "BTMParameterQuantity",
            "message" : {
              "units" : "",
              "value" : 0.0,
              "expression" : "0.0*deg",
              "isInteger" : false,
              "parameterId" : "rotation",
              "libraryRelationType" : "NONE",
              "parameterName" : "",
              "hasUserCode" : false,
              "nodeId" : "2XMYOXlxNZ1wPmvO/WPl4jQt"
            }
          }, {
            "type" : 144,
            "typeName" : "BTMParameterBoolean",
            "message" : {
              "value" : false,
              "parameterId" : "flipPrimary",
              "libraryRelationType" : "NONE",
              "parameterName" : "",
              "hasUserCode" : false,
              "nodeId" : "wbyiCzz+NqLq/dv5VqS0B7fl"
            }
          }, {
            "type" : 145,
            "typeName" : "BTMParameterEnum",
            "message" : {
              "enumName" : "Reorient secondary axis",
              "value" : "PLUS_X",
              "namespace" : "",
              "parameterId" : "secondaryAxisType",
              "libraryRelationType" : "NONE",
              "parameterName" : "",
              "hasUserCode" : false,
              "nodeId" : "kSOBfGXLgRAC8mAdAPuVu/79"
            }
          } ],
          "suppressed" : false,
          "namespace" : "",
          "subFeatures" : [ ],
          "returnAfterSubfeatures" : false,
          "suppressionState" : {
            "type" : 0
          },
          "parameterLibraries" : [ ],
          "hasUserCode" : false,
          "nodeId" : "MneXGSGX+M3pogxb8"
        }
      }, {
        "type" : 66,
        "typeName" : "BTMMateConnector",
        "message" : {
          "isHidden" : true,
          "implicit" : true,
          "isAuxiliaryTreeMateConnector" : false,
          "version" : 9,
          "featureType" : "mateConnector",
          "featureId" : "MUy0AtbvB0lObKszV",
          "name" : "Mate connector",
          "parameters" : [ {
            "type" : 145,
            "typeName" : "BTMParameterEnum",
            "message" : {
              "enumName" : "Origin type",
              "value" : "ON_ENTITY",
              "namespace" : "",
              "parameterId" : "originType",
              "libraryRelationType" : "NONE",
              "parameterName" : "",
              "hasUserCode" : false,
              "nodeId" : "ZqCFqzmMQuQlPcPt+dbNiFrf"
            }
          }, {
            "type" : 67,
            "typeName" : "BTMParameterQueryWithOccurrenceList",
            "message" : {
              "queries" : [ {
                "type" : 1083,
                "typeName" : "BTMInferenceQueryWithOccurrence",
                "message" : {
                  "secondGeometryId" : "",
                  "inferenceType" : "CENTER",
                  "geometryIds" : [ "KP1C" ],
                  "path" : [ "MftqrLSTazdcDWUIR" ],
                  "hasUserCode" : false,
                  "nodeId" : "Frn4v9tgHJHWtpQ"
                }
              } ],
              "parameterId" : "originQuery",
              "libraryRelationType" : "NONE",
              "parameterName" : "",
              "hasUserCode" : false,
              "nodeId" : "+HMerLHroDY9huuDCdTNFefj"
            }
          }, {
            "type" : 67,
            "typeName" : "BTMParameterQueryWithOccurrenceList",
            "message" : {
              "queries" : [ ],
              "parameterId" : "originAdditionalQuery",
              "libraryRelationType" : "NONE",
              "parameterName" : "",
              "hasUserCode" : false,
              "nodeId" : "EnHjd1IkYpgQrbqkj7qtbgFq"
            }
          }, {
            "type" : 144,
            "typeName" : "BTMParameterBoolean",
            "message" : {
              "value" : false,
              "parameterId" : "realign",
              "libraryRelationType" : "NONE",
              "parameterName" : "",
              "hasUserCode" : false,
              "nodeId" : "vo3S2M82PrS7rx13z2PSTFFx"
            }
          }, {
            "type" : 67,
            "typeName" : "BTMParameterQueryWithOccurrenceList",
            "message" : {
              "queries" : [ ],
              "parameterId" : "primaryAxisQuery",
              "libraryRelationType" : "NONE",
              "parameterName" : "",
              "hasUserCode" : false,
              "nodeId" : "L+7IwvlrqkX79C8dbCowHq6L"
            }
          }, {
            "type" : 67,
            "typeName" : "BTMParameterQueryWithOccurrenceList",
            "message" : {
              "queries" : [ ],
              "parameterId" : "secondaryAxisQuery",
              "libraryRelationType" : "NONE",
              "parameterName" : "",
              "hasUserCode" : false,
              "nodeId" : "JiEW2HnXxyOhyemLI49qDW6t"
            }
          }, {
            "type" : 144,
            "typeName" : "BTMParameterBoolean",
            "message" : {
              "value" : false,
              "parameterId" : "transform",
              "libraryRelationType" : "NONE",
              "parameterName" : "",
              "hasUserCode" : false,
              "nodeId" : "n793Krvn+J+6S1gwMrPz8sDD"
            }
          }, {
            "type" : 147,
            "typeName" : "BTMParameterQuantity",
            "message" : {
              "units" : "",
              "value" : 0.0,
              "expression" : "0.0*mm",
              "isInteger" : false,
              "parameterId" : "translationX",
              "libraryRelationType" : "NONE",
              "parameterName" : "",
              "hasUserCode" : false,
              "nodeId" : "T+pAbls5x0ddpLOYs03ewOrV"
            }
          }, {
            "type" : 147,
            "typeName" : "BTMParameterQuantity",
            "message" : {
              "units" : "",
              "value" : 0.0,
              "expression" : "0.0*mm",
              "isInteger" : false,
              "parameterId" : "translationY",
              "libraryRelationType" : "NONE",
              "parameterName" : "",
              "hasUserCode" : false,
              "nodeId" : "Mx+z7xKO6hDOZndsf6Pi4Hf/"
            }
          }, {
            "type" : 147,
            "typeName" : "BTMParameterQuantity",
            "message" : {
              "units" : "",
              "value" : 0.0,
              "expression" : "0.0*mm",
              "isInteger" : false,
              "parameterId" : "translationZ",
              "libraryRelationType" : "NONE",
              "parameterName" : "",
              "hasUserCode" : false,
              "nodeId" : "y5vgz+lquM8qXUSSNrxSuPKo"
            }
          }, {
            "type" : 145,
            "typeName" : "BTMParameterEnum",
            "message" : {
              "enumName" : "Rotation axis",
              "value" : "ABOUT_Z",
              "namespace" : "",
              "parameterId" : "rotationType",
              "libraryRelationType" : "NONE",
              "parameterName" : "",
              "hasUserCode" : false,
              "nodeId" : "0B3iokvEId+Z5sGVkqA0874l"
            }
          }, {
            "type" : 147,
            "typeName" : "BTMParameterQuantity",
            "message" : {
              "units" : "",
              "value" : 0.0,
              "expression" : "0.0*deg",
              "isInteger" : false,
              "parameterId" : "rotation",
              "libraryRelationType" : "NONE",
              "parameterName" : "",
              "hasUserCode" : false,
              "nodeId" : "NErK0WpGM8Jb7CK24TWSQaNd"
            }
          }, {
            "type" : 144,
            "typeName" : "BTMParameterBoolean",
            "message" : {
              "value" : false,
              "parameterId" : "flipPrimary",
              "libraryRelationType" : "NONE",
              "parameterName" : "",
              "hasUserCode" : false,
              "nodeId" : "QVbasWDrAHPpIOq/ovNzlcbQ"
            }
          }, {
            "type" : 145,
            "typeName" : "BTMParameterEnum",
            "message" : {
              "enumName" : "Reorient secondary axis",
              "value" : "PLUS_X",
              "namespace" : "",
              "parameterId" : "secondaryAxisType",
              "libraryRelationType" : "NONE",
              "parameterName" : "",
              "hasUserCode" : false,
              "nodeId" : "/cHImqzPozQEKG//8g6Ycx9M"
            }
          } ],
          "suppressed" : false,
          "namespace" : "",
          "subFeatures" : [ ],
          "returnAfterSubfeatures" : false,
          "suppressionState" : {
            "type" : 0
          },
          "parameterLibraries" : [ ],
          "hasUserCode" : false,
          "nodeId" : "MUy0AtbvB0lObKszV"
        }
      } ],
      "version" : 2,
      "featureType" : "mate",
      "featureId" : "MDKDzgwUDt+1PAsaI",
      "name" : "ankle_right_pitch_joint",
      "parameters" : [ {
        "type" : 145,
        "typeName" : "BTMParameterEnum",
        "message" : {
          "enumName" : "Mate type",
          "value" : "REVOLUTE",
          "namespace" : "",
          "parameterId" : "mateType",
          "libraryRelationType" : "NONE",
          "parameterName" : "",
          "hasUserCode" : false,
          "nodeId" : "lTqoDaHjpoJhaQ3D"
        }
      }, {
        "type" : 67,
        "typeName" : "BTMParameterQueryWithOccurrenceList",
        "message" : {
          "queries" : [ {
            "type" : 157,
            "typeName" : "BTMFeatureQueryWithOccurrence",
            "message" : {
              "featureId" : "MneXGSGX+M3pogxb8",
              "queryData" : "",
              "path" : [ ],
              "hasUserCode" : false,
              "nodeId" : "MZ6BJ34qzi1+eBkKX"
            }
          }, {
            "type" : 157,
            "typeName" : "BTMFeatureQueryWithOccurrence",
            "message" : {
              "featureId" : "MUy0AtbvB0lObKszV",
              "queryData" : "",
              "path" : [ ],
              "hasUserCode" : false,
              "nodeId" : "MiHl4pe1KqBEBT5Hu"
            }
          } ],
          "parameterId" : "mateConnectorsQuery",
          "libraryRelationType" : "NONE",
          "parameterName" : "",
          "hasUserCode" : false,
          "nodeId" : "Uql72M3BURKLSOhC"
        }
      }, {
        "type" : 144,
        "typeName" : "BTMParameterBoolean",
        "message" : {
          "value" : false,
          "parameterId" : "mateOffsetEnabled",
          "libraryRelationType" : "NONE",
          "parameterName" : "",
          "hasUserCode" : false,
          "nodeId" : "2BIvBqSME25fTiwq"
        }
      }, {
        "type" : 147,
        "typeName" : "BTMParameterQuantity",
        "message" : {
          "units" : "",
          "value" : 0.0,
          "expression" : "0 mm",
          "isInteger" : false,
          "parameterId" : "mateOffsetDistanceX",
          "libraryRelationType" : "NONE",
          "parameterName" : "",
          "hasUserCode" : false,
          "nodeId" : "mn3hqf9noj9U/M45"
        }
      }, {
        "type" : 147,
        "typeName" : "BTMParameterQuantity",
        "message" : {
          "units" : "",
          "value" : 0.0,
          "expression" : "0 mm",
          "isInteger" : false,
          "parameterId" : "mateOffsetDistanceY",
          "libraryRelationType" : "NONE",
          "parameterName" : "",
          "hasUserCode" : false,
          "nodeId" : "BTYHhFkznF8fVN2r"
        }
      }, {
        "type" : 147,
        "typeName" : "BTMParameterQuantity",
        "message" : {
          "units" : "",
          "value" : 0.0,
          "expression" : "0 mm",
          "isInteger" : false,
          "parameterId" : "mateOffsetDistanceZ",
          "libraryRelationType" : "NONE",
          "parameterName" : "",
          "hasUserCode" : false,
          "nodeId" : "Dml3O1DnjLpDmTtz"
        }
      }, {
        "type" : 145,
        "typeName" : "BTMParameterEnum",
        "message" : {
          "enumName" : "Rotation axis",
          "value" : "ABOUT_X",
          "namespace" : "",
          "parameterId" : "rotationType",
          "libraryRelationType" : "NONE",
          "parameterName" : "",
          "hasUserCode" : false,
          "nodeId" : "c1tj/lTAon8KM5nf"
        }
      }, {
        "type" : 147,
        "typeName" : "BTMParameterQuantity",
        "message" : {
          "units" : "",
          "value" : 0.0,
          "expression" : "0 deg",
          "isInteger" : false,
          "parameterId" : "rotation",
          "libraryRelationType" : "NONE",
          "parameterName" : "",
          "hasUserCode" : false,
          "nodeId" : "DMMfOtRn3bS7Se3p"
        }
      }, {
        "type" : 144,
        "typeName" : "BTMParameterBoolean",
        "message" : {
          "value" : false,
          "parameterId" : "limitsEnabled",
          "libraryRelationType" : "NONE",
          "parameterName" : "",
          "hasUserCode" : false,
          "nodeId" : "4PTI6Rw1mFEFubjo"
        }
      }, {
        "type" : 807,
        "typeName" : "BTMParameterNullableQuantity",
        "message" : {
          "isNull" : false,
          "nullValue" : "No minimum",
          "units" : "",
          "value" : 0.0,
          "expression" : "0 mm",
          "isInteger" : false,
          "parameterId" : "limitXMin",
          "libraryRelationType" : "NONE",
          "parameterName" : "",
          "hasUserCode" : false,
          "nodeId" : "oaPOrlMA8vegT/8P"
        }
      }, {
        "type" : 807,
        "typeName" : "BTMParameterNullableQuantity",
        "message" : {
          "isNull" : false,
          "nullValue" : "No maximum",
          "units" : "",
          "value" : 0.0,
          "expression" : "0 mm",
          "isInteger" : false,
          "parameterId" : "limitXMax",
          "libraryRelationType" : "NONE",
          "parameterName" : "",
          "hasUserCode" : false,
          "nodeId" : "UNnwjM296Xd0bIvH"
        }
      }, {
        "type" : 807,
        "typeName" : "BTMParameterNullableQuantity",
        "message" : {
          "isNull" : false,
          "nullValue" : "No minimum",
          "units" : "",
          "value" : 0.0,
          "expression" : "0 mm",
          "isInteger" : false,
          "parameterId" : "limitYMin",
          "libraryRelationType" : "NONE",
          "parameterName" : "",
          "hasUserCode" : false,
          "nodeId" : "8s2TMWLj3XoNB0wQ"
        }
      }, {
        "type" : 807,
        "typeName" : "BTMParameterNullableQuantity",
        "message" : {
          "isNull" : false,
          "nullValue" : "No maximum",
          "units" : "",
          "value" : 0.0,
          "expression" : "0 mm",
          "isInteger" : false,
          "parameterId" : "limitYMax",
          "libraryRelationType" : "NONE",
          "parameterName" : "",
          "hasUserCode" : false,
          "nodeId" : "0jVzWavQsh9RaXqG"
        }
      }, {
        "type" : 807,
        "typeName" : "BTMParameterNullableQuantity",
        "message" : {
          "isNull" : false,
          "nullValue" : "No minimum",
          "units" : "",
          "value" : 0.0,
          "expression" : "0 mm",
          "isInteger" : false,
          "parameterId" : "limitZMin",
          "libraryRelationType" : "NONE",
          "parameterName" : "",
          "hasUserCode" : false,
          "nodeId" : "0PS401M3Q/pq39XZ"
        }
      }, {
        "type" : 807,
        "typeName" : "BTMParameterNullableQuantity",
        "message" : {
          "isNull" : false,
          "nullValue" : "No maximum",
          "units" : "",
          "value" : 0.0,
          "expression" : "0 mm",
          "isInteger" : false,
          "parameterId" : "limitZMax",
          "libraryRelationType" : "NONE",
          "parameterName" : "",
          "hasUserCode" : false,
          "nodeId" : "ezRJ7sxYezDXDB89"
        }
      }, {
        "type" : 807,
        "typeName" : "BTMParameterNullableQuantity",
        "message" : {
          "isNull" : false,
          "nullValue" : "No minimum",
          "units" : "",
          "value" : 0.0,
          "expression" : "0 deg",
          "isInteger" : false,
          "parameterId" : "limitAxialXMin",
          "libraryRelationType" : "NONE",
          "parameterName" : "",
          "hasUserCode" : false,
          "nodeId" : "1eACeHDkL0zeqZtj"
        }
      }, {
        "type" : 807,
        "typeName" : "BTMParameterNullableQuantity",
        "message" : {
          "isNull" : false,
          "nullValue" : "No maximum",
          "units" : "",
          "value" : 0.0,
          "expression" : "0 deg",
          "isInteger" : false,
          "parameterId" : "limitAxialXMax",
          "libraryRelationType" : "NONE",
          "parameterName" : "",
          "hasUserCode" : false,
          "nodeId" : "9VISM4QM+t0bxugk"
        }
      }, {
        "type" : 807,
        "typeName" : "BTMParameterNullableQuantity",
        "message" : {
          "isNull" : false,
          "nullValue" : "No minimum",
          "units" : "",
          "value" : 0.0,
          "expression" : "0 deg",
          "isInteger" : false,
          "parameterId" : "limitAxialYMin",
          "libraryRelationType" : "NONE",
          "parameterName" : "",
          "hasUserCode" : false,
          "nodeId" : "Xu99vyImRFiN2QGa"
        }
      }, {
        "type" : 807,
        "typeName" : "BTMParameterNullableQuantity",
        "message" : {
          "isNull" : false,
          "nullValue" : "No maximum",
          "units" : "",
          "value" : 0.0,
          "expression" : "0 deg",
          "isInteger" : false,
          "parameterId" : "limitAxialYMax",
          "libraryRelationType" : "NONE",
          "parameterName" : "",
          "hasUserCode" : false,
          "nodeId" : "E4kQYHP7644tGmqd"
        }
      }, {
        "type" : 807,
        "typeName" : "BTMParameterNullableQuantity",
        "message" : {
          "isNull" : false,
          "nullValue" : "No minimum",
          "units" : "",
          "value" : 0.0,
          "expression" : "0 deg",
          "isInteger" : false,
          "parameterId" : "limitAxialZMin",
          "libraryRelationType" : "NONE",
          "parameterName" : "",
          "hasUserCode" : false,
          "nodeId" : "GNffcDcjzXnbZI19"
        }
      }, {
        "type" : 807,
        "typeName" : "BTMParameterNullableQuantity",
        "message" : {
          "isNull" : false,
          "nullValue" : "No maximum",
          "units" : "",
          "value" : 0.0,
          "expression" : "0 deg",
          "isInteger" : false,
          "parameterId" : "limitAxialZMax",
          "libraryRelationType" : "NONE",
          "parameterName" : "",
          "hasUserCode" : false,
          "nodeId" : "Lag9NzMABVVCMp0H"
        }
      }, {
        "type" : 807,
        "typeName" : "BTMParameterNullableQuantity",
        "message" : {
          "isNull" : false,
          "nullValue" : "No maximum",
          "units" : "",
          "value" : 0.0,
          "expression" : "0 deg",
          "isInteger" : false,
          "parameterId" : "limitEulerConeAngleMax",
          "libraryRelationType" : "NONE",
          "parameterName" : "",
          "hasUserCode" : false,
          "nodeId" : "toYlnPqF4s5D7CHw"
        }
      }, {
        "type" : 144,
        "typeName" : "BTMParameterBoolean",
        "message" : {
          "value" : false,
          "parameterId" : "functionalconnection",
          "libraryRelationType" : "NONE",
          "parameterName" : "",
          "hasUserCode" : false,
          "nodeId" : "f79sDQdulqoJ/l2/"
        }
      }, {
        "type" : 67,
        "typeName" : "BTMParameterQueryWithOccurrenceList",
        "message" : {
          "queries" : [ ],
          "parameterId" : "facestoconnect",
          "libraryRelationType" : "NONE",
          "parameterName" : "",
          "hasUserCode" : false,
          "nodeId" : "oklrNr7bRuSwMPzr"
        }
      }, {
        "type" : 144,
        "typeName" : "BTMParameterBoolean",
        "message" : {
          "value" : true,
          "parameterId" : "primaryAxisAlignment",
          "libraryRelationType" : "NONE",
          "parameterName" : "",
          "hasUserCode" : false,
          "nodeId" : "PCoupz7zus0JkWjs"
        }
      }, {
        "type" : 145,
        "typeName" : "BTMParameterEnum",
        "message" : {
          "enumName" : "Reorient secondary axis",
          "value" : "PLUS_X",
          "namespace" : "",
          "parameterId" : "secondaryAxisAlignment",
          "libraryRelationType" : "NONE",
          "parameterName" : "",
          "hasUserCode" : false,
          "nodeId" : "3+ALY/Db1i2V1Tp4"
        }
      } ],
      "suppressed" : false,
      "namespace" : "",
      "subFeatures" : [ ],
      "returnAfterSubfeatures" : false,
      "suppressionState" : {
        "type" : 0
      },
      "parameterLibraries" : [ ],
      "hasUserCode" : false,
      "nodeId" : "MDKDzgwUDt+1PAsaI"
    }
  }, {
    "type" : 64,
    "typeName" : "BTMMate",
    "message" : {
      "mateConnectors" : [ {
        "type" : 66,
        "typeName" : "BTMMateConnector",
        "message" : {
          "isHidden" : true,
          "implicit" : true,
          "isAuxiliaryTreeMateConnector" : false,
          "version" : 9,
          "featureType" : "mateConnector",
          "featureId" : "McuArAFcHT1mSSiTL",
          "name" : "Mate connector",
          "parameters" : [ {
            "type" : 145,
            "typeName" : "BTMParameterEnum",
            "message" : {
              "enumName" : "Origin type",
              "value" : "ON_ENTITY",
              "namespace" : "",
              "parameterId" : "originType",
              "libraryRelationType" : "NONE",
              "parameterName" : "",
              "hasUserCode" : false,
              "nodeId" : "utOeJHuxo3ehHEBFLMcpI498"
            }
          }, {
            "type" : 67,
            "typeName" : "BTMParameterQueryWithOccurrenceList",
            "message" : {
              "queries" : [ {
                "type" : 1083,
                "typeName" : "BTMInferenceQueryWithOccurrence",
                "message" : {
                  "secondGeometryId" : "",
                  "inferenceType" : "CENTER",
                  "geometryIds" : [ "Ld5/B" ],
                  "path" : [ "MUXleZToNBx//Eqmn" ],
                  "hasUserCode" : false,
                  "nodeId" : "FyK5sEP9TC738A4"
                }
              } ],
              "parameterId" : "originQuery",
              "libraryRelationType" : "NONE",
              "parameterName" : "",
              "hasUserCode" : false,
              "nodeId" : "EmqgL4syAV6LDda0m7graJOs"
            }
          }, {
            "type" : 67,
            "typeName" : "BTMParameterQueryWithOccurrenceList",
            "message" : {
              "queries" : [ ],
              "parameterId" : "originAdditionalQuery",
              "libraryRelationType" : "NONE",
              "parameterName" : "",
              "hasUserCode" : false,
              "nodeId" : "jplWtL780QWkkh1MOorMjYSz"
            }
          }, {
            "type" : 144,
            "typeName" : "BTMParameterBoolean",
            "message" : {
              "value" : false,
              "parameterId" : "realign",
              "libraryRelationType" : "NONE",
              "parameterName" : "",
              "hasUserCode" : false,
              "nodeId" : "pO3H9KEkU3pU+ol5VkNAuLmI"
            }
          }, {
            "type" : 67,
            "typeName" : "BTMParameterQueryWithOccurrenceList",
            "message" : {
              "queries" : [ ],
              "parameterId" : "primaryAxisQuery",
              "libraryRelationType" : "NONE",
              "parameterName" : "",
              "hasUserCode" : false,
              "nodeId" : "aEaSq/hT8bFIPDd+1OKFJIhP"
            }
          }, {
            "type" : 67,
            "typeName" : "BTMParameterQueryWithOccurrenceList",
            "message" : {
              "queries" : [ ],
              "parameterId" : "secondaryAxisQuery",
              "libraryRelationType" : "NONE",
              "parameterName" : "",
              "hasUserCode" : false,
              "nodeId" : "jHsXh/JKnKE/ubuw+/aCgV54"
            }
          }, {
            "type" : 144,
            "typeName" : "BTMParameterBoolean",
            "message" : {
              "value" : false,
              "parameterId" : "transform",
              "libraryRelationType" : "NONE",
              "parameterName" : "",
              "hasUserCode" : false,
              "nodeId" : "fwmBiVwiTYEG1XgnWXtl+5Tt"
            }
          }, {
            "type" : 147,
            "typeName" : "BTMParameterQuantity",
            "message" : {
              "units" : "",
              "value" : 0.0,
              "expression" : "0.0*mm",
              "isInteger" : false,
              "parameterId" : "translationX",
              "libraryRelationType" : "NONE",
              "parameterName" : "",
              "hasUserCode" : false,
              "nodeId" : "Q3aalLesDtLTpbO7kaUb/7DY"
            }
          }, {
            "type" : 147,
            "typeName" : "BTMParameterQuantity",
            "message" : {
              "units" : "",
              "value" : 0.0,
              "expression" : "0.0*mm",
              "isInteger" : false,
              "parameterId" : "translationY",
              "libraryRelationType" : "NONE",
              "parameterName" : "",
              "hasUserCode" : false,
              "nodeId" : "TghFsU+hr8N7BaLJmgpsrztk"
            }
          }, {
            "type" : 147,
            "typeName" : "BTMParameterQuantity",
            "message" : {
              "units" : "",
              "value" : 0.0,
              "expression" : "0.0*mm",
              "isInteger" : false,
              "parameterId" : "translationZ",
              "libraryRelationType" : "NONE",
              "parameterName" : "",
              "hasUserCode" : false,
              "nodeId" : "Wb4Z/LBbLNVUUCFR5Itaj77b"
            }
          }, {
            "type" : 145,
            "typeName" : "BTMParameterEnum",
            "message" : {
              "enumName" : "Rotation axis",
              "value" : "ABOUT_Z",
              "namespace" : "",
              "parameterId" : "rotationType",
              "libraryRelationType" : "NONE",
              "parameterName" : "",
              "hasUserCode" : false,
              "nodeId" : "n4KXPp5LuwEwIRxdXRlf6Pro"
            }
          }, {
            "type" : 147,
            "typeName" : "BTMParameterQuantity",
            "message" : {
              "units" : "",
              "value" : 0.0,
              "expression" : "0.0*deg",
              "isInteger" : false,
              "parameterId" : "rotation",
              "libraryRelationType" : "NONE",
              "parameterName" : "",
              "hasUserCode" : false,
              "nodeId" : "ROcoO4i5OEnCiLiOmgP/bXRI"
            }
          }, {
            "type" : 144,
            "typeName" : "BTMParameterBoolean",
            "message" : {
              "value" : false,
              "parameterId" : "flipPrimary",
              "libraryRelationType" : "NONE",
              "parameterName" : "",
              "hasUserCode" : false,
              "nodeId" : "TE+K0I76Nyu9pXdZ91DNCatq"
            }
          }, {
            "type" : 145,
            "typeName" : "BTMParameterEnum",
            "message" : {
              "enumName" : "Reorient secondary axis",
              "value" : "PLUS_X",
              "namespace" : "",
              "parameterId" : "secondaryAxisType",
              "libraryRelationType" : "NONE",
              "parameterName" : "",
              "hasUserCode" : false,
              "nodeId" : "Uk7vKlH4tx7qxSjMReK5tI9+"
            }
          } ],
          "suppressed" : false,
          "namespace" : "",
          "subFeatures" : [ ],
          "returnAfterSubfeatures" : false,
          "suppressionState" : {
            "type" : 0
          },
          "parameterLibraries" : [ ],
          "hasUserCode" : false,
          "nodeId" : "McuArAFcHT1mSSiTL"
        }
      }, {
        "type" : 66,
        "typeName" : "BTMMateConnector",
        "message" : {
          "isHidden" : true,
          "implicit" : true,
          "isAuxiliaryTreeMateConnector" : false,
          "version" : 9,
          "featureType" : "mateConnector",
          "featureId" : "MLrbcAcIBtKutYiHN",
          "name" : "Mate connector",
          "parameters" : [ {
            "type" : 145,
            "typeName" : "BTMParameterEnum",
            "message" : {
              "enumName" : "Origin type",
              "value" : "ON_ENTITY",
              "namespace" : "",
              "parameterId" : "originType",
              "libraryRelationType" : "NONE",
              "parameterName" : "",
              "hasUserCode" : false,
              "nodeId" : "husHE6EsDd9gfYLGPEEUEaM1"
            }
          }, {
            "type" : 67,
            "typeName" : "BTMParameterQueryWithOccurrenceList",
            "message" : {
              "queries" : [ {
                "type" : 1083,
                "typeName" : "BTMInferenceQueryWithOccurrence",
                "message" : {
                  "secondGeometryId" : "",
                  "inferenceType" : "CENTER",
                  "geometryIds" : [ "KOdN" ],
                  "path" : [ "Ml1QszxS68W/NrRJL" ],
                  "hasUserCode" : false,
                  "nodeId" : "Fv6A9b6Cf6j3mol"
                }
              } ],
              "parameterId" : "originQuery",
              "libraryRelationType" : "NONE",
              "parameterName" : "",
              "hasUserCode" : false,
              "nodeId" : "c/K4Wjcp3rT0MwEi2gFAMHkT"
            }
          }, {
            "type" : 67,
            "typeName" : "BTMParameterQueryWithOccurrenceList",
            "message" : {
              "queries" : [ ],
              "parameterId" : "originAdditionalQuery",
              "libraryRelationType" : "NONE",
              "parameterName" : "",
              "hasUserCode" : false,
              "nodeId" : "+kEphcc/wuI2rrmyzJXd3aRa"
            }
          }, {
            "type" : 144,
            "typeName" : "BTMParameterBoolean",
            "message" : {
              "value" : false,
              "parameterId" : "realign",
              "libraryRelationType" : "NONE",
              "parameterName" : "",
              "hasUserCode" : false,
              "nodeId" : "RzSzF3e2Bj1Y0+ItYnVSuGwL"
            }
          }, {
            "type" : 67,
            "typeName" : "BTMParameterQueryWithOccurrenceList",
            "message" : {
              "queries" : [ ],
              "parameterId" : "primaryAxisQuery",
              "libraryRelationType" : "NONE",
              "parameterName" : "",
              "hasUserCode" : false,
              "nodeId" : "azp8IKgNXABKjTK4QES5iT4Q"
            }
          }, {
            "type" : 67,
            "typeName" : "BTMParameterQueryWithOccurrenceList",
            "message" : {
              "queries" : [ ],
              "parameterId" : "secondaryAxisQuery",
              "libraryRelationType" : "NONE",
              "parameterName" : "",
              "hasUserCode" : false,
              "nodeId" : "LS7q8dsqNBbNwUfD7H/Q3bnl"
            }
          }, {
            "type" : 144,
            "typeName" : "BTMParameterBoolean",
            "message" : {
              "value" : false,
              "parameterId" : "transform",
              "libraryRelationType" : "NONE",
              "parameterName" : "",
              "hasUserCode" : false,
              "nodeId" : "vdJt5wGRIVcFbhkYwTOVf1Dw"
            }
          }, {
            "type" : 147,
            "typeName" : "BTMParameterQuantity",
            "message" : {
              "units" : "",
              "value" : 0.0,
              "expression" : "0.0*mm",
              "isInteger" : false,
              "parameterId" : "translationX",
              "libraryRelationType" : "NONE",
              "parameterName" : "",
              "hasUserCode" : false,
              "nodeId" : "caDH+HNgZgCFH0ALlvXRzVMS"
            }
          }, {
            "type" : 147,
            "typeName" : "BTMParameterQuantity",
            "message" : {
              "units" : "",
              "value" : 0.0,
              "expression" : "0.0*mm",
              "isInteger" : false,
              "parameterId" : "translationY",
              "libraryRelationType" : "NONE",
              "parameterName" : "",
              "hasUserCode" : false,
              "nodeId" : "6zrlgAxLzNrhyaMm4Ku5NW7r"
            }
          }, {
            "type" : 147,
            "typeName" : "BTMParameterQuantity",
            "message" : {
              "units" : "",
              "value" : 0.0,
              "expression" : "0.0*mm",
              "isInteger" : false,
              "parameterId" : "translationZ",
              "libraryRelationType" : "NONE",
              "parameterName" : "",
              "hasUserCode" : false,
              "nodeId" : "k9QJ40G1iWFJ/ZKm0FMbhqrw"
            }
          }, {
            "type" : 145,
            "typeName" : "BTMParameterEnum",
            "message" : {
              "enumName" : "Rotation axis",
              "value" : "ABOUT_Z",
              "namespace" : "",
              "parameterId" : "rotationType",
              "libraryRelationType" : "NONE",
              "parameterName" : "",
              "hasUserCode" : false,
              "nodeId" : "4OvRLEXlm3585Jy7S8BH+C0Y"
            }
          }, {
            "type" : 147,
            "typeName" : "BTMParameterQuantity",
            "message" : {
              "units" : "",
              "value" : 0.0,
              "expression" : "0.0*deg",
              "isInteger" : false,
              "parameterId" : "rotation",
              "libraryRelationType" : "NONE",
              "parameterName" : "",
              "hasUserCode" : false,
              "nodeId" : "FVAPUYFevZ2K5Hf0vTkxBX8M"
            }
          }, {
            "type" : 144,
            "typeName" : "BTMParameterBoolean",
            "message" : {
              "value" : false,
              "parameterId" : "flipPrimary",
              "libraryRelationType" : "NONE",
              "parameterName" : "",
              "hasUserCode" : false,
              "nodeId" : "6I72qinxA8XsCYInsL8J/leC"
            }
          }, {
            "type" : 145,
            "typeName" : "BTMParameterEnum",
            "message" : {
              "enumName" : "Reorient secondary axis",
              "value" : "PLUS_X",
              "namespace" : "",
              "parameterId" : "secondaryAxisType",
              "libraryRelationType" : "NONE",
              "parameterName" : "",
              "hasUserCode" : false,
              "nodeId" : "yZ03xepe+6dZ2njzSx24VqJb"
            }
          } ],
          "suppressed" : false,
          "namespace" : "",
          "subFeatures" : [ ],
          "returnAfterSubfeatures" : false,
          "suppressionState" : {
            "type" : 0
          },
          "parameterLibraries" : [ ],
          "hasUserCode" : false,
          "nodeId" : "MLrbcAcIBtKutYiHN"
        }
      } ],
      "version" : 2,
      "featureType" : "mate",
      "featureId" : "MULXyipAWIDH91CWx",
      "name" : "ankle_left_pitch_joint",
      "parameters" : [ {
        "type" : 145,
        "typeName" : "BTMParameterEnum",
        "message" : {
          "enumName" : "Mate type",
          "value" : "REVOLUTE",
          "namespace" : "",
          "parameterId" : "mateType",
          "libraryRelationType" : "NONE",
          "parameterName" : "",
          "hasUserCode" : false,
          "nodeId" : "CkVsO0z60ZRoHU/K"
        }
      }, {
        "type" : 67,
        "typeName" : "BTMParameterQueryWithOccurrenceList",
        "message" : {
          "queries" : [ {
            "type" : 157,
            "typeName" : "BTMFeatureQueryWithOccurrence",
            "message" : {
              "featureId" : "McuArAFcHT1mSSiTL",
              "queryData" : "",
              "path" : [ ],
              "hasUserCode" : false,
              "nodeId" : "M+np6bTPBFnSKZP0+"
            }
          }, {
            "type" : 157,
            "typeName" : "BTMFeatureQueryWithOccurrence",
            "message" : {
              "featureId" : "MLrbcAcIBtKutYiHN",
              "queryData" : "",
              "path" : [ ],
              "hasUserCode" : false,
              "nodeId" : "MEKZIjvKFx1fV3z/f"
            }
          } ],
          "parameterId" : "mateConnectorsQuery",
          "libraryRelationType" : "NONE",
          "parameterName" : "",
          "hasUserCode" : false,
          "nodeId" : "Cub9MXbO/B838/8x"
        }
      }, {
        "type" : 144,
        "typeName" : "BTMParameterBoolean",
        "message" : {
          "value" : false,
          "parameterId" : "mateOffsetEnabled",
          "libraryRelationType" : "NONE",
          "parameterName" : "",
          "hasUserCode" : false,
          "nodeId" : "k0DC7rBW/AsNMRW/"
        }
      }, {
        "type" : 147,
        "typeName" : "BTMParameterQuantity",
        "message" : {
          "units" : "",
          "value" : 0.0,
          "expression" : "0 mm",
          "isInteger" : false,
          "parameterId" : "mateOffsetDistanceX",
          "libraryRelationType" : "NONE",
          "parameterName" : "",
          "hasUserCode" : false,
          "nodeId" : "SQ6BoE3W8HSykQHi"
        }
      }, {
        "type" : 147,
        "typeName" : "BTMParameterQuantity",
        "message" : {
          "units" : "",
          "value" : 0.0,
          "expression" : "0 mm",
          "isInteger" : false,
          "parameterId" : "mateOffsetDistanceY",
          "libraryRelationType" : "NONE",
          "parameterName" : "",
          "hasUserCode" : false,
          "nodeId" : "CPPVz/jlR0pqknHL"
        }
      }, {
        "type" : 147,
        "typeName" : "BTMParameterQuantity",
        "message" : {
          "units" : "",
          "value" : 0.0,
          "expression" : "0 mm",
          "isInteger" : false,
          "parameterId" : "mateOffsetDistanceZ",
          "libraryRelationType" : "NONE",
          "parameterName" : "",
          "hasUserCode" : false,
          "nodeId" : "jOYXzLtAki/qe1Zn"
        }
      }, {
        "type" : 145,
        "typeName" : "BTMParameterEnum",
        "message" : {
          "enumName" : "Rotation axis",
          "value" : "ABOUT_X",
          "namespace" : "",
          "parameterId" : "rotationType",
          "libraryRelationType" : "NONE",
          "parameterName" : "",
          "hasUserCode" : false,
          "nodeId" : "ruJj1Cr69/7VItDh"
        }
      }, {
        "type" : 147,
        "typeName" : "BTMParameterQuantity",
        "message" : {
          "units" : "",
          "value" : 0.0,
          "expression" : "0 deg",
          "isInteger" : false,
          "parameterId" : "rotation",
          "libraryRelationType" : "NONE",
          "parameterName" : "",
          "hasUserCode" : false,
          "nodeId" : "bGekUqMN45iykjbv"
        }
      }, {
        "type" : 144,
        "typeName" : "BTMParameterBoolean",
        "message" : {
          "value" : false,
          "parameterId" : "limitsEnabled",
          "libraryRelationType" : "NONE",
          "parameterName" : "",
          "hasUserCode" : false,
          "nodeId" : "dS2BwIDXfjpxhTfX"
        }
      }, {
        "type" : 807,
        "typeName" : "BTMParameterNullableQuantity",
        "message" : {
          "isNull" : false,
          "nullValue" : "No minimum",
          "units" : "",
          "value" : 0.0,
          "expression" : "0 mm",
          "isInteger" : false,
          "parameterId" : "limitXMin",
          "libraryRelationType" : "NONE",
          "parameterName" : "",
          "hasUserCode" : false,
          "nodeId" : "7ULoz+2/Nuin9h6b"
        }
      }, {
        "type" : 807,
        "typeName" : "BTMParameterNullableQuantity",
        "message" : {
          "isNull" : false,
          "nullValue" : "No maximum",
          "units" : "",
          "value" : 0.0,
          "expression" : "0 mm",
          "isInteger" : false,
          "parameterId" : "limitXMax",
          "libraryRelationType" : "NONE",
          "parameterName" : "",
          "hasUserCode" : false,
          "nodeId" : "eS3xKWOrL9q4jVjO"
        }
      }, {
        "type" : 807,
        "typeName" : "BTMParameterNullableQuantity",
        "message" : {
          "isNull" : false,
          "nullValue" : "No minimum",
          "units" : "",
          "value" : 0.0,
          "expression" : "0 mm",
          "isInteger" : false,
          "parameterId" : "limitYMin",
          "libraryRelationType" : "NONE",
          "parameterName" : "",
          "hasUserCode" : false,
          "nodeId" : "B8Irj7PBpn5Z0ree"
        }
      }, {
        "type" : 807,
        "typeName" : "BTMParameterNullableQuantity",
        "message" : {
          "isNull" : false,
          "nullValue" : "No maximum",
          "units" : "",
          "value" : 0.0,
          "expression" : "0 mm",
          "isInteger" : false,
          "parameterId" : "limitYMax",
          "libraryRelationType" : "NONE",
          "parameterName" : "",
          "hasUserCode" : false,
          "nodeId" : "OkUQ2aqgCUeeRbXx"
        }
      }, {
        "type" : 807,
        "typeName" : "BTMParameterNullableQuantity",
        "message" : {
          "isNull" : false,
          "nullValue" : "No minimum",
          "units" : "",
          "value" : 0.0,
          "expression" : "0 mm",
          "isInteger" : false,
          "parameterId" : "limitZMin",
          "libraryRelationType" : "NONE",
          "parameterName" : "",
          "hasUserCode" : false,
          "nodeId" : "EO9DW6VHv6d2lSaK"
        }
      }, {
        "type" : 807,
        "typeName" : "BTMParameterNullableQuantity",
        "message" : {
          "isNull" : false,
          "nullValue" : "No maximum",
          "units" : "",
          "value" : 0.0,
          "expression" : "0 mm",
          "isInteger" : false,
          "parameterId" : "limitZMax",
          "libraryRelationType" : "NONE",
          "parameterName" : "",
          "hasUserCode" : false,
          "nodeId" : "hScinAw2VSmw34BK"
        }
      }, {
        "type" : 807,
        "typeName" : "BTMParameterNullableQuantity",
        "message" : {
          "isNull" : false,
          "nullValue" : "No minimum",
          "units" : "",
          "value" : 0.0,
          "expression" : "0 deg",
          "isInteger" : false,
          "parameterId" : "limitAxialXMin",
          "libraryRelationType" : "NONE",
          "parameterName" : "",
          "hasUserCode" : false,
          "nodeId" : "kTDFWpLkMyiXvw32"
        }
      }, {
        "type" : 807,
        "typeName" : "BTMParameterNullableQuantity",
        "message" : {
          "isNull" : false,
          "nullValue" : "No maximum",
          "units" : "",
          "value" : 0.0,
          "expression" : "0 deg",
          "isInteger" : false,
          "parameterId" : "limitAxialXMax",
          "libraryRelationType" : "NONE",
          "parameterName" : "",
          "hasUserCode" : false,
          "nodeId" : "kCLXaJUfdpVCp96T"
        }
      }, {
        "type" : 807,
        "typeName" : "BTMParameterNullableQuantity",
        "message" : {
          "isNull" : false,
          "nullValue" : "No minimum",
          "units" : "",
          "value" : 0.0,
          "expression" : "0 deg",
          "isInteger" : false,
          "parameterId" : "limitAxialYMin",
          "libraryRelationType" : "NONE",
          "parameterName" : "",
          "hasUserCode" : false,
          "nodeId" : "vC3AqU7oV0nlggbv"
        }
      }, {
        "type" : 807,
        "typeName" : "BTMParameterNullableQuantity",
        "message" : {
          "isNull" : false,
          "nullValue" : "No maximum",
          "units" : "",
          "value" : 0.0,
          "expression" : "0 deg",
          "isInteger" : false,
          "parameterId" : "limitAxialYMax",
          "libraryRelationType" : "NONE",
          "parameterName" : "",
          "hasUserCode" : false,
          "nodeId" : "9XVk6DiG9qO0fLZK"
        }
      }, {
        "type" : 807,
        "typeName" : "BTMParameterNullableQuantity",
        "message" : {
          "isNull" : false,
          "nullValue" : "No minimum",
          "units" : "",
          "value" : 0.0,
          "expression" : "0 deg",
          "isInteger" : false,
          "parameterId" : "limitAxialZMin",
          "libraryRelationType" : "NONE",
          "parameterName" : "",
          "hasUserCode" : false,
          "nodeId" : "HsHz3P+kkav6zDqO"
        }
      }, {
        "type" : 807,
        "typeName" : "BTMParameterNullableQuantity",
        "message" : {
          "isNull" : false,
          "nullValue" : "No maximum",
          "units" : "",
          "value" : 0.0,
          "expression" : "0 deg",
          "isInteger" : false,
          "parameterId" : "limitAxialZMax",
          "libraryRelationType" : "NONE",
          "parameterName" : "",
          "hasUserCode" : false,
          "nodeId" : "igHudAetotFzV+P0"
        }
      }, {
        "type" : 807,
        "typeName" : "BTMParameterNullableQuantity",
        "message" : {
          "isNull" : false,
          "nullValue" : "No maximum",
          "units" : "",
          "value" : 0.0,
          "expression" : "0 deg",
          "isInteger" : false,
          "parameterId" : "limitEulerConeAngleMax",
          "libraryRelationType" : "NONE",
          "parameterName" : "",
          "hasUserCode" : false,
          "nodeId" : "XMQTAyavnVZL/+Is"
        }
      }, {
        "type" : 144,
        "typeName" : "BTMParameterBoolean",
        "message" : {
          "value" : false,
          "parameterId" : "functionalconnection",
          "libraryRelationType" : "NONE",
          "parameterName" : "",
          "hasUserCode" : false,
          "nodeId" : "EqioKqxAhwLSgbkh"
        }
      }, {
        "type" : 67,
        "typeName" : "BTMParameterQueryWithOccurrenceList",
        "message" : {
          "queries" : [ ],
          "parameterId" : "facestoconnect",
          "libraryRelationType" : "NONE",
          "parameterName" : "",
          "hasUserCode" : false,
          "nodeId" : "9uJ3EVrC7BoiQprw"
        }
      }, {
        "type" : 144,
        "typeName" : "BTMParameterBoolean",
        "message" : {
          "value" : true,
          "parameterId" : "primaryAxisAlignment",
          "libraryRelationType" : "NONE",
          "parameterName" : "",
          "hasUserCode" : false,
          "nodeId" : "TH56JOAVZIUHW/Gb"
        }
      }, {
        "type" : 145,
        "typeName" : "BTMParameterEnum",
        "message" : {
          "enumName" : "Reorient secondary axis",
          "value" : "MINUS_X",
          "namespace" : "",
          "parameterId" : "secondaryAxisAlignment",
          "libraryRelationType" : "NONE",
          "parameterName" : "",
          "hasUserCode" : false,
          "nodeId" : "UTwEfUXRxxZKykYm"
        }
      } ],
      "suppressed" : false,
      "namespace" : "",
      "subFeatures" : [ ],
      "returnAfterSubfeatures" : false,
      "suppressionState" : {
        "type" : 0
      },
      "parameterLibraries" : [ ],
      "hasUserCode" : false,
      "nodeId" : "MULXyipAWIDH91CWx"
    }
  }, {
    "type" : 64,
    "typeName" : "BTMMate",
    "message" : {
      "mateConnectors" : [ {
        "type" : 66,
        "typeName" : "BTMMateConnector",
        "message" : {
          "isHidden" : true,
          "implicit" : true,
          "isAuxiliaryTreeMateConnector" : false,
          "version" : 9,
          "featureType" : "mateConnector",
          "featureId" : "MugYmNAza1HxbbEnh",
          "name" : "Mate connector",
          "parameters" : [ {
            "type" : 145,
            "typeName" : "BTMParameterEnum",
            "message" : {
              "enumName" : "Origin type",
              "value" : "ON_ENTITY",
              "namespace" : "",
              "parameterId" : "originType",
              "libraryRelationType" : "NONE",
              "parameterName" : "",
              "hasUserCode" : false,
              "nodeId" : "NU1jMnf7m673R+MjLqm4KWzN"
            }
          }, {
            "type" : 67,
            "typeName" : "BTMParameterQueryWithOccurrenceList",
            "message" : {
              "queries" : [ {
                "type" : 1083,
                "typeName" : "BTMInferenceQueryWithOccurrence",
                "message" : {
                  "secondGeometryId" : "",
                  "inferenceType" : "CENTER",
                  "geometryIds" : [ "LbF2B" ],
                  "path" : [ "MNYvT4aEpFoSpA1Ds" ],
                  "hasUserCode" : false,
                  "nodeId" : "F0agi9mYSfxNCJG"
                }
              } ],
              "parameterId" : "originQuery",
              "libraryRelationType" : "NONE",
              "parameterName" : "",
              "hasUserCode" : false,
              "nodeId" : "v4+czYruWr8EaJP113T3oldc"
            }
          }, {
            "type" : 67,
            "typeName" : "BTMParameterQueryWithOccurrenceList",
            "message" : {
              "queries" : [ ],
              "parameterId" : "originAdditionalQuery",
              "libraryRelationType" : "NONE",
              "parameterName" : "",
              "hasUserCode" : false,
              "nodeId" : "rrcR+avgicBq3T5poFaDsLN2"
            }
          }, {
            "type" : 144,
            "typeName" : "BTMParameterBoolean",
            "message" : {
              "value" : false,
              "parameterId" : "realign",
              "libraryRelationType" : "NONE",
              "parameterName" : "",
              "hasUserCode" : false,
              "nodeId" : "z0MjT9tCW9MqvN7PghNWIHEN"
            }
          }, {
            "type" : 67,
            "typeName" : "BTMParameterQueryWithOccurrenceList",
            "message" : {
              "queries" : [ ],
              "parameterId" : "primaryAxisQuery",
              "libraryRelationType" : "NONE",
              "parameterName" : "",
              "hasUserCode" : false,
              "nodeId" : "tYadepz1tR8+5D5NSlcWqvwo"
            }
          }, {
            "type" : 67,
            "typeName" : "BTMParameterQueryWithOccurrenceList",
            "message" : {
              "queries" : [ ],
              "parameterId" : "secondaryAxisQuery",
              "libraryRelationType" : "NONE",
              "parameterName" : "",
              "hasUserCode" : false,
              "nodeId" : "5fhIXOjuFGOC2ENVZf/WV7od"
            }
          }, {
            "type" : 144,
            "typeName" : "BTMParameterBoolean",
            "message" : {
              "value" : false,
              "parameterId" : "transform",
              "libraryRelationType" : "NONE",
              "parameterName" : "",
              "hasUserCode" : false,
              "nodeId" : "9xWr7PTmlkmL3MFqn+6lDZGf"
            }
          }, {
            "type" : 147,
            "typeName" : "BTMParameterQuantity",
            "message" : {
              "units" : "",
              "value" : 0.0,
              "expression" : "0.0*mm",
              "isInteger" : false,
              "parameterId" : "translationX",
              "libraryRelationType" : "NONE",
              "parameterName" : "",
              "hasUserCode" : false,
              "nodeId" : "rXmsXjd7IoLcgRa5FoKU4oJe"
            }
          }, {
            "type" : 147,
            "typeName" : "BTMParameterQuantity",
            "message" : {
              "units" : "",
              "value" : 0.0,
              "expression" : "0.0*mm",
              "isInteger" : false,
              "parameterId" : "translationY",
              "libraryRelationType" : "NONE",
              "parameterName" : "",
              "hasUserCode" : false,
              "nodeId" : "FR7C05Bc6QHTIOnBdLyVmcPJ"
            }
          }, {
            "type" : 147,
            "typeName" : "BTMParameterQuantity",
            "message" : {
              "units" : "",
              "value" : 0.0,
              "expression" : "0.0*mm",
              "isInteger" : false,
              "parameterId" : "translationZ",
              "libraryRelationType" : "NONE",
              "parameterName" : "",
              "hasUserCode" : false,
              "nodeId" : "oFp3RDWBamaWHE5oLw0Sg6si"
            }
          }, {
            "type" : 145,
            "typeName" : "BTMParameterEnum",
            "message" : {
              "enumName" : "Rotation axis",
              "value" : "ABOUT_Z",
              "namespace" : "",
              "parameterId" : "rotationType",
              "libraryRelationType" : "NONE",
              "parameterName" : "",
              "hasUserCode" : false,
              "nodeId" : "rdtQCAgglEkPK+DsGvurKFQB"
            }
          }, {
            "type" : 147,
            "typeName" : "BTMParameterQuantity",
            "message" : {
              "units" : "",
              "value" : 0.0,
              "expression" : "0.0*deg",
              "isInteger" : false,
              "parameterId" : "rotation",
              "libraryRelationType" : "NONE",
              "parameterName" : "",
              "hasUserCode" : false,
              "nodeId" : "v+Z330vq1tLAbM4mK0Pm6BA/"
            }
          }, {
            "type" : 144,
            "typeName" : "BTMParameterBoolean",
            "message" : {
              "value" : false,
              "parameterId" : "flipPrimary",
              "libraryRelationType" : "NONE",
              "parameterName" : "",
              "hasUserCode" : false,
              "nodeId" : "3V9/O59GZkE4Mjd5e1hwfWY8"
            }
          }, {
            "type" : 145,
            "typeName" : "BTMParameterEnum",
            "message" : {
              "enumName" : "Reorient secondary axis",
              "value" : "PLUS_X",
              "namespace" : "",
              "parameterId" : "secondaryAxisType",
              "libraryRelationType" : "NONE",
              "parameterName" : "",
              "hasUserCode" : false,
              "nodeId" : "0/hXzTRgMR2/ERZWNOWbOatO"
            }
          } ],
          "suppressed" : false,
          "namespace" : "",
          "subFeatures" : [ ],
          "returnAfterSubfeatures" : false,
          "suppressionState" : {
            "type" : 0
          },
          "parameterLibraries" : [ ],
          "hasUserCode" : false,
          "nodeId" : "MugYmNAza1HxbbEnh"
        }
      }, {
        "type" : 66,
        "typeName" : "BTMMateConnector",
        "message" : {
          "isHidden" : true,
          "implicit" : true,
          "isAuxiliaryTreeMateConnector" : false,
          "version" : 9,
          "featureType" : "mateConnector",
          "featureId" : "MppW4yXmef58DDilK",
          "name" : "Mate connector",
          "parameters" : [ {
            "type" : 145,
            "typeName" : "BTMParameterEnum",
            "message" : {
              "enumName" : "Origin type",
              "value" : "ON_ENTITY",
              "namespace" : "",
              "parameterId" : "originType",
              "libraryRelationType" : "NONE",
              "parameterName" : "",
              "hasUserCode" : false,
              "nodeId" : "Wm/tHQBYK+qyqqphxzCOTYvW"
            }
          }, {
            "type" : 67,
            "typeName" : "BTMParameterQueryWithOccurrenceList",
            "message" : {
              "queries" : [ {
                "type" : 1083,
                "typeName" : "BTMInferenceQueryWithOccurrence",
                "message" : {
                  "secondGeometryId" : "",
                  "inferenceType" : "CENTER",
                  "geometryIds" : [ "KPRH" ],
                  "path" : [ "MftqrLSTazdcDWUIR" ],
                  "hasUserCode" : false,
                  "nodeId" : "FQM90e65WNAE024"
                }
              } ],
              "parameterId" : "originQuery",
              "libraryRelationType" : "NONE",
              "parameterName" : "",
              "hasUserCode" : false,
              "nodeId" : "m+yNMTghXs2OuLM0ImZPnFi7"
            }
          }, {
            "type" : 67,
            "typeName" : "BTMParameterQueryWithOccurrenceList",
            "message" : {
              "queries" : [ ],
              "parameterId" : "originAdditionalQuery",
              "libraryRelationType" : "NONE",
              "parameterName" : "",
              "hasUserCode" : false,
              "nodeId" : "/zkfvDG1ZrB/wb44teIcC623"
            }
          }, {
            "type" : 144,
            "typeName" : "BTMParameterBoolean",
            "message" : {
              "value" : false,
              "parameterId" : "realign",
              "libraryRelationType" : "NONE",
              "parameterName" : "",
              "hasUserCode" : false,
              "nodeId" : "/S6DmFweWVnEV6udS+a62Rxl"
            }
          }, {
            "type" : 67,
            "typeName" : "BTMParameterQueryWithOccurrenceList",
            "message" : {
              "queries" : [ ],
              "parameterId" : "primaryAxisQuery",
              "libraryRelationType" : "NONE",
              "parameterName" : "",
              "hasUserCode" : false,
              "nodeId" : "Pk46meFlDHkO2JE0/7xDny48"
            }
          }, {
            "type" : 67,
            "typeName" : "BTMParameterQueryWithOccurrenceList",
            "message" : {
              "queries" : [ ],
              "parameterId" : "secondaryAxisQuery",
              "libraryRelationType" : "NONE",
              "parameterName" : "",
              "hasUserCode" : false,
              "nodeId" : "LcLfeiY3v1ibUSodgLZZ+O99"
            }
          }, {
            "type" : 144,
            "typeName" : "BTMParameterBoolean",
            "message" : {
              "value" : false,
              "parameterId" : "transform",
              "libraryRelationType" : "NONE",
              "parameterName" : "",
              "hasUserCode" : false,
              "nodeId" : "WaUw5XPZ8eCaBDimNfFrPdN8"
            }
          }, {
            "type" : 147,
            "typeName" : "BTMParameterQuantity",
            "message" : {
              "units" : "",
              "value" : 0.0,
              "expression" : "0.0*mm",
              "isInteger" : false,
              "parameterId" : "translationX",
              "libraryRelationType" : "NONE",
              "parameterName" : "",
              "hasUserCode" : false,
              "nodeId" : "W5fFsdGQVS5dWNrVS7U2H1OX"
            }
          }, {
            "type" : 147,
            "typeName" : "BTMParameterQuantity",
            "message" : {
              "units" : "",
              "value" : 0.0,
              "expression" : "0.0*mm",
              "isInteger" : false,
              "parameterId" : "translationY",
              "libraryRelationType" : "NONE",
              "parameterName" : "",
              "hasUserCode" : false,
              "nodeId" : "CV4LqL3xyXJs2S/Dh5v0Ihfe"
            }
          }, {
            "type" : 147,
            "typeName" : "BTMParameterQuantity",
            "message" : {
              "units" : "",
              "value" : 0.0,
              "expression" : "0.0*mm",
              "isInteger" : false,
              "parameterId" : "translationZ",
              "libraryRelationType" : "NONE",
              "parameterName" : "",
              "hasUserCode" : false,
              "nodeId" : "fciZtWBbsMu0XaqvyJh3bkBd"
            }
          }, {
            "type" : 145,
            "typeName" : "BTMParameterEnum",
            "message" : {
              "enumName" : "Rotation axis",
              "value" : "ABOUT_Z",
              "namespace" : "",
              "parameterId" : "rotationType",
              "libraryRelationType" : "NONE",
              "parameterName" : "",
              "hasUserCode" : false,
              "nodeId" : "u2iW4At9nWwR+M9U233shnbO"
            }
          }, {
            "type" : 147,
            "typeName" : "BTMParameterQuantity",
            "message" : {
              "units" : "",
              "value" : 0.0,
              "expression" : "0.0*deg",
              "isInteger" : false,
              "parameterId" : "rotation",
              "libraryRelationType" : "NONE",
              "parameterName" : "",
              "hasUserCode" : false,
              "nodeId" : "sbdbs5Fve3LExmZ3JaITe+iN"
            }
          }, {
            "type" : 144,
            "typeName" : "BTMParameterBoolean",
            "message" : {
              "value" : false,
              "parameterId" : "flipPrimary",
              "libraryRelationType" : "NONE",
              "parameterName" : "",
              "hasUserCode" : false,
              "nodeId" : "QgnIWmoAK9yRImCMqzfGY1qk"
            }
          }, {
            "type" : 145,
            "typeName" : "BTMParameterEnum",
            "message" : {
              "enumName" : "Reorient secondary axis",
              "value" : "PLUS_X",
              "namespace" : "",
              "parameterId" : "secondaryAxisType",
              "libraryRelationType" : "NONE",
              "parameterName" : "",
              "hasUserCode" : false,
              "nodeId" : "kXzD26hoHiV6Nw23shKADTuX"
            }
          } ],
          "suppressed" : false,
          "namespace" : "",
          "subFeatures" : [ ],
          "returnAfterSubfeatures" : false,
          "suppressionState" : {
            "type" : 0
          },
          "parameterLibraries" : [ ],
          "hasUserCode" : false,
          "nodeId" : "MppW4yXmef58DDilK"
        }
      } ],
      "version" : 2,
      "featureType" : "mate",
      "featureId" : "MTPXqLjExYf+PiO6D",
      "name" : "ankle_left_roll_joint",
      "parameters" : [ {
        "type" : 145,
        "typeName" : "BTMParameterEnum",
        "message" : {
          "enumName" : "Mate type",
          "value" : "REVOLUTE",
          "namespace" : "",
          "parameterId" : "mateType",
          "libraryRelationType" : "NONE",
          "parameterName" : "",
          "hasUserCode" : false,
          "nodeId" : "mUP6cUvSPY1+jZTW"
        }
      }, {
        "type" : 67,
        "typeName" : "BTMParameterQueryWithOccurrenceList",
        "message" : {
          "queries" : [ {
            "type" : 157,
            "typeName" : "BTMFeatureQueryWithOccurrence",
            "message" : {
              "featureId" : "MugYmNAza1HxbbEnh",
              "queryData" : "",
              "path" : [ ],
              "hasUserCode" : false,
              "nodeId" : "M0oXouCgqtLfkQLAn"
            }
          }, {
            "type" : 157,
            "typeName" : "BTMFeatureQueryWithOccurrence",
            "message" : {
              "featureId" : "MppW4yXmef58DDilK",
              "queryData" : "",
              "path" : [ ],
              "hasUserCode" : false,
              "nodeId" : "M1mvEedgMkiXXg9QF"
            }
          } ],
          "parameterId" : "mateConnectorsQuery",
          "libraryRelationType" : "NONE",
          "parameterName" : "",
          "hasUserCode" : false,
          "nodeId" : "6JszKhQmrKU+82Nz"
        }
      }, {
        "type" : 144,
        "typeName" : "BTMParameterBoolean",
        "message" : {
          "value" : false,
          "parameterId" : "mateOffsetEnabled",
          "libraryRelationType" : "NONE",
          "parameterName" : "",
          "hasUserCode" : false,
          "nodeId" : "SHYhCqYoUodHSjeA"
        }
      }, {
        "type" : 147,
        "typeName" : "BTMParameterQuantity",
        "message" : {
          "units" : "",
          "value" : 0.0,
          "expression" : "0 mm",
          "isInteger" : false,
          "parameterId" : "mateOffsetDistanceX",
          "libraryRelationType" : "NONE",
          "parameterName" : "",
          "hasUserCode" : false,
          "nodeId" : "pElD7vNJtlKPHir/"
        }
      }, {
        "type" : 147,
        "typeName" : "BTMParameterQuantity",
        "message" : {
          "units" : "",
          "value" : 0.0,
          "expression" : "0 mm",
          "isInteger" : false,
          "parameterId" : "mateOffsetDistanceY",
          "libraryRelationType" : "NONE",
          "parameterName" : "",
          "hasUserCode" : false,
          "nodeId" : "UMUR45mGY2X/rg5n"
        }
      }, {
        "type" : 147,
        "typeName" : "BTMParameterQuantity",
        "message" : {
          "units" : "",
          "value" : 0.0,
          "expression" : "0 mm",
          "isInteger" : false,
          "parameterId" : "mateOffsetDistanceZ",
          "libraryRelationType" : "NONE",
          "parameterName" : "",
          "hasUserCode" : false,
          "nodeId" : "mysGUP8sF0nLb9V7"
        }
      }, {
        "type" : 145,
        "typeName" : "BTMParameterEnum",
        "message" : {
          "enumName" : "Rotation axis",
          "value" : "ABOUT_X",
          "namespace" : "",
          "parameterId" : "rotationType",
          "libraryRelationType" : "NONE",
          "parameterName" : "",
          "hasUserCode" : false,
          "nodeId" : "uQQWe0rsMXgHC9cf"
        }
      }, {
        "type" : 147,
        "typeName" : "BTMParameterQuantity",
        "message" : {
          "units" : "",
          "value" : 0.0,
          "expression" : "0 deg",
          "isInteger" : false,
          "parameterId" : "rotation",
          "libraryRelationType" : "NONE",
          "parameterName" : "",
          "hasUserCode" : false,
          "nodeId" : "HUrJ5pjVz6CZsS2n"
        }
      }, {
        "type" : 144,
        "typeName" : "BTMParameterBoolean",
        "message" : {
          "value" : false,
          "parameterId" : "limitsEnabled",
          "libraryRelationType" : "NONE",
          "parameterName" : "",
          "hasUserCode" : false,
          "nodeId" : "GwRR6f6tez8w1qpw"
        }
      }, {
        "type" : 807,
        "typeName" : "BTMParameterNullableQuantity",
        "message" : {
          "isNull" : false,
          "nullValue" : "No minimum",
          "units" : "",
          "value" : 0.0,
          "expression" : "0 mm",
          "isInteger" : false,
          "parameterId" : "limitXMin",
          "libraryRelationType" : "NONE",
          "parameterName" : "",
          "hasUserCode" : false,
          "nodeId" : "86AgB1NoEiNjtVmf"
        }
      }, {
        "type" : 807,
        "typeName" : "BTMParameterNullableQuantity",
        "message" : {
          "isNull" : false,
          "nullValue" : "No maximum",
          "units" : "",
          "value" : 0.0,
          "expression" : "0 mm",
          "isInteger" : false,
          "parameterId" : "limitXMax",
          "libraryRelationType" : "NONE",
          "parameterName" : "",
          "hasUserCode" : false,
          "nodeId" : "pxVOE0LymQqyu6LD"
        }
      }, {
        "type" : 807,
        "typeName" : "BTMParameterNullableQuantity",
        "message" : {
          "isNull" : false,
          "nullValue" : "No minimum",
          "units" : "",
          "value" : 0.0,
          "expression" : "0 mm",
          "isInteger" : false,
          "parameterId" : "limitYMin",
          "libraryRelationType" : "NONE",
          "parameterName" : "",
          "hasUserCode" : false,
          "nodeId" : "cftISAmEarrQZTyt"
        }
      }, {
        "type" : 807,
        "typeName" : "BTMParameterNullableQuantity",
        "message" : {
          "isNull" : false,
          "nullValue" : "No maximum",
          "units" : "",
          "value" : 0.0,
          "expression" : "0 mm",
          "isInteger" : false,
          "parameterId" : "limitYMax",
          "libraryRelationType" : "NONE",
          "parameterName" : "",
          "hasUserCode" : false,
          "nodeId" : "du7CLBSUTW7qY0Ks"
        }
      }, {
        "type" : 807,
        "typeName" : "BTMParameterNullableQuantity",
        "message" : {
          "isNull" : false,
          "nullValue" : "No minimum",
          "units" : "",
          "value" : 0.0,
          "expression" : "0 mm",
          "isInteger" : false,
          "parameterId" : "limitZMin",
          "libraryRelationType" : "NONE",
          "parameterName" : "",
          "hasUserCode" : false,
          "nodeId" : "sgcTZjp1KDc7uBDk"
        }
      }, {
        "type" : 807,
        "typeName" : "BTMParameterNullableQuantity",
        "message" : {
          "isNull" : false,
          "nullValue" : "No maximum",
          "units" : "",
          "value" : 0.0,
          "expression" : "0 mm",
          "isInteger" : false,
          "parameterId" : "limitZMax",
          "libraryRelationType" : "NONE",
          "parameterName" : "",
          "hasUserCode" : false,
          "nodeId" : "yfOSzCC3ofuCmpKu"
        }
      }, {
        "type" : 807,
        "typeName" : "BTMParameterNullableQuantity",
        "message" : {
          "isNull" : false,
          "nullValue" : "No minimum",
          "units" : "",
          "value" : 0.0,
          "expression" : "0 deg",
          "isInteger" : false,
          "parameterId" : "limitAxialXMin",
          "libraryRelationType" : "NONE",
          "parameterName" : "",
          "hasUserCode" : false,
          "nodeId" : "eaE/YvYtBj35nPMj"
        }
      }, {
        "type" : 807,
        "typeName" : "BTMParameterNullableQuantity",
        "message" : {
          "isNull" : false,
          "nullValue" : "No maximum",
          "units" : "",
          "value" : 0.0,
          "expression" : "0 deg",
          "isInteger" : false,
          "parameterId" : "limitAxialXMax",
          "libraryRelationType" : "NONE",
          "parameterName" : "",
          "hasUserCode" : false,
          "nodeId" : "Cf1YIlqMS5P5FGfW"
        }
      }, {
        "type" : 807,
        "typeName" : "BTMParameterNullableQuantity",
        "message" : {
          "isNull" : false,
          "nullValue" : "No minimum",
          "units" : "",
          "value" : 0.0,
          "expression" : "0 deg",
          "isInteger" : false,
          "parameterId" : "limitAxialYMin",
          "libraryRelationType" : "NONE",
          "parameterName" : "",
          "hasUserCode" : false,
          "nodeId" : "IIDdoJfmTBUm6yQ8"
        }
      }, {
        "type" : 807,
        "typeName" : "BTMParameterNullableQuantity",
        "message" : {
          "isNull" : false,
          "nullValue" : "No maximum",
          "units" : "",
          "value" : 0.0,
          "expression" : "0 deg",
          "isInteger" : false,
          "parameterId" : "limitAxialYMax",
          "libraryRelationType" : "NONE",
          "parameterName" : "",
          "hasUserCode" : false,
          "nodeId" : "InbuvCO4XoFUScTo"
        }
      }, {
        "type" : 807,
        "typeName" : "BTMParameterNullableQuantity",
        "message" : {
          "isNull" : false,
          "nullValue" : "No minimum",
          "units" : "",
          "value" : 0.0,
          "expression" : "0 deg",
          "isInteger" : false,
          "parameterId" : "limitAxialZMin",
          "libraryRelationType" : "NONE",
          "parameterName" : "",
          "hasUserCode" : false,
          "nodeId" : "97MP6DuXy9LsdT+k"
        }
      }, {
        "type" : 807,
        "typeName" : "BTMParameterNullableQuantity",
        "message" : {
          "isNull" : false,
          "nullValue" : "No maximum",
          "units" : "",
          "value" : 0.0,
          "expression" : "0 deg",
          "isInteger" : false,
          "parameterId" : "limitAxialZMax",
          "libraryRelationType" : "NONE",
          "parameterName" : "",
          "hasUserCode" : false,
          "nodeId" : "VPuyQkWjQXIi/1Ia"
        }
      }, {
        "type" : 807,
        "typeName" : "BTMParameterNullableQuantity",
        "message" : {
          "isNull" : false,
          "nullValue" : "No maximum",
          "units" : "",
          "value" : 0.0,
          "expression" : "0 deg",
          "isInteger" : false,
          "parameterId" : "limitEulerConeAngleMax",
          "libraryRelationType" : "NONE",
          "parameterName" : "",
          "hasUserCode" : false,
          "nodeId" : "wANEw37NpI0mTX6F"
        }
      }, {
        "type" : 144,
        "typeName" : "BTMParameterBoolean",
        "message" : {
          "value" : false,
          "parameterId" : "functionalconnection",
          "libraryRelationType" : "NONE",
          "parameterName" : "",
          "hasUserCode" : false,
          "nodeId" : "L2Mb4FPi3pFnqzLU"
        }
      }, {
        "type" : 67,
        "typeName" : "BTMParameterQueryWithOccurrenceList",
        "message" : {
          "queries" : [ ],
          "parameterId" : "facestoconnect",
          "libraryRelationType" : "NONE",
          "parameterName" : "",
          "hasUserCode" : false,
          "nodeId" : "AqKngRhjbfKXavhu"
        }
      }, {
        "type" : 144,
        "typeName" : "BTMParameterBoolean",
        "message" : {
          "value" : true,
          "parameterId" : "primaryAxisAlignment",
          "libraryRelationType" : "NONE",
          "parameterName" : "",
          "hasUserCode" : false,
          "nodeId" : "ehLDQQ2D4WPSrV5K"
        }
      }, {
        "type" : 145,
        "typeName" : "BTMParameterEnum",
        "message" : {
          "enumName" : "Reorient secondary axis",
          "value" : "PLUS_Y",
          "namespace" : "",
          "parameterId" : "secondaryAxisAlignment",
          "libraryRelationType" : "NONE",
          "parameterName" : "",
          "hasUserCode" : false,
          "nodeId" : "oR1jBsKUCWy5v6XP"
        }
      } ],
      "suppressed" : false,
      "namespace" : "",
      "subFeatures" : [ ],
      "returnAfterSubfeatures" : false,
      "suppressionState" : {
        "type" : 0
      },
      "parameterLibraries" : [ ],
      "hasUserCode" : false,
      "nodeId" : "MTPXqLjExYf+PiO6D"
    }
  }, {
    "type" : 64,
    "typeName" : "BTMMate",
    "message" : {
      "mateConnectors" : [ {
        "type" : 66,
        "typeName" : "BTMMateConnector",
        "message" : {
          "isHidden" : true,
          "implicit" : true,
          "isAuxiliaryTreeMateConnector" : false,
          "version" : 9,
          "featureType" : "mateConnector",
          "featureId" : "MR7JP8bR18fCeToR5",
          "name" : "Mate connector",
          "parameters" : [ {
            "type" : 145,
            "typeName" : "BTMParameterEnum",
            "message" : {
              "enumName" : "Origin type",
              "value" : "ON_ENTITY",
              "namespace" : "",
              "parameterId" : "originType",
              "libraryRelationType" : "NONE",
              "parameterName" : "",
              "hasUserCode" : false,
              "nodeId" : "mEZhC/3HrtaSA4KTcowE5n3l"
            }
          }, {
            "type" : 67,
            "typeName" : "BTMParameterQueryWithOccurrenceList",
            "message" : {
              "queries" : [ {
                "type" : 1083,
                "typeName" : "BTMInferenceQueryWithOccurrence",
                "message" : {
                  "secondGeometryId" : "",
                  "inferenceType" : "CENTER",
                  "geometryIds" : [ "LYF2B" ],
                  "path" : [ "MmXWWnHVe4OilJAu5" ],
                  "hasUserCode" : false,
                  "nodeId" : "F4x6nDgiB4b7S5f"
                }
              } ],
              "parameterId" : "originQuery",
              "libraryRelationType" : "NONE",
              "parameterName" : "",
              "hasUserCode" : false,
              "nodeId" : "yrXt0RMSkgfao/fEKwqihNrI"
            }
          }, {
            "type" : 67,
            "typeName" : "BTMParameterQueryWithOccurrenceList",
            "message" : {
              "queries" : [ ],
              "parameterId" : "originAdditionalQuery",
              "libraryRelationType" : "NONE",
              "parameterName" : "",
              "hasUserCode" : false,
              "nodeId" : "OnYoSGa7meiaveYtDQDKpx5c"
            }
          }, {
            "type" : 144,
            "typeName" : "BTMParameterBoolean",
            "message" : {
              "value" : false,
              "parameterId" : "realign",
              "libraryRelationType" : "NONE",
              "parameterName" : "",
              "hasUserCode" : false,
              "nodeId" : "Y8z/SatkJEVIq2lnL08X81d2"
            }
          }, {
            "type" : 67,
            "typeName" : "BTMParameterQueryWithOccurrenceList",
            "message" : {
              "queries" : [ ],
              "parameterId" : "primaryAxisQuery",
              "libraryRelationType" : "NONE",
              "parameterName" : "",
              "hasUserCode" : false,
              "nodeId" : "Ba3FFOrwwfWtrEx7KyYQhvvt"
            }
          }, {
            "type" : 67,
            "typeName" : "BTMParameterQueryWithOccurrenceList",
            "message" : {
              "queries" : [ ],
              "parameterId" : "secondaryAxisQuery",
              "libraryRelationType" : "NONE",
              "parameterName" : "",
              "hasUserCode" : false,
              "nodeId" : "j80LGBrWQWVYQkPuzUNCuZ3b"
            }
          }, {
            "type" : 144,
            "typeName" : "BTMParameterBoolean",
            "message" : {
              "value" : false,
              "parameterId" : "transform",
              "libraryRelationType" : "NONE",
              "parameterName" : "",
              "hasUserCode" : false,
              "nodeId" : "uGC99ZEAvxDxhAFyeOIZF4C7"
            }
          }, {
            "type" : 147,
            "typeName" : "BTMParameterQuantity",
            "message" : {
              "units" : "",
              "value" : 0.0,
              "expression" : "0.0*mm",
              "isInteger" : false,
              "parameterId" : "translationX",
              "libraryRelationType" : "NONE",
              "parameterName" : "",
              "hasUserCode" : false,
              "nodeId" : "/1Ibbxu65B5nlnzxEUcuQs/P"
            }
          }, {
            "type" : 147,
            "typeName" : "BTMParameterQuantity",
            "message" : {
              "units" : "",
              "value" : 0.0,
              "expression" : "0.0*mm",
              "isInteger" : false,
              "parameterId" : "translationY",
              "libraryRelationType" : "NONE",
              "parameterName" : "",
              "hasUserCode" : false,
              "nodeId" : "n4O8cW/6JmX5QgaVmohSeHVe"
            }
          }, {
            "type" : 147,
            "typeName" : "BTMParameterQuantity",
            "message" : {
              "units" : "",
              "value" : 0.0,
              "expression" : "0.0*mm",
              "isInteger" : false,
              "parameterId" : "translationZ",
              "libraryRelationType" : "NONE",
              "parameterName" : "",
              "hasUserCode" : false,
              "nodeId" : "WumBeLUuMTS3TDO/4odWieHl"
            }
          }, {
            "type" : 145,
            "typeName" : "BTMParameterEnum",
            "message" : {
              "enumName" : "Rotation axis",
              "value" : "ABOUT_Z",
              "namespace" : "",
              "parameterId" : "rotationType",
              "libraryRelationType" : "NONE",
              "parameterName" : "",
              "hasUserCode" : false,
              "nodeId" : "WyHE63QWeT3TjKbYtxEsxJvB"
            }
          }, {
            "type" : 147,
            "typeName" : "BTMParameterQuantity",
            "message" : {
              "units" : "",
              "value" : 0.0,
              "expression" : "0.0*deg",
              "isInteger" : false,
              "parameterId" : "rotation",
              "libraryRelationType" : "NONE",
              "parameterName" : "",
              "hasUserCode" : false,
              "nodeId" : "sbdu9z+HkLrUdKd4NH1WZ1Vi"
            }
          }, {
            "type" : 144,
            "typeName" : "BTMParameterBoolean",
            "message" : {
              "value" : false,
              "parameterId" : "flipPrimary",
              "libraryRelationType" : "NONE",
              "parameterName" : "",
              "hasUserCode" : false,
              "nodeId" : "88kqS/aUKI/O1T19hq0lrLXZ"
            }
          }, {
            "type" : 145,
            "typeName" : "BTMParameterEnum",
            "message" : {
              "enumName" : "Reorient secondary axis",
              "value" : "PLUS_X",
              "namespace" : "",
              "parameterId" : "secondaryAxisType",
              "libraryRelationType" : "NONE",
              "parameterName" : "",
              "hasUserCode" : false,
              "nodeId" : "YGALUHWIPs8f0ZP+dfYcbrXZ"
            }
          } ],
          "suppressed" : false,
          "namespace" : "",
          "subFeatures" : [ ],
          "returnAfterSubfeatures" : false,
          "suppressionState" : {
            "type" : 0
          },
          "parameterLibraries" : [ ],
          "hasUserCode" : false,
          "nodeId" : "MR7JP8bR18fCeToR5"
        }
      }, {
        "type" : 66,
        "typeName" : "BTMMateConnector",
        "message" : {
          "isHidden" : true,
          "implicit" : true,
          "isAuxiliaryTreeMateConnector" : false,
          "version" : 9,
          "featureType" : "mateConnector",
          "featureId" : "MZoHEd4GKObJjZTZP",
          "name" : "Mate connector",
          "parameters" : [ {
            "type" : 145,
            "typeName" : "BTMParameterEnum",
            "message" : {
              "enumName" : "Origin type",
              "value" : "ON_ENTITY",
              "namespace" : "",
              "parameterId" : "originType",
              "libraryRelationType" : "NONE",
              "parameterName" : "",
              "hasUserCode" : false,
              "nodeId" : "BUhgBF701tiZeoRbVYariA6E"
            }
          }, {
            "type" : 67,
            "typeName" : "BTMParameterQueryWithOccurrenceList",
            "message" : {
              "queries" : [ {
                "type" : 1083,
                "typeName" : "BTMInferenceQueryWithOccurrence",
                "message" : {
                  "secondGeometryId" : "",
                  "inferenceType" : "CENTER",
                  "geometryIds" : [ "KOxH" ],
                  "path" : [ "Ml1QszxS68W/NrRJL" ],
                  "hasUserCode" : false,
                  "nodeId" : "FNgeO5cN8OkMF6L"
                }
              } ],
              "parameterId" : "originQuery",
              "libraryRelationType" : "NONE",
              "parameterName" : "",
              "hasUserCode" : false,
              "nodeId" : "gfq0soqQ8sWRzUbku0SIq3E3"
            }
          }, {
            "type" : 67,
            "typeName" : "BTMParameterQueryWithOccurrenceList",
            "message" : {
              "queries" : [ ],
              "parameterId" : "originAdditionalQuery",
              "libraryRelationType" : "NONE",
              "parameterName" : "",
              "hasUserCode" : false,
              "nodeId" : "1tpppfaZLCkOmj+M+2VaQ8MJ"
            }
          }, {
            "type" : 144,
            "typeName" : "BTMParameterBoolean",
            "message" : {
              "value" : false,
              "parameterId" : "realign",
              "libraryRelationType" : "NONE",
              "parameterName" : "",
              "hasUserCode" : false,
              "nodeId" : "gUoWsRts3qW9hLoFRfxGs7+K"
            }
          }, {
            "type" : 67,
            "typeName" : "BTMParameterQueryWithOccurrenceList",
            "message" : {
              "queries" : [ ],
              "parameterId" : "primaryAxisQuery",
              "libraryRelationType" : "NONE",
              "parameterName" : "",
              "hasUserCode" : false,
              "nodeId" : "eM12YuwR2uiwP/SMlU5xaSOC"
            }
          }, {
            "type" : 67,
            "typeName" : "BTMParameterQueryWithOccurrenceList",
            "message" : {
              "queries" : [ ],
              "parameterId" : "secondaryAxisQuery",
              "libraryRelationType" : "NONE",
              "parameterName" : "",
              "hasUserCode" : false,
              "nodeId" : "quXmi3kJ+KEIMhopUfI034Px"
            }
          }, {
            "type" : 144,
            "typeName" : "BTMParameterBoolean",
            "message" : {
              "value" : false,
              "parameterId" : "transform",
              "libraryRelationType" : "NONE",
              "parameterName" : "",
              "hasUserCode" : false,
              "nodeId" : "8ra4SJzFqnR0aGIJe/0jse0x"
            }
          }, {
            "type" : 147,
            "typeName" : "BTMParameterQuantity",
            "message" : {
              "units" : "",
              "value" : 0.0,
              "expression" : "0.0*mm",
              "isInteger" : false,
              "parameterId" : "translationX",
              "libraryRelationType" : "NONE",
              "parameterName" : "",
              "hasUserCode" : false,
              "nodeId" : "q823g0MYYulXs6DCmAomjsq8"
            }
          }, {
            "type" : 147,
            "typeName" : "BTMParameterQuantity",
            "message" : {
              "units" : "",
              "value" : 0.0,
              "expression" : "0.0*mm",
              "isInteger" : false,
              "parameterId" : "translationY",
              "libraryRelationType" : "NONE",
              "parameterName" : "",
              "hasUserCode" : false,
              "nodeId" : "AS4hrYGmoVUK8qFJnxJZS1ra"
            }
          }, {
            "type" : 147,
            "typeName" : "BTMParameterQuantity",
            "message" : {
              "units" : "",
              "value" : 0.0,
              "expression" : "0.0*mm",
              "isInteger" : false,
              "parameterId" : "translationZ",
              "libraryRelationType" : "NONE",
              "parameterName" : "",
              "hasUserCode" : false,
              "nodeId" : "dBHhqKP32zgAMbvtKIxrH6fM"
            }
          }, {
            "type" : 145,
            "typeName" : "BTMParameterEnum",
            "message" : {
              "enumName" : "Rotation axis",
              "value" : "ABOUT_Z",
              "namespace" : "",
              "parameterId" : "rotationType",
              "libraryRelationType" : "NONE",
              "parameterName" : "",
              "hasUserCode" : false,
              "nodeId" : "425/m33j/agn5V+Y/MskCrYx"
            }
          }, {
            "type" : 147,
            "typeName" : "BTMParameterQuantity",
            "message" : {
              "units" : "",
              "value" : 0.0,
              "expression" : "0.0*deg",
              "isInteger" : false,
              "parameterId" : "rotation",
              "libraryRelationType" : "NONE",
              "parameterName" : "",
              "hasUserCode" : false,
              "nodeId" : "Gzd+yd6V0Vnb6i4gZXE4rAkz"
            }
          }, {
            "type" : 144,
            "typeName" : "BTMParameterBoolean",
            "message" : {
              "value" : false,
              "parameterId" : "flipPrimary",
              "libraryRelationType" : "NONE",
              "parameterName" : "",
              "hasUserCode" : false,
              "nodeId" : "ODD6A9ZwnAbbeGHWCHzpq/Yx"
            }
          }, {
            "type" : 145,
            "typeName" : "BTMParameterEnum",
            "message" : {
              "enumName" : "Reorient secondary axis",
              "value" : "PLUS_X",
              "namespace" : "",
              "parameterId" : "secondaryAxisType",
              "libraryRelationType" : "NONE",
              "parameterName" : "",
              "hasUserCode" : false,
              "nodeId" : "FHGPIHNpCMM0OWXfarMsKf0X"
            }
          } ],
          "suppressed" : false,
          "namespace" : "",
          "subFeatures" : [ ],
          "returnAfterSubfeatures" : false,
          "suppressionState" : {
            "type" : 0
          },
          "parameterLibraries" : [ ],
          "hasUserCode" : false,
          "nodeId" : "MZoHEd4GKObJjZTZP"
        }
      } ],
      "version" : 2,
      "featureType" : "mate",
      "featureId" : "M5UVRmlnphgeSHAnO",
      "name" : "ankle_right_roll_joint",
      "parameters" : [ {
        "type" : 145,
        "typeName" : "BTMParameterEnum",
        "message" : {
          "enumName" : "Mate type",
          "value" : "REVOLUTE",
          "namespace" : "",
          "parameterId" : "mateType",
          "libraryRelationType" : "NONE",
          "parameterName" : "",
          "hasUserCode" : false,
          "nodeId" : "Pr46PyI0StNnbfWE"
        }
      }, {
        "type" : 67,
        "typeName" : "BTMParameterQueryWithOccurrenceList",
        "message" : {
          "queries" : [ {
            "type" : 157,
            "typeName" : "BTMFeatureQueryWithOccurrence",
            "message" : {
              "featureId" : "MR7JP8bR18fCeToR5",
              "queryData" : "",
              "path" : [ ],
              "hasUserCode" : false,
              "nodeId" : "M44pyoTzkjEp06dcj"
            }
          }, {
            "type" : 157,
            "typeName" : "BTMFeatureQueryWithOccurrence",
            "message" : {
              "featureId" : "MZoHEd4GKObJjZTZP",
              "queryData" : "",
              "path" : [ ],
              "hasUserCode" : false,
              "nodeId" : "MNqTtf1Gv34rSdUZM"
            }
          } ],
          "parameterId" : "mateConnectorsQuery",
          "libraryRelationType" : "NONE",
          "parameterName" : "",
          "hasUserCode" : false,
          "nodeId" : "aSfE5uowSpS9iCpm"
        }
      }, {
        "type" : 144,
        "typeName" : "BTMParameterBoolean",
        "message" : {
          "value" : false,
          "parameterId" : "mateOffsetEnabled",
          "libraryRelationType" : "NONE",
          "parameterName" : "",
          "hasUserCode" : false,
          "nodeId" : "jHIIQ61/6Wnpb+4X"
        }
      }, {
        "type" : 147,
        "typeName" : "BTMParameterQuantity",
        "message" : {
          "units" : "",
          "value" : 0.0,
          "expression" : "0 mm",
          "isInteger" : false,
          "parameterId" : "mateOffsetDistanceX",
          "libraryRelationType" : "NONE",
          "parameterName" : "",
          "hasUserCode" : false,
          "nodeId" : "KBdLQ+0xMvezEXCi"
        }
      }, {
        "type" : 147,
        "typeName" : "BTMParameterQuantity",
        "message" : {
          "units" : "",
          "value" : 0.0,
          "expression" : "0 mm",
          "isInteger" : false,
          "parameterId" : "mateOffsetDistanceY",
          "libraryRelationType" : "NONE",
          "parameterName" : "",
          "hasUserCode" : false,
          "nodeId" : "gHBLYk8l42EuFJnO"
        }
      }, {
        "type" : 147,
        "typeName" : "BTMParameterQuantity",
        "message" : {
          "units" : "",
          "value" : 0.0,
          "expression" : "0 mm",
          "isInteger" : false,
          "parameterId" : "mateOffsetDistanceZ",
          "libraryRelationType" : "NONE",
          "parameterName" : "",
          "hasUserCode" : false,
          "nodeId" : "AtGzq9gz+3K3AvW2"
        }
      }, {
        "type" : 145,
        "typeName" : "BTMParameterEnum",
        "message" : {
          "enumName" : "Rotation axis",
          "value" : "ABOUT_X",
          "namespace" : "",
          "parameterId" : "rotationType",
          "libraryRelationType" : "NONE",
          "parameterName" : "",
          "hasUserCode" : false,
          "nodeId" : "ezELFegx78lE4iO3"
        }
      }, {
        "type" : 147,
        "typeName" : "BTMParameterQuantity",
        "message" : {
          "units" : "",
          "value" : 0.0,
          "expression" : "0 deg",
          "isInteger" : false,
          "parameterId" : "rotation",
          "libraryRelationType" : "NONE",
          "parameterName" : "",
          "hasUserCode" : false,
          "nodeId" : "OnVz7WZFB26HLLst"
        }
      }, {
        "type" : 144,
        "typeName" : "BTMParameterBoolean",
        "message" : {
          "value" : false,
          "parameterId" : "limitsEnabled",
          "libraryRelationType" : "NONE",
          "parameterName" : "",
          "hasUserCode" : false,
          "nodeId" : "99n2zM43lKtc+u80"
        }
      }, {
        "type" : 807,
        "typeName" : "BTMParameterNullableQuantity",
        "message" : {
          "isNull" : false,
          "nullValue" : "No minimum",
          "units" : "",
          "value" : 0.0,
          "expression" : "0 mm",
          "isInteger" : false,
          "parameterId" : "limitXMin",
          "libraryRelationType" : "NONE",
          "parameterName" : "",
          "hasUserCode" : false,
          "nodeId" : "30ohh5CxGknwv+P6"
        }
      }, {
        "type" : 807,
        "typeName" : "BTMParameterNullableQuantity",
        "message" : {
          "isNull" : false,
          "nullValue" : "No maximum",
          "units" : "",
          "value" : 0.0,
          "expression" : "0 mm",
          "isInteger" : false,
          "parameterId" : "limitXMax",
          "libraryRelationType" : "NONE",
          "parameterName" : "",
          "hasUserCode" : false,
          "nodeId" : "Wqf2gUbGwVYRgCFF"
        }
      }, {
        "type" : 807,
        "typeName" : "BTMParameterNullableQuantity",
        "message" : {
          "isNull" : false,
          "nullValue" : "No minimum",
          "units" : "",
          "value" : 0.0,
          "expression" : "0 mm",
          "isInteger" : false,
          "parameterId" : "limitYMin",
          "libraryRelationType" : "NONE",
          "parameterName" : "",
          "hasUserCode" : false,
          "nodeId" : "JJYaCrUxRHSPUqrZ"
        }
      }, {
        "type" : 807,
        "typeName" : "BTMParameterNullableQuantity",
        "message" : {
          "isNull" : false,
          "nullValue" : "No maximum",
          "units" : "",
          "value" : 0.0,
          "expression" : "0 mm",
          "isInteger" : false,
          "parameterId" : "limitYMax",
          "libraryRelationType" : "NONE",
          "parameterName" : "",
          "hasUserCode" : false,
          "nodeId" : "ZhwtyNJyUs67imw0"
        }
      }, {
        "type" : 807,
        "typeName" : "BTMParameterNullableQuantity",
        "message" : {
          "isNull" : false,
          "nullValue" : "No minimum",
          "units" : "",
          "value" : 0.0,
          "expression" : "0 mm",
          "isInteger" : false,
          "parameterId" : "limitZMin",
          "libraryRelationType" : "NONE",
          "parameterName" : "",
          "hasUserCode" : false,
          "nodeId" : "9GEJlj96/e7jtGPo"
        }
      }, {
        "type" : 807,
        "typeName" : "BTMParameterNullableQuantity",
        "message" : {
          "isNull" : false,
          "nullValue" : "No maximum",
          "units" : "",
          "value" : 0.0,
          "expression" : "0 mm",
          "isInteger" : false,
          "parameterId" : "limitZMax",
          "libraryRelationType" : "NONE",
          "parameterName" : "",
          "hasUserCode" : false,
          "nodeId" : "VSYJhl6K357DkS3T"
        }
      }, {
        "type" : 807,
        "typeName" : "BTMParameterNullableQuantity",
        "message" : {
          "isNull" : false,
          "nullValue" : "No minimum",
          "units" : "",
          "value" : 0.0,
          "expression" : "0 deg",
          "isInteger" : false,
          "parameterId" : "limitAxialXMin",
          "libraryRelationType" : "NONE",
          "parameterName" : "",
          "hasUserCode" : false,
          "nodeId" : "8U40FsNgfRz9OjKD"
        }
      }, {
        "type" : 807,
        "typeName" : "BTMParameterNullableQuantity",
        "message" : {
          "isNull" : false,
          "nullValue" : "No maximum",
          "units" : "",
          "value" : 0.0,
          "expression" : "0 deg",
          "isInteger" : false,
          "parameterId" : "limitAxialXMax",
          "libraryRelationType" : "NONE",
          "parameterName" : "",
          "hasUserCode" : false,
          "nodeId" : "MTe+iO1z+h+ZG/Ki"
        }
      }, {
        "type" : 807,
        "typeName" : "BTMParameterNullableQuantity",
        "message" : {
          "isNull" : false,
          "nullValue" : "No minimum",
          "units" : "",
          "value" : 0.0,
          "expression" : "0 deg",
          "isInteger" : false,
          "parameterId" : "limitAxialYMin",
          "libraryRelationType" : "NONE",
          "parameterName" : "",
          "hasUserCode" : false,
          "nodeId" : "nXRGc3l4EYph3hZP"
        }
      }, {
        "type" : 807,
        "typeName" : "BTMParameterNullableQuantity",
        "message" : {
          "isNull" : false,
          "nullValue" : "No maximum",
          "units" : "",
          "value" : 0.0,
          "expression" : "0 deg",
          "isInteger" : false,
          "parameterId" : "limitAxialYMax",
          "libraryRelationType" : "NONE",
          "parameterName" : "",
          "hasUserCode" : false,
          "nodeId" : "cYmogREj+leYb7lB"
        }
      }, {
        "type" : 807,
        "typeName" : "BTMParameterNullableQuantity",
        "message" : {
          "isNull" : false,
          "nullValue" : "No minimum",
          "units" : "",
          "value" : 0.0,
          "expression" : "0 deg",
          "isInteger" : false,
          "parameterId" : "limitAxialZMin",
          "libraryRelationType" : "NONE",
          "parameterName" : "",
          "hasUserCode" : false,
          "nodeId" : "upeQEQFtfYKvAYCZ"
        }
      }, {
        "type" : 807,
        "typeName" : "BTMParameterNullableQuantity",
        "message" : {
          "isNull" : false,
          "nullValue" : "No maximum",
          "units" : "",
          "value" : 0.0,
          "expression" : "0 deg",
          "isInteger" : false,
          "parameterId" : "limitAxialZMax",
          "libraryRelationType" : "NONE",
          "parameterName" : "",
          "hasUserCode" : false,
          "nodeId" : "9ovDBiquw/7Qit1H"
        }
      }, {
        "type" : 807,
        "typeName" : "BTMParameterNullableQuantity",
        "message" : {
          "isNull" : false,
          "nullValue" : "No maximum",
          "units" : "",
          "value" : 0.0,
          "expression" : "0 deg",
          "isInteger" : false,
          "parameterId" : "limitEulerConeAngleMax",
          "libraryRelationType" : "NONE",
          "parameterName" : "",
          "hasUserCode" : false,
          "nodeId" : "YWdBuM6szhyH3qcw"
        }
      }, {
        "type" : 144,
        "typeName" : "BTMParameterBoolean",
        "message" : {
          "value" : false,
          "parameterId" : "functionalconnection",
          "libraryRelationType" : "NONE",
          "parameterName" : "",
          "hasUserCode" : false,
          "nodeId" : "4MlCkSCTnboeN4bU"
        }
      }, {
        "type" : 67,
        "typeName" : "BTMParameterQueryWithOccurrenceList",
        "message" : {
          "queries" : [ ],
          "parameterId" : "facestoconnect",
          "libraryRelationType" : "NONE",
          "parameterName" : "",
          "hasUserCode" : false,
          "nodeId" : "AeX7SE8/bWfxFz+r"
        }
      }, {
        "type" : 144,
        "typeName" : "BTMParameterBoolean",
        "message" : {
          "value" : true,
          "parameterId" : "primaryAxisAlignment",
          "libraryRelationType" : "NONE",
          "parameterName" : "",
          "hasUserCode" : false,
          "nodeId" : "Qntm1RwKxooHm3Zv"
        }
      }, {
        "type" : 145,
        "typeName" : "BTMParameterEnum",
        "message" : {
          "enumName" : "Reorient secondary axis",
          "value" : "PLUS_Y",
          "namespace" : "",
          "parameterId" : "secondaryAxisAlignment",
          "libraryRelationType" : "NONE",
          "parameterName" : "",
          "hasUserCode" : false,
          "nodeId" : "FYsxef3G1NR8cLtk"
        }
      } ],
      "suppressed" : false,
      "namespace" : "",
      "subFeatures" : [ ],
      "returnAfterSubfeatures" : false,
      "suppressionState" : {
        "type" : 0
      },
      "parameterLibraries" : [ ],
      "hasUserCode" : false,
      "nodeId" : "M5UVRmlnphgeSHAnO"
    }
  } ],
  "featureStates" : [ {
    "key" : "MjZYmdCURqqakzd/l",
    "value" : {
      "type" : 1688,
      "typeName" : "BTFeatureState",
      "message" : {
        "featureStatus" : "OK",
        "inactive" : false
      }
    }
  }, {
    "key" : "MmoxqsiW6+kQb5KUz",
    "value" : {
      "type" : 1688,
      "typeName" : "BTFeatureState",
      "message" : {
        "featureStatus" : "OK",
        "inactive" : false
      }
    }
  }, {
    "key" : "MttvB+ouacAGJ3dHA",
    "value" : {
      "type" : 1688,
      "typeName" : "BTFeatureState",
      "message" : {
        "featureStatus" : "OK",
        "inactive" : false
      }
    }
  }, {
    "key" : "MDKDzgwUDt+1PAsaI",
    "value" : {
      "type" : 1688,
      "typeName" : "BTFeatureState",
      "message" : {
        "featureStatus" : "OK",
        "inactive" : false
      }
    }
  }, {
    "key" : "M5UVRmlnphgeSHAnO",
    "value" : {
      "type" : 1688,
      "typeName" : "BTFeatureState",
      "message" : {
        "featureStatus" : "OK",
        "inactive" : false
      }
    }
  }, {
    "key" : "MyE68yWyvx52DkW4v",
    "value" : {
      "type" : 1688,
      "typeName" : "BTFeatureState",
      "message" : {
        "featureStatus" : "OK",
        "inactive" : false
      }
    }
  }, {
    "key" : "MeoRWXWiimmedDFue",
    "value" : {
      "type" : 1688,
      "typeName" : "BTFeatureState",
      "message" : {
        "featureStatus" : "OK",
        "inactive" : false
      }
    }
  }, {
    "key" : "M3v+gMEYDs99t2hCK",
    "value" : {
      "type" : 1688,
      "typeName" : "BTFeatureState",
      "message" : {
        "featureStatus" : "OK",
        "inactive" : false
      }
    }
  }, {
    "key" : "MlmxttZUD0YPpMWO0",
    "value" : {
      "type" : 1688,
      "typeName" : "BTFeatureState",
      "message" : {
        "featureStatus" : "OK",
        "inactive" : false
      }
    }
  }, {
    "key" : "MULXyipAWIDH91CWx",
    "value" : {
      "type" : 1688,
      "typeName" : "BTFeatureState",
      "message" : {
        "featureStatus" : "OK",
        "inactive" : false
      }
    }
  }, {
    "key" : "MTPXqLjExYf+PiO6D",
    "value" : {
      "type" : 1688,
      "typeName" : "BTFeatureState",
      "message" : {
        "featureStatus" : "OK",
        "inactive" : false
      }
    }
  }, {
    "key" : "MJrJRQbECE64hl+FJ",
    "value" : {
      "type" : 1688,
      "typeName" : "BTFeatureState",
      "message" : {
        "featureStatus" : "OK",
        "inactive" : false
      }
    }
  }, {
    "key" : "MXqovRgdUkyQ2Ogrq",
    "value" : {
      "type" : 1688,
      "typeName" : "BTFeatureState",
      "message" : {
        "featureStatus" : "OK",
        "inactive" : false
      }
    }
  } ],
  "isComplete" : true,
  "serializationVersion" : "1.2.17",
  "sourceMicroversion" : "0fed15809a25f9d07ef447d8",
  "rejectMicroversionSkew" : false,
  "microversionSkew" : false,
  "libraryVersion" : 0
}
13:13:119 | INFO | parse:fetch_mate_limits:1541 | Fetched limits for 0 mates out of 13 total mates
13:13:120 | INFO | parse:from_assembly:643 | Created CAD(keys=14, instances=14 (parts=14, asm=0), occurrences=14, subassemblies=0, mates=13, patterns=0, parts=14)
13:13:120 | INFO | parse:from_assembly:652 | Estimated API calls for CAD to Robot conversion → Total: 29 (subassemblies: 0, mass_properties: 14, mate_properties: 1, meshes: 14)
13:13:122 | DEBUG | graph:_get_parts_involved_in_mates:549 | Found 14 parts to include in graph
13:13:122 | DEBUG | graph:_add_nodes:94 | Processing 14 involved parts
13:13:122 | DEBUG | graph:_add_nodes:109 | Added 14 nodes to graph
13:13:122 | DEBUG | graph:_add_edges:129 | Added edge: hip_base_link_1 -> base_link_1
13:13:122 | DEBUG | graph:_add_edges:129 | Added edge: hip_base_link_1 -> hip_left_yaw_link_1
13:13:123 | DEBUG | graph:_add_edges:129 | Added edge: hip_base_link_1 -> hip_right_yaw_link_1
13:13:123 | DEBUG | graph:_add_edges:129 | Added edge: hip_right_roll_link_1 -> hip_right_yaw_link_1
13:13:123 | DEBUG | graph:_add_edges:129 | Added edge: hip_left_roll_link_1 -> hip_left_yaw_link_1
13:13:123 | DEBUG | graph:_add_edges:129 | Added edge: hip_left_pitch_link_1 -> hip_left_roll_link_1
13:13:123 | DEBUG | graph:_add_edges:129 | Added edge: hip_right_pitch_link_1 -> hip_right_roll_link_1
13:13:123 | DEBUG | graph:_add_edges:129 | Added edge: knee_left_link_1 -> hip_right_pitch_link_1
13:13:123 | DEBUG | graph:_add_edges:129 | Added edge: knee_right_link_1 -> hip_left_pitch_link_1
13:13:123 | DEBUG | graph:_add_edges:129 | Added edge: ankle_right_pitch_link_1 -> knee_left_link_1
13:13:124 | DEBUG | graph:_add_edges:129 | Added edge: ankle_left_pitch_link_1 -> knee_right_link_1
13:13:124 | DEBUG | graph:_add_edges:129 | Added edge: ankle_right_pitch_link_1 -> ankle_right_roll_link_1
13:13:124 | DEBUG | graph:_add_edges:129 | Added edge: ankle_left_pitch_link_1 -> ankle_left_roll_link_1
13:13:124 | DEBUG | graph:_add_edges:133 | Added 13 edges to graph
13:13:124 | DEBUG | graph:_find_root_node:567 | Found user-defined root: base_link_1
13:13:126 | INFO | graph:_build_graph:302 | KinematicGraph processed: 14 nodes, 13 edges with root node: base_link_1
13:13:126 | DEBUG | parse:_fetch_mass_properties:1326 | Fetching mass properties for part: hip_left_pitch_link_1
13:13:128 | DEBUG | parse:_fetch_mass_properties:1326 | Fetching mass properties for part: knee_left_link_1
13:13:128 | DEBUG | parse:_fetch_mass_properties:1326 | Fetching mass properties for part: knee_right_link_1
13:13:129 | DEBUG | connect:make_nonce:124 | nonce created: zBmbiSoJUrziyhl0M8ppfkGlk
13:13:129 | DEBUG | connect:_make_auth:1151 | query: useMassPropertiesOverrides=True, hmac_str: b'get\nzbmbisojurziyhl0m8ppfkglk\ntue, 17 mar 2026 12:13:56 gmt\napplication/json\n/api/parts/d/4e1da054bd6bab42d7e2992d/m/0fed15809a25f9d07ef447d8/e/12b9353d24153fcb53ebd237/partid/jcd/massproperties\nusemasspropertiesoverrides=true\n', signature: b'nNf7xGjBFpmN33Pn54Xq76ibhTisPHaFJEMqXGSQzF8=', auth: On on_1F30fpU35z7oQLJZHMYSE:HmacSHA256:nNf7xGjBFpmN33Pn54Xq76ibhTisPHaFJEMqXGSQzF8=
13:13:129 | DEBUG | connect:request:1004 | Request body: None
13:13:129 | DEBUG | connect:request:1005 | Request headers: {'Content-Type': 'application/json', 'Date': 'Tue, 17 Mar 2026 12:13:56 GMT', 'On-Nonce': 'zBmbiSoJUrziyhl0M8ppfkGlk', 'Authorization': 'On on_1F30fpU35z7oQLJZHMYSE:HmacSHA256:nNf7xGjBFpmN33Pn54Xq76ibhTisPHaFJEMqXGSQzF8=', 'User-Agent': 'Onshape Python Sample App', 'Accept': 'application/json'}
13:13:129 | DEBUG | connect:request:1006 | Request URL: https://cad.onshape.com/api/parts/d/4e1da054bd6bab42d7e2992d/m/0fed15809a25f9d07ef447d8/e/12b9353d24153fcb53ebd237/partid/JcD/massproperties?useMassPropertiesOverrides=True
13:13:130 | DEBUG | connect:make_nonce:124 | nonce created: nS2QpVTjp4PfO7OmPpYoItDXL
13:13:130 | DEBUG | connect:_make_auth:1151 | query: useMassPropertiesOverrides=True, hmac_str: b'get\nns2qpvtjp4pfo7omppyoitdxl\ntue, 17 mar 2026 12:13:56 gmt\napplication/json\n/api/parts/d/4e1da054bd6bab42d7e2992d/m/0fed15809a25f9d07ef447d8/e/12b9353d24153fcb53ebd237/partid/jyd/massproperties\nusemasspropertiesoverrides=true\n', signature: b'E8RbmrKFsZacIp/jmSFHzsm+qZO9YwaI8YiWrJ74Q0g=', auth: On on_1F30fpU35z7oQLJZHMYSE:HmacSHA256:E8RbmrKFsZacIp/jmSFHzsm+qZO9YwaI8YiWrJ74Q0g=
13:13:131 | DEBUG | connect:request:1004 | Request body: None
13:13:131 | DEBUG | connect:request:1005 | Request headers: {'Content-Type': 'application/json', 'Date': 'Tue, 17 Mar 2026 12:13:56 GMT', 'On-Nonce': 'nS2QpVTjp4PfO7OmPpYoItDXL', 'Authorization': 'On on_1F30fpU35z7oQLJZHMYSE:HmacSHA256:E8RbmrKFsZacIp/jmSFHzsm+qZO9YwaI8YiWrJ74Q0g=', 'User-Agent': 'Onshape Python Sample App', 'Accept': 'application/json'}
13:13:131 | DEBUG | connect:request:1006 | Request URL: https://cad.onshape.com/api/parts/d/4e1da054bd6bab42d7e2992d/m/0fed15809a25f9d07ef447d8/e/12b9353d24153fcb53ebd237/partid/JYD/massproperties?useMassPropertiesOverrides=True
13:13:131 | DEBUG | parse:_fetch_mass_properties:1326 | Fetching mass properties for part: hip_right_pitch_link_1
13:13:132 | DEBUG | connect:make_nonce:124 | nonce created: lnfngVShZ1mrqbHiXjErg96co
13:13:132 | DEBUG | connect:_make_auth:1151 | query: useMassPropertiesOverrides=True, hmac_str: b'get\nlnfngvshz1mrqbhixjerg96co\ntue, 17 mar 2026 12:13:56 gmt\napplication/json\n/api/parts/d/4e1da054bd6bab42d7e2992d/m/0fed15809a25f9d07ef447d8/e/12b9353d24153fcb53ebd237/partid/jdd/massproperties\nusemasspropertiesoverrides=true\n', signature: b'jhe+P8/HIMMMp2XjqUh2270+HN8vJ0fcu/fjHy0ZSK0=', auth: On on_1F30fpU35z7oQLJZHMYSE:HmacSHA256:jhe+P8/HIMMMp2XjqUh2270+HN8vJ0fcu/fjHy0ZSK0=
13:13:133 | DEBUG | connect:request:1004 | Request body: None
13:13:133 | DEBUG | connect:request:1005 | Request headers: {'Content-Type': 'application/json', 'Date': 'Tue, 17 Mar 2026 12:13:56 GMT', 'On-Nonce': 'lnfngVShZ1mrqbHiXjErg96co', 'Authorization': 'On on_1F30fpU35z7oQLJZHMYSE:HmacSHA256:jhe+P8/HIMMMp2XjqUh2270+HN8vJ0fcu/fjHy0ZSK0=', 'User-Agent': 'Onshape Python Sample App', 'Accept': 'application/json'}
13:13:133 | DEBUG | connect:request:1006 | Request URL: https://cad.onshape.com/api/parts/d/4e1da054bd6bab42d7e2992d/m/0fed15809a25f9d07ef447d8/e/12b9353d24153fcb53ebd237/partid/JdD/massproperties?useMassPropertiesOverrides=True
13:13:134 | DEBUG | parse:_fetch_mass_properties:1326 | Fetching mass properties for part: hip_base_link_1
13:13:134 | DEBUG | parse:_fetch_mass_properties:1326 | Fetching mass properties for part: hip_right_yaw_link_1
13:13:135 | DEBUG | connect:make_nonce:124 | nonce created: ZNMkgfvMgkB8ZHP3AAOiqFvWH
13:13:135 | DEBUG | connect:_make_auth:1151 | query: useMassPropertiesOverrides=True, hmac_str: b'get\nznmkgfvmgkb8zhp3aaoiqfvwh\ntue, 17 mar 2026 12:13:56 gmt\napplication/json\n/api/parts/d/4e1da054bd6bab42d7e2992d/m/0fed15809a25f9d07ef447d8/e/12b9353d24153fcb53ebd237/partid/jbd/massproperties\nusemasspropertiesoverrides=true\n', signature: b'AFIXFQGivnBM8NtEksenx7GCR15v9QDKkMPXJ0uakVU=', auth: On on_1F30fpU35z7oQLJZHMYSE:HmacSHA256:AFIXFQGivnBM8NtEksenx7GCR15v9QDKkMPXJ0uakVU=
13:13:135 | DEBUG | connect:request:1004 | Request body: None
13:13:135 | DEBUG | connect:request:1005 | Request headers: {'Content-Type': 'application/json', 'Date': 'Tue, 17 Mar 2026 12:13:56 GMT', 'On-Nonce': 'ZNMkgfvMgkB8ZHP3AAOiqFvWH', 'Authorization': 'On on_1F30fpU35z7oQLJZHMYSE:HmacSHA256:AFIXFQGivnBM8NtEksenx7GCR15v9QDKkMPXJ0uakVU=', 'User-Agent': 'Onshape Python Sample App', 'Accept': 'application/json'}
13:13:135 | DEBUG | connect:request:1006 | Request URL: https://cad.onshape.com/api/parts/d/4e1da054bd6bab42d7e2992d/m/0fed15809a25f9d07ef447d8/e/12b9353d24153fcb53ebd237/partid/JbD/massproperties?useMassPropertiesOverrides=True
13:13:136 | DEBUG | parse:_fetch_mass_properties:1326 | Fetching mass properties for part: hip_left_yaw_link_1
13:13:136 | DEBUG | connect:make_nonce:124 | nonce created: q7GLvLu9SCTHxEQjrFQhlOyWZ
13:13:136 | DEBUG | connect:_make_auth:1151 | query: useMassPropertiesOverrides=True, hmac_str: b'get\nq7glvlu9scthxeqjrfqhloywz\ntue, 17 mar 2026 12:13:56 gmt\napplication/json\n/api/parts/d/4e1da054bd6bab42d7e2992d/m/0fed15809a25f9d07ef447d8/e/de722aa817de288d8270b51e/partid/jnd/massproperties\nusemasspropertiesoverrides=true\n', signature: b's44zIUp6LJeaskjRdNkR7HcHtAh+gnCLpdFYFvHp180=', auth: On on_1F30fpU35z7oQLJZHMYSE:HmacSHA256:s44zIUp6LJeaskjRdNkR7HcHtAh+gnCLpdFYFvHp180=
13:13:136 | DEBUG | connect:request:1004 | Request body: None
13:13:137 | DEBUG | connect:request:1005 | Request headers: {'Content-Type': 'application/json', 'Date': 'Tue, 17 Mar 2026 12:13:56 GMT', 'On-Nonce': 'q7GLvLu9SCTHxEQjrFQhlOyWZ', 'Authorization': 'On on_1F30fpU35z7oQLJZHMYSE:HmacSHA256:s44zIUp6LJeaskjRdNkR7HcHtAh+gnCLpdFYFvHp180=', 'User-Agent': 'Onshape Python Sample App', 'Accept': 'application/json'}
13:13:137 | DEBUG | connect:request:1006 | Request URL: https://cad.onshape.com/api/parts/d/4e1da054bd6bab42d7e2992d/m/0fed15809a25f9d07ef447d8/e/de722aa817de288d8270b51e/partid/JnD/massproperties?useMassPropertiesOverrides=True
13:13:138 | DEBUG | parse:_fetch_mass_properties:1326 | Fetching mass properties for part: ankle_left_roll_link_1
13:13:139 | DEBUG | parse:_fetch_mass_properties:1326 | Fetching mass properties for part: ankle_right_roll_link_1
13:13:139 | DEBUG | parse:_fetch_mass_properties:1326 | Fetching mass properties for part: hip_right_roll_link_1
13:13:140 | DEBUG | parse:_fetch_mass_properties:1326 | Fetching mass properties for part: hip_left_roll_link_1
13:13:140 | DEBUG | connect:make_nonce:124 | nonce created: klt5UH7ZqCsJFMEubm7X3smCM
13:13:140 | DEBUG | connect:_make_auth:1151 | query: useMassPropertiesOverrides=True, hmac_str: b'get\nklt5uh7zqcsjfmeubm7x3smcm\ntue, 17 mar 2026 12:13:56 gmt\napplication/json\n/api/parts/d/4e1da054bd6bab42d7e2992d/m/0fed15809a25f9d07ef447d8/e/df24b7952572ea653d3ba498/partid/jzd/massproperties\nusemasspropertiesoverrides=true\n', signature: b'YV+E32rfDAbW/4mUVq+dch8ld+xHG5RbznjNW11XgbQ=', auth: On on_1F30fpU35z7oQLJZHMYSE:HmacSHA256:YV+E32rfDAbW/4mUVq+dch8ld+xHG5RbznjNW11XgbQ=
13:13:140 | DEBUG | connect:request:1004 | Request body: None
13:13:140 | DEBUG | connect:request:1005 | Request headers: {'Content-Type': 'application/json', 'Date': 'Tue, 17 Mar 2026 12:13:56 GMT', 'On-Nonce': 'klt5UH7ZqCsJFMEubm7X3smCM', 'Authorization': 'On on_1F30fpU35z7oQLJZHMYSE:HmacSHA256:YV+E32rfDAbW/4mUVq+dch8ld+xHG5RbznjNW11XgbQ=', 'User-Agent': 'Onshape Python Sample App', 'Accept': 'application/json'}
13:13:140 | DEBUG | connect:request:1006 | Request URL: https://cad.onshape.com/api/parts/d/4e1da054bd6bab42d7e2992d/m/0fed15809a25f9d07ef447d8/e/df24b7952572ea653d3ba498/partid/JZD/massproperties?useMassPropertiesOverrides=True
13:13:141 | DEBUG | connect:make_nonce:124 | nonce created: cnoFwXeshkSyJsUCpcwqYANLp
13:13:141 | DEBUG | connect:_make_auth:1151 | query: useMassPropertiesOverrides=True, hmac_str: b'get\ncnofwxeshksyjsucpcwqyanlp\ntue, 17 mar 2026 12:13:56 gmt\napplication/json\n/api/parts/d/4e1da054bd6bab42d7e2992d/m/0fed15809a25f9d07ef447d8/e/df24b7952572ea653d3ba498/partid/jcd/massproperties\nusemasspropertiesoverrides=true\n', signature: b'Dex9S474KCToBWO7wmVBK7mnO+GudzB/Dd6cqKzAtmM=', auth: On on_1F30fpU35z7oQLJZHMYSE:HmacSHA256:Dex9S474KCToBWO7wmVBK7mnO+GudzB/Dd6cqKzAtmM=
13:13:141 | DEBUG | connect:request:1004 | Request body: None
13:13:141 | DEBUG | connect:request:1005 | Request headers: {'Content-Type': 'application/json', 'Date': 'Tue, 17 Mar 2026 12:13:56 GMT', 'On-Nonce': 'cnoFwXeshkSyJsUCpcwqYANLp', 'Authorization': 'On on_1F30fpU35z7oQLJZHMYSE:HmacSHA256:Dex9S474KCToBWO7wmVBK7mnO+GudzB/Dd6cqKzAtmM=', 'User-Agent': 'Onshape Python Sample App', 'Accept': 'application/json'}
13:13:141 | DEBUG | connect:request:1006 | Request URL: https://cad.onshape.com/api/parts/d/4e1da054bd6bab42d7e2992d/m/0fed15809a25f9d07ef447d8/e/df24b7952572ea653d3ba498/partid/JcD/massproperties?useMassPropertiesOverrides=True
13:13:142 | DEBUG | parse:_fetch_mass_properties:1326 | Fetching mass properties for part: ankle_left_pitch_link_1
13:13:142 | DEBUG | connect:make_nonce:124 | nonce created: i9b6ZQc2SKCB8HnvZfdFyOmG8
13:13:143 | DEBUG | connect:_make_auth:1151 | query: useMassPropertiesOverrides=True, hmac_str: b'get\ni9b6zqc2skcb8hnvzfdfyomg8\ntue, 17 mar 2026 12:13:56 gmt\napplication/json\n/api/parts/d/4e1da054bd6bab42d7e2992d/m/0fed15809a25f9d07ef447d8/e/2086b3429ac286be06785912/partid/jyd/massproperties\nusemasspropertiesoverrides=true\n', signature: b'2LH07iXDRvGnXR7NgAB+a19bElf0XmG80XhXht0HPUM=', auth: On on_1F30fpU35z7oQLJZHMYSE:HmacSHA256:2LH07iXDRvGnXR7NgAB+a19bElf0XmG80XhXht0HPUM=
13:13:143 | DEBUG | connect:request:1004 | Request body: None
13:13:143 | DEBUG | connect:request:1005 | Request headers: {'Content-Type': 'application/json', 'Date': 'Tue, 17 Mar 2026 12:13:56 GMT', 'On-Nonce': 'i9b6ZQc2SKCB8HnvZfdFyOmG8', 'Authorization': 'On on_1F30fpU35z7oQLJZHMYSE:HmacSHA256:2LH07iXDRvGnXR7NgAB+a19bElf0XmG80XhXht0HPUM=', 'User-Agent': 'Onshape Python Sample App', 'Accept': 'application/json'}
13:13:143 | DEBUG | connect:request:1006 | Request URL: https://cad.onshape.com/api/parts/d/4e1da054bd6bab42d7e2992d/m/0fed15809a25f9d07ef447d8/e/2086b3429ac286be06785912/partid/JYD/massproperties?useMassPropertiesOverrides=True
13:13:145 | DEBUG | parse:_fetch_mass_properties:1326 | Fetching mass properties for part: ankle_right_pitch_link_1
13:13:145 | DEBUG | parse:_fetch_mass_properties:1326 | Fetching mass properties for part: base_link_1
13:13:146 | DEBUG | connect:make_nonce:124 | nonce created: egN9gtw2oKlWPAHIJJpstzTFL
13:13:146 | DEBUG | connect:_make_auth:1151 | query: useMassPropertiesOverrides=True, hmac_str: b'get\negn9gtw2oklwpahijjpstztfl\ntue, 17 mar 2026 12:13:56 gmt\napplication/json\n/api/parts/d/4e1da054bd6bab42d7e2992d/m/0fed15809a25f9d07ef447d8/e/a03f6f8cd284c025ef2134ef/partid/jzd/massproperties\nusemasspropertiesoverrides=true\n', signature: b'DJdBH/Te+5r9agoJiBFe4WHCPvBoP1bImv4kyssyyZ4=', auth: On on_1F30fpU35z7oQLJZHMYSE:HmacSHA256:DJdBH/Te+5r9agoJiBFe4WHCPvBoP1bImv4kyssyyZ4=
13:13:146 | DEBUG | connect:request:1004 | Request body: None
13:13:146 | DEBUG | connect:request:1005 | Request headers: {'Content-Type': 'application/json', 'Date': 'Tue, 17 Mar 2026 12:13:56 GMT', 'On-Nonce': 'egN9gtw2oKlWPAHIJJpstzTFL', 'Authorization': 'On on_1F30fpU35z7oQLJZHMYSE:HmacSHA256:DJdBH/Te+5r9agoJiBFe4WHCPvBoP1bImv4kyssyyZ4=', 'User-Agent': 'Onshape Python Sample App', 'Accept': 'application/json'}
13:13:146 | DEBUG | connect:request:1006 | Request URL: https://cad.onshape.com/api/parts/d/4e1da054bd6bab42d7e2992d/m/0fed15809a25f9d07ef447d8/e/a03f6f8cd284c025ef2134ef/partid/JZD/massproperties?useMassPropertiesOverrides=True
13:13:147 | DEBUG | connect:make_nonce:124 | nonce created: Oz2uxJhm2pNKzfeQJLbTT96Pk
13:13:147 | DEBUG | connect:_make_auth:1151 | query: useMassPropertiesOverrides=True, hmac_str: b'get\noz2uxjhm2pnkzfeqjlbtt96pk\ntue, 17 mar 2026 12:13:56 gmt\napplication/json\n/api/parts/d/4e1da054bd6bab42d7e2992d/m/0fed15809a25f9d07ef447d8/e/a03f6f8cd284c025ef2134ef/partid/jtd/massproperties\nusemasspropertiesoverrides=true\n', signature: b'K34TqVV1FqRgBCpS27REGTPt6hb30H15SkyLlU+pRyQ=', auth: On on_1F30fpU35z7oQLJZHMYSE:HmacSHA256:K34TqVV1FqRgBCpS27REGTPt6hb30H15SkyLlU+pRyQ=
13:13:147 | DEBUG | connect:request:1004 | Request body: None
13:13:147 | DEBUG | connect:request:1005 | Request headers: {'Content-Type': 'application/json', 'Date': 'Tue, 17 Mar 2026 12:13:56 GMT', 'On-Nonce': 'Oz2uxJhm2pNKzfeQJLbTT96Pk', 'Authorization': 'On on_1F30fpU35z7oQLJZHMYSE:HmacSHA256:K34TqVV1FqRgBCpS27REGTPt6hb30H15SkyLlU+pRyQ=', 'User-Agent': 'Onshape Python Sample App', 'Accept': 'application/json'}
13:13:148 | DEBUG | connect:request:1006 | Request URL: https://cad.onshape.com/api/parts/d/4e1da054bd6bab42d7e2992d/m/0fed15809a25f9d07ef447d8/e/a03f6f8cd284c025ef2134ef/partid/JTD/massproperties?useMassPropertiesOverrides=True
13:13:148 | DEBUG | connect:make_nonce:124 | nonce created: vpHBKHsr07gh4N9aVa1PEaFPq
13:13:149 | DEBUG | connect:_make_auth:1151 | query: useMassPropertiesOverrides=True, hmac_str: b'get\nvphbkhsr07gh4n9ava1peafpq\ntue, 17 mar 2026 12:13:56 gmt\napplication/json\n/api/parts/d/4e1da054bd6bab42d7e2992d/m/0fed15809a25f9d07ef447d8/e/d3d9b060ee7893c074d657bd/partid/jod/massproperties\nusemasspropertiesoverrides=true\n', signature: b'ChucoPeNmu4q7pRyBzAJLCS/bpVZTfZGfv85lYXuOc8=', auth: On on_1F30fpU35z7oQLJZHMYSE:HmacSHA256:ChucoPeNmu4q7pRyBzAJLCS/bpVZTfZGfv85lYXuOc8=
13:13:150 | DEBUG | connect:request:1004 | Request body: None
13:13:150 | DEBUG | connect:request:1005 | Request headers: {'Content-Type': 'application/json', 'Date': 'Tue, 17 Mar 2026 12:13:56 GMT', 'On-Nonce': 'vpHBKHsr07gh4N9aVa1PEaFPq', 'Authorization': 'On on_1F30fpU35z7oQLJZHMYSE:HmacSHA256:ChucoPeNmu4q7pRyBzAJLCS/bpVZTfZGfv85lYXuOc8=', 'User-Agent': 'Onshape Python Sample App', 'Accept': 'application/json'}
13:13:150 | DEBUG | connect:request:1006 | Request URL: https://cad.onshape.com/api/parts/d/4e1da054bd6bab42d7e2992d/m/0fed15809a25f9d07ef447d8/e/d3d9b060ee7893c074d657bd/partid/JOD/massproperties?useMassPropertiesOverrides=True
13:13:149 | DEBUG | connect:make_nonce:124 | nonce created: 9OYp0fvsYs31TTdxNSUJVgASe
13:13:150 | DEBUG | connect:_make_auth:1151 | query: useMassPropertiesOverrides=True, hmac_str: b'get\n9oyp0fvsys31ttdxnsujvgase\ntue, 17 mar 2026 12:13:56 gmt\napplication/json\n/api/parts/d/4e1da054bd6bab42d7e2992d/m/0fed15809a25f9d07ef447d8/e/2086b3429ac286be06785912/partid/jbd/massproperties\nusemasspropertiesoverrides=true\n', signature: b'eNJWrUTxhcti0mfWNkRXmKSnpVLARxJ65/dsIo3LDwg=', auth: On on_1F30fpU35z7oQLJZHMYSE:HmacSHA256:eNJWrUTxhcti0mfWNkRXmKSnpVLARxJ65/dsIo3LDwg=
13:13:151 | DEBUG | connect:request:1004 | Request body: None
13:13:151 | DEBUG | connect:request:1005 | Request headers: {'Content-Type': 'application/json', 'Date': 'Tue, 17 Mar 2026 12:13:56 GMT', 'On-Nonce': '9OYp0fvsYs31TTdxNSUJVgASe', 'Authorization': 'On on_1F30fpU35z7oQLJZHMYSE:HmacSHA256:eNJWrUTxhcti0mfWNkRXmKSnpVLARxJ65/dsIo3LDwg=', 'User-Agent': 'Onshape Python Sample App', 'Accept': 'application/json'}
13:13:151 | DEBUG | connect:request:1006 | Request URL: https://cad.onshape.com/api/parts/d/4e1da054bd6bab42d7e2992d/m/0fed15809a25f9d07ef447d8/e/2086b3429ac286be06785912/partid/JbD/massproperties?useMassPropertiesOverrides=True
13:13:851 | DEBUG | connect:make_nonce:124 | nonce created: PZRXtb498lm41ETBRS4wJ4Ogl
13:13:851 | DEBUG | connect:_make_auth:1151 | query: useMassPropertiesOverrides=True, hmac_str: b'get\npzrxtb498lm41etbrs4wj4ogl\ntue, 17 mar 2026 12:13:56 gmt\napplication/json\n/api/parts/d/4e1da054bd6bab42d7e2992d/m/0fed15809a25f9d07ef447d8/e/d3d9b060ee7893c074d657bd/partid/jpd/massproperties\nusemasspropertiesoverrides=true\n', signature: b'Ei1mjrRyGUNFQU0MsPntusC7iRa2yJMqzCnZtnudQCk=', auth: On on_1F30fpU35z7oQLJZHMYSE:HmacSHA256:Ei1mjrRyGUNFQU0MsPntusC7iRa2yJMqzCnZtnudQCk=
13:13:851 | DEBUG | connect:request:1004 | Request body: None
13:13:851 | DEBUG | connect:request:1005 | Request headers: {'Content-Type': 'application/json', 'Date': 'Tue, 17 Mar 2026 12:13:56 GMT', 'On-Nonce': 'PZRXtb498lm41ETBRS4wJ4Ogl', 'Authorization': 'On on_1F30fpU35z7oQLJZHMYSE:HmacSHA256:Ei1mjrRyGUNFQU0MsPntusC7iRa2yJMqzCnZtnudQCk=', 'User-Agent': 'Onshape Python Sample App', 'Accept': 'application/json'}
13:13:851 | DEBUG | connect:request:1006 | Request URL: https://cad.onshape.com/api/parts/d/4e1da054bd6bab42d7e2992d/m/0fed15809a25f9d07ef447d8/e/d3d9b060ee7893c074d657bd/partid/JPD/massproperties?useMassPropertiesOverrides=True
13:13:856 | DEBUG | connect:make_nonce:124 | nonce created: QuQSpIPEZwNVFtMUlHWxMQiOh
13:13:856 | DEBUG | connect:_make_auth:1151 | query: useMassPropertiesOverrides=True, hmac_str: b'get\nquqspipezwnvftmulhwxmqioh\ntue, 17 mar 2026 12:13:56 gmt\napplication/json\n/api/parts/d/4e1da054bd6bab42d7e2992d/m/0fed15809a25f9d07ef447d8/e/717e5f2a66d8371b16dec5b3/partid/jfd/massproperties\nusemasspropertiesoverrides=true\n', signature: b'0d2c/X5HTOsrTygCJosA1TimXBOQ7qbM7FbmBpZQs/0=', auth: On on_1F30fpU35z7oQLJZHMYSE:HmacSHA256:0d2c/X5HTOsrTygCJosA1TimXBOQ7qbM7FbmBpZQs/0=
13:13:856 | DEBUG | connect:request:1004 | Request body: None
13:13:856 | DEBUG | connect:request:1005 | Request headers: {'Content-Type': 'application/json', 'Date': 'Tue, 17 Mar 2026 12:13:56 GMT', 'On-Nonce': 'QuQSpIPEZwNVFtMUlHWxMQiOh', 'Authorization': 'On on_1F30fpU35z7oQLJZHMYSE:HmacSHA256:0d2c/X5HTOsrTygCJosA1TimXBOQ7qbM7FbmBpZQs/0=', 'User-Agent': 'Onshape Python Sample App', 'Accept': 'application/json'}
13:13:856 | DEBUG | connect:request:1006 | Request URL: https://cad.onshape.com/api/parts/d/4e1da054bd6bab42d7e2992d/m/0fed15809a25f9d07ef447d8/e/717e5f2a66d8371b16dec5b3/partid/JFD/massproperties?useMassPropertiesOverrides=True
13:14:272 | INFO | robot:from_graph:633 | Processing root node: base_link_1
13:14:273 | INFO | robot:get_robot_link:170 | Creating robot link for base_link_1
13:14:273 | INFO | robot:from_graph:648 | Processing 13 edges in the kinematic graph.
13:14:273 | INFO | robot:from_graph:654 | Processing edge: base_link_1 → hip_base_link_1
13:14:274 | INFO | robot:get_robot_joint:297 | Creating robot joint from base_link_1 to hip_base_link_1
13:14:274 | DEBUG | robot:get_robot_joint:338 | Using default limits for mate 'hip_yaw_joint': min=-6.2832, max=6.2832
13:14:275 | INFO | robot:get_robot_link:170 | Creating robot link for hip_base_link_1
13:14:275 | INFO | robot:from_graph:654 | Processing edge: hip_base_link_1 → hip_left_yaw_link_1
13:14:275 | INFO | robot:get_robot_joint:297 | Creating robot joint from hip_base_link_1 to hip_left_yaw_link_1
13:14:276 | DEBUG | robot:get_robot_joint:338 | Using default limits for mate 'hip_left_yaw_joint': min=-6.2832, max=6.2832
13:14:276 | INFO | robot:get_robot_link:170 | Creating robot link for hip_left_yaw_link_1
13:14:276 | INFO | robot:from_graph:654 | Processing edge: hip_base_link_1 → hip_right_yaw_link_1
13:14:276 | INFO | robot:get_robot_joint:297 | Creating robot joint from hip_base_link_1 to hip_right_yaw_link_1
13:14:277 | DEBUG | robot:get_robot_joint:338 | Using default limits for mate 'hip_right_yaw_joint': min=-6.2832, max=6.2832
13:14:277 | INFO | robot:get_robot_link:170 | Creating robot link for hip_right_yaw_link_1
13:14:277 | INFO | robot:from_graph:654 | Processing edge: hip_left_yaw_link_1 → hip_left_roll_link_1
13:14:278 | INFO | robot:get_robot_joint:297 | Creating robot joint from hip_left_yaw_link_1 to hip_left_roll_link_1
13:14:278 | DEBUG | robot:get_robot_joint:338 | Using default limits for mate 'hip_left_roll_joint': min=-6.2832, max=6.2832
13:14:278 | INFO | robot:get_robot_link:170 | Creating robot link for hip_left_roll_link_1
13:14:278 | INFO | robot:from_graph:654 | Processing edge: hip_right_yaw_link_1 → hip_right_roll_link_1
13:14:279 | INFO | robot:get_robot_joint:297 | Creating robot joint from hip_right_yaw_link_1 to hip_right_roll_link_1
13:14:279 | DEBUG | robot:get_robot_joint:338 | Using default limits for mate 'hip_right_roll_joint': min=-6.2832, max=6.2832
13:14:279 | INFO | robot:get_robot_link:170 | Creating robot link for hip_right_roll_link_1
13:14:279 | INFO | robot:from_graph:654 | Processing edge: hip_left_roll_link_1 → hip_left_pitch_link_1
13:14:281 | INFO | robot:get_robot_joint:297 | Creating robot joint from hip_left_roll_link_1 to hip_left_pitch_link_1
13:14:281 | DEBUG | robot:get_robot_joint:338 | Using default limits for mate 'hip_left_pitch_joint': min=-6.2832, max=6.2832
13:14:281 | INFO | robot:get_robot_link:170 | Creating robot link for hip_left_pitch_link_1
13:14:281 | INFO | robot:from_graph:654 | Processing edge: hip_right_roll_link_1 → hip_right_pitch_link_1
13:14:282 | INFO | robot:get_robot_joint:297 | Creating robot joint from hip_right_roll_link_1 to hip_right_pitch_link_1
13:14:282 | DEBUG | robot:get_robot_joint:338 | Using default limits for mate 'hip_right_pitch_joint': min=-6.2832, max=6.2832
13:14:282 | INFO | robot:get_robot_link:170 | Creating robot link for hip_right_pitch_link_1
13:14:282 | INFO | robot:from_graph:654 | Processing edge: hip_left_pitch_link_1 → knee_right_link_1
13:14:283 | INFO | robot:get_robot_joint:297 | Creating robot joint from hip_left_pitch_link_1 to knee_right_link_1
13:14:283 | DEBUG | robot:get_robot_joint:338 | Using default limits for mate 'knee_right_pitch_joint': min=-6.2832, max=6.2832
13:14:283 | INFO | robot:get_robot_link:170 | Creating robot link for knee_right_link_1
13:14:283 | INFO | robot:from_graph:654 | Processing edge: hip_right_pitch_link_1 → knee_left_link_1
13:14:284 | INFO | robot:get_robot_joint:297 | Creating robot joint from hip_right_pitch_link_1 to knee_left_link_1
13:14:284 | DEBUG | robot:get_robot_joint:338 | Using default limits for mate 'knee_left_pitch_join': min=-6.2832, max=6.2832
13:14:284 | INFO | robot:get_robot_link:170 | Creating robot link for knee_left_link_1
13:14:285 | INFO | robot:from_graph:654 | Processing edge: knee_right_link_1 → ankle_left_pitch_link_1
13:14:285 | INFO | robot:get_robot_joint:297 | Creating robot joint from knee_right_link_1 to ankle_left_pitch_link_1
13:14:285 | DEBUG | robot:get_robot_joint:338 | Using default limits for mate 'ankle_left_pitch_joint': min=-6.2832, max=6.2832
13:14:285 | INFO | robot:get_robot_link:170 | Creating robot link for ankle_left_pitch_link_1
13:14:286 | INFO | robot:from_graph:654 | Processing edge: knee_left_link_1 → ankle_right_pitch_link_1
13:14:286 | INFO | robot:get_robot_joint:297 | Creating robot joint from knee_left_link_1 to ankle_right_pitch_link_1
13:14:286 | DEBUG | robot:get_robot_joint:338 | Using default limits for mate 'ankle_right_pitch_joint': min=-6.2832, max=6.2832
13:14:286 | INFO | robot:get_robot_link:170 | Creating robot link for ankle_right_pitch_link_1
13:14:287 | INFO | robot:from_graph:654 | Processing edge: ankle_left_pitch_link_1 → ankle_left_roll_link_1
13:14:287 | INFO | robot:get_robot_joint:297 | Creating robot joint from ankle_left_pitch_link_1 to ankle_left_roll_link_1
13:14:287 | DEBUG | robot:get_robot_joint:338 | Using default limits for mate 'ankle_right_roll_joint': min=-6.2832, max=6.2832
13:14:287 | INFO | robot:get_robot_link:170 | Creating robot link for ankle_left_roll_link_1
13:14:288 | INFO | robot:from_graph:654 | Processing edge: ankle_right_pitch_link_1 → ankle_right_roll_link_1
13:14:288 | INFO | robot:get_robot_joint:297 | Creating robot joint from ankle_right_pitch_link_1 to ankle_right_roll_link_1
13:14:288 | DEBUG | robot:get_robot_joint:338 | Using default limits for mate 'ankle_left_roll_joint': min=-6.2832, max=6.2832
13:14:289 | INFO | robot:get_robot_link:170 | Creating robot link for ankle_right_roll_link_1
13:14:289 | INFO | connect:download:1314 | Downloading base_link_1.stl
13:14:290 | INFO | connect:download:1314 | Downloading hip_base_link_1.stl
13:14:290 | INFO | connect:download:1314 | Downloading hip_left_yaw_link_1.stl
13:14:291 | INFO | connect:download:1314 | Downloading hip_right_yaw_link_1.stl
13:14:291 | INFO | connect:download:1314 | Downloading hip_left_roll_link_1.stl
13:14:291 | DEBUG | connect:make_nonce:124 | nonce created: DEVEZvtVQinSR4GlaGsiyA8Ok
13:14:292 | DEBUG | connect:_make_auth:1151 | query: mode=binary&grouping=True&units=meter, hmac_str: b'get\ndevezvtvqinsr4glagsiya8ok\ntue, 17 mar 2026 12:14:01 gmt\napplication/json\n/api/parts/d/4e1da054bd6bab42d7e2992d/m/0fed15809a25f9d07ef447d8/e/717e5f2a66d8371b16dec5b3/partid/jfd/stl\nmode=binary&grouping=true&units=meter\n', signature: b'JmEVSbEs8Z4vvQgY3h7DR73A8HrzivMKoaOslklwrJM=', auth: On on_1F30fpU35z7oQLJZHMYSE:HmacSHA256:JmEVSbEs8Z4vvQgY3h7DR73A8HrzivMKoaOslklwrJM=
13:14:292 | DEBUG | connect:request:1004 | Request body: None
13:14:292 | DEBUG | connect:request:1005 | Request headers: {'Content-Type': 'application/json', 'Date': 'Tue, 17 Mar 2026 12:14:01 GMT', 'On-Nonce': 'DEVEZvtVQinSR4GlaGsiyA8Ok', 'Authorization': 'On on_1F30fpU35z7oQLJZHMYSE:HmacSHA256:JmEVSbEs8Z4vvQgY3h7DR73A8HrzivMKoaOslklwrJM=', 'User-Agent': 'Onshape Python Sample App', 'Accept': 'application/vnd.onshape.v1+octet-stream'}
13:14:292 | DEBUG | connect:request:1006 | Request URL: https://cad.onshape.com/api/parts/d/4e1da054bd6bab42d7e2992d/m/0fed15809a25f9d07ef447d8/e/717e5f2a66d8371b16dec5b3/partid/JFD/stl?mode=binary&grouping=True&units=meter
13:14:293 | DEBUG | connect:make_nonce:124 | nonce created: KTIzyEWGH3jlHFRaynLkXQZr9
13:14:293 | DEBUG | connect:_make_auth:1151 | query: mode=binary&grouping=True&units=meter, hmac_str: b'get\nktizyewgh3jlhfraynlkxqzr9\ntue, 17 mar 2026 12:14:01 gmt\napplication/json\n/api/parts/d/4e1da054bd6bab42d7e2992d/m/0fed15809a25f9d07ef447d8/e/de722aa817de288d8270b51e/partid/jnd/stl\nmode=binary&grouping=true&units=meter\n', signature: b'FzXQ35u25YWBG6pcZD8I0yv2Ook+5rAoMiJLOfc6U+U=', auth: On on_1F30fpU35z7oQLJZHMYSE:HmacSHA256:FzXQ35u25YWBG6pcZD8I0yv2Ook+5rAoMiJLOfc6U+U=
13:14:293 | DEBUG | connect:request:1004 | Request body: None
13:14:294 | DEBUG | connect:request:1005 | Request headers: {'Content-Type': 'application/json', 'Date': 'Tue, 17 Mar 2026 12:14:01 GMT', 'On-Nonce': 'KTIzyEWGH3jlHFRaynLkXQZr9', 'Authorization': 'On on_1F30fpU35z7oQLJZHMYSE:HmacSHA256:FzXQ35u25YWBG6pcZD8I0yv2Ook+5rAoMiJLOfc6U+U=', 'User-Agent': 'Onshape Python Sample App', 'Accept': 'application/vnd.onshape.v1+octet-stream'}
13:14:294 | DEBUG | connect:request:1006 | Request URL: https://cad.onshape.com/api/parts/d/4e1da054bd6bab42d7e2992d/m/0fed15809a25f9d07ef447d8/e/de722aa817de288d8270b51e/partid/JnD/stl?mode=binary&grouping=True&units=meter
13:14:295 | DEBUG | connect:make_nonce:124 | nonce created: qdZeWdoKbDmvjuUJnuwReFHxX
13:14:295 | DEBUG | connect:_make_auth:1151 | query: mode=binary&grouping=True&units=meter, hmac_str: b'get\nqdzewdokbdmvjuujnuwrefhxx\ntue, 17 mar 2026 12:14:01 gmt\napplication/json\n/api/parts/d/4e1da054bd6bab42d7e2992d/m/0fed15809a25f9d07ef447d8/e/df24b7952572ea653d3ba498/partid/jcd/stl\nmode=binary&grouping=true&units=meter\n', signature: b'Q6PQjxRvpex9vsX6dsUpbblIdk/+L5q5SBfranbKEUI=', auth: On on_1F30fpU35z7oQLJZHMYSE:HmacSHA256:Q6PQjxRvpex9vsX6dsUpbblIdk/+L5q5SBfranbKEUI=
13:14:295 | DEBUG | connect:request:1004 | Request body: None
13:14:295 | DEBUG | connect:request:1005 | Request headers: {'Content-Type': 'application/json', 'Date': 'Tue, 17 Mar 2026 12:14:01 GMT', 'On-Nonce': 'qdZeWdoKbDmvjuUJnuwReFHxX', 'Authorization': 'On on_1F30fpU35z7oQLJZHMYSE:HmacSHA256:Q6PQjxRvpex9vsX6dsUpbblIdk/+L5q5SBfranbKEUI=', 'User-Agent': 'Onshape Python Sample App', 'Accept': 'application/vnd.onshape.v1+octet-stream'}
13:14:296 | DEBUG | connect:request:1006 | Request URL: https://cad.onshape.com/api/parts/d/4e1da054bd6bab42d7e2992d/m/0fed15809a25f9d07ef447d8/e/df24b7952572ea653d3ba498/partid/JcD/stl?mode=binary&grouping=True&units=meter
13:14:296 | DEBUG | connect:make_nonce:124 | nonce created: LlBKDwRsKe8HSVqzU4u5lQpfI
13:14:296 | DEBUG | connect:_make_auth:1151 | query: mode=binary&grouping=True&units=meter, hmac_str: b'get\nllbkdwrske8hsvqzu4u5lqpfi\ntue, 17 mar 2026 12:14:01 gmt\napplication/json\n/api/parts/d/4e1da054bd6bab42d7e2992d/m/0fed15809a25f9d07ef447d8/e/a03f6f8cd284c025ef2134ef/partid/jtd/stl\nmode=binary&grouping=true&units=meter\n', signature: b'LtFe6f6hFqVdqfWBmcNIM+X1MEgbiRH/7wh7IoX8eNU=', auth: On on_1F30fpU35z7oQLJZHMYSE:HmacSHA256:LtFe6f6hFqVdqfWBmcNIM+X1MEgbiRH/7wh7IoX8eNU=
13:14:296 | DEBUG | connect:request:1004 | Request body: None
13:14:296 | DEBUG | connect:request:1005 | Request headers: {'Content-Type': 'application/json', 'Date': 'Tue, 17 Mar 2026 12:14:01 GMT', 'On-Nonce': 'LlBKDwRsKe8HSVqzU4u5lQpfI', 'Authorization': 'On on_1F30fpU35z7oQLJZHMYSE:HmacSHA256:LtFe6f6hFqVdqfWBmcNIM+X1MEgbiRH/7wh7IoX8eNU=', 'User-Agent': 'Onshape Python Sample App', 'Accept': 'application/vnd.onshape.v1+octet-stream'}
13:14:296 | DEBUG | connect:request:1006 | Request URL: https://cad.onshape.com/api/parts/d/4e1da054bd6bab42d7e2992d/m/0fed15809a25f9d07ef447d8/e/a03f6f8cd284c025ef2134ef/partid/JTD/stl?mode=binary&grouping=True&units=meter
13:14:293 | INFO | connect:download:1314 | Downloading hip_right_roll_link_1.stl
13:14:298 | DEBUG | connect:make_nonce:124 | nonce created: 0Soergg3gEavWUme14W7zULTJ
13:14:298 | DEBUG | connect:_make_auth:1151 | query: mode=binary&grouping=True&units=meter, hmac_str: b'get\n0soergg3geavwume14w7zultj\ntue, 17 mar 2026 12:14:01 gmt\napplication/json\n/api/parts/d/4e1da054bd6bab42d7e2992d/m/0fed15809a25f9d07ef447d8/e/df24b7952572ea653d3ba498/partid/jzd/stl\nmode=binary&grouping=true&units=meter\n', signature: b'AqhaobRowVCnkqdXUjVF3GhLv/4LSVnw16OG8teXh4M=', auth: On on_1F30fpU35z7oQLJZHMYSE:HmacSHA256:AqhaobRowVCnkqdXUjVF3GhLv/4LSVnw16OG8teXh4M=
13:14:299 | DEBUG | connect:request:1004 | Request body: None
13:14:299 | DEBUG | connect:request:1005 | Request headers: {'Content-Type': 'application/json', 'Date': 'Tue, 17 Mar 2026 12:14:01 GMT', 'On-Nonce': '0Soergg3gEavWUme14W7zULTJ', 'Authorization': 'On on_1F30fpU35z7oQLJZHMYSE:HmacSHA256:AqhaobRowVCnkqdXUjVF3GhLv/4LSVnw16OG8teXh4M=', 'User-Agent': 'Onshape Python Sample App', 'Accept': 'application/vnd.onshape.v1+octet-stream'}
13:14:299 | DEBUG | connect:request:1006 | Request URL: https://cad.onshape.com/api/parts/d/4e1da054bd6bab42d7e2992d/m/0fed15809a25f9d07ef447d8/e/df24b7952572ea653d3ba498/partid/JZD/stl?mode=binary&grouping=True&units=meter
13:14:298 | INFO | connect:download:1314 | Downloading hip_left_pitch_link_1.stl
13:14:299 | DEBUG | connect:make_nonce:124 | nonce created: yyPHB5geNLgGBo2JoDNSskWjG
13:14:300 | DEBUG | connect:_make_auth:1151 | query: mode=binary&grouping=True&units=meter, hmac_str: b'get\nyyphb5genlggbo2jodnsskwjg\ntue, 17 mar 2026 12:14:01 gmt\napplication/json\n/api/parts/d/4e1da054bd6bab42d7e2992d/m/0fed15809a25f9d07ef447d8/e/a03f6f8cd284c025ef2134ef/partid/jzd/stl\nmode=binary&grouping=true&units=meter\n', signature: b'Q9V40NdMe3mGz4cb18Lc5jRF2IP1We0aZOvPCKNPeuI=', auth: On on_1F30fpU35z7oQLJZHMYSE:HmacSHA256:Q9V40NdMe3mGz4cb18Lc5jRF2IP1We0aZOvPCKNPeuI=
13:14:302 | DEBUG | connect:request:1004 | Request body: None
13:14:302 | DEBUG | connect:request:1005 | Request headers: {'Content-Type': 'application/json', 'Date': 'Tue, 17 Mar 2026 12:14:01 GMT', 'On-Nonce': 'yyPHB5geNLgGBo2JoDNSskWjG', 'Authorization': 'On on_1F30fpU35z7oQLJZHMYSE:HmacSHA256:Q9V40NdMe3mGz4cb18Lc5jRF2IP1We0aZOvPCKNPeuI=', 'User-Agent': 'Onshape Python Sample App', 'Accept': 'application/vnd.onshape.v1+octet-stream'}
13:14:302 | DEBUG | connect:request:1006 | Request URL: https://cad.onshape.com/api/parts/d/4e1da054bd6bab42d7e2992d/m/0fed15809a25f9d07ef447d8/e/a03f6f8cd284c025ef2134ef/partid/JZD/stl?mode=binary&grouping=True&units=meter
13:14:301 | INFO | connect:download:1314 | Downloading hip_right_pitch_link_1.stl
13:14:304 | INFO | connect:download:1314 | Downloading knee_right_link_1.stl
13:14:302 | DEBUG | connect:make_nonce:124 | nonce created: Fkf6LXTYpAIaFckGmNltG2PNJ
13:14:304 | DEBUG | connect:_make_auth:1151 | query: mode=binary&grouping=True&units=meter, hmac_str: b'get\nfkf6lxtypaiafckgmnltg2pnj\ntue, 17 mar 2026 12:14:01 gmt\napplication/json\n/api/parts/d/4e1da054bd6bab42d7e2992d/m/0fed15809a25f9d07ef447d8/e/12b9353d24153fcb53ebd237/partid/jyd/stl\nmode=binary&grouping=true&units=meter\n', signature: b'A3caa7q/z52x/XqiUbMrW1H6S0PSzugcMZAt9wp9JFE=', auth: On on_1F30fpU35z7oQLJZHMYSE:HmacSHA256:A3caa7q/z52x/XqiUbMrW1H6S0PSzugcMZAt9wp9JFE=
13:14:305 | DEBUG | connect:request:1004 | Request body: None
13:14:305 | DEBUG | connect:request:1005 | Request headers: {'Content-Type': 'application/json', 'Date': 'Tue, 17 Mar 2026 12:14:01 GMT', 'On-Nonce': 'Fkf6LXTYpAIaFckGmNltG2PNJ', 'Authorization': 'On on_1F30fpU35z7oQLJZHMYSE:HmacSHA256:A3caa7q/z52x/XqiUbMrW1H6S0PSzugcMZAt9wp9JFE=', 'User-Agent': 'Onshape Python Sample App', 'Accept': 'application/vnd.onshape.v1+octet-stream'}
13:14:305 | DEBUG | connect:request:1006 | Request URL: https://cad.onshape.com/api/parts/d/4e1da054bd6bab42d7e2992d/m/0fed15809a25f9d07ef447d8/e/12b9353d24153fcb53ebd237/partid/JYD/stl?mode=binary&grouping=True&units=meter
13:14:305 | DEBUG | connect:make_nonce:124 | nonce created: ynomPwIHwoRfiL4zvUwqc8xAz
13:14:304 | INFO | connect:download:1314 | Downloading knee_left_link_1.stl
13:14:307 | DEBUG | connect:_make_auth:1151 | query: mode=binary&grouping=True&units=meter, hmac_str: b'get\nynompwihworfil4zvuwqc8xaz\ntue, 17 mar 2026 12:14:01 gmt\napplication/json\n/api/parts/d/4e1da054bd6bab42d7e2992d/m/0fed15809a25f9d07ef447d8/e/12b9353d24153fcb53ebd237/partid/jdd/stl\nmode=binary&grouping=true&units=meter\n', signature: b'YkYVRdaphkxtBZ0V4T95EawbYK/YECOQRo1Pc25GKe8=', auth: On on_1F30fpU35z7oQLJZHMYSE:HmacSHA256:YkYVRdaphkxtBZ0V4T95EawbYK/YECOQRo1Pc25GKe8=
13:14:308 | DEBUG | connect:request:1004 | Request body: None
13:14:308 | DEBUG | connect:request:1005 | Request headers: {'Content-Type': 'application/json', 'Date': 'Tue, 17 Mar 2026 12:14:01 GMT', 'On-Nonce': 'ynomPwIHwoRfiL4zvUwqc8xAz', 'Authorization': 'On on_1F30fpU35z7oQLJZHMYSE:HmacSHA256:YkYVRdaphkxtBZ0V4T95EawbYK/YECOQRo1Pc25GKe8=', 'User-Agent': 'Onshape Python Sample App', 'Accept': 'application/vnd.onshape.v1+octet-stream'}
13:14:309 | DEBUG | connect:request:1006 | Request URL: https://cad.onshape.com/api/parts/d/4e1da054bd6bab42d7e2992d/m/0fed15809a25f9d07ef447d8/e/12b9353d24153fcb53ebd237/partid/JdD/stl?mode=binary&grouping=True&units=meter
13:14:308 | DEBUG | connect:make_nonce:124 | nonce created: V54lzzZoj5qtBwv2N376aovyG
13:14:310 | DEBUG | connect:_make_auth:1151 | query: mode=binary&grouping=True&units=meter, hmac_str: b'get\nv54lzzzoj5qtbwv2n376aovyg\ntue, 17 mar 2026 12:14:01 gmt\napplication/json\n/api/parts/d/4e1da054bd6bab42d7e2992d/m/0fed15809a25f9d07ef447d8/e/12b9353d24153fcb53ebd237/partid/jbd/stl\nmode=binary&grouping=true&units=meter\n', signature: b'auA0X6xrSbTj/G1G6qLvaUZMcYTVGEcTexxLDmZquUI=', auth: On on_1F30fpU35z7oQLJZHMYSE:HmacSHA256:auA0X6xrSbTj/G1G6qLvaUZMcYTVGEcTexxLDmZquUI=
13:14:310 | DEBUG | connect:request:1004 | Request body: None
13:14:310 | DEBUG | connect:request:1005 | Request headers: {'Content-Type': 'application/json', 'Date': 'Tue, 17 Mar 2026 12:14:01 GMT', 'On-Nonce': 'V54lzzZoj5qtBwv2N376aovyG', 'Authorization': 'On on_1F30fpU35z7oQLJZHMYSE:HmacSHA256:auA0X6xrSbTj/G1G6qLvaUZMcYTVGEcTexxLDmZquUI=', 'User-Agent': 'Onshape Python Sample App', 'Accept': 'application/vnd.onshape.v1+octet-stream'}
13:14:310 | DEBUG | connect:request:1006 | Request URL: https://cad.onshape.com/api/parts/d/4e1da054bd6bab42d7e2992d/m/0fed15809a25f9d07ef447d8/e/12b9353d24153fcb53ebd237/partid/JbD/stl?mode=binary&grouping=True&units=meter
13:14:310 | DEBUG | connect:make_nonce:124 | nonce created: 0tmanG4MSRUdgVPKMpaXXPqYS
13:14:311 | DEBUG | connect:_make_auth:1151 | query: mode=binary&grouping=True&units=meter, hmac_str: b'get\n0tmang4msrudgvpkmpaxxpqys\ntue, 17 mar 2026 12:14:01 gmt\napplication/json\n/api/parts/d/4e1da054bd6bab42d7e2992d/m/0fed15809a25f9d07ef447d8/e/12b9353d24153fcb53ebd237/partid/jcd/stl\nmode=binary&grouping=true&units=meter\n', signature: b'1jiQWUaVtdz+K4WDbXXw9AzOkPpa58oX0KGeOXXgx24=', auth: On on_1F30fpU35z7oQLJZHMYSE:HmacSHA256:1jiQWUaVtdz+K4WDbXXw9AzOkPpa58oX0KGeOXXgx24=
13:14:311 | DEBUG | connect:request:1004 | Request body: None
13:14:311 | DEBUG | connect:request:1005 | Request headers: {'Content-Type': 'application/json', 'Date': 'Tue, 17 Mar 2026 12:14:01 GMT', 'On-Nonce': '0tmanG4MSRUdgVPKMpaXXPqYS', 'Authorization': 'On on_1F30fpU35z7oQLJZHMYSE:HmacSHA256:1jiQWUaVtdz+K4WDbXXw9AzOkPpa58oX0KGeOXXgx24=', 'User-Agent': 'Onshape Python Sample App', 'Accept': 'application/vnd.onshape.v1+octet-stream'}
13:14:309 | INFO | connect:download:1314 | Downloading ankle_left_pitch_link_1.stl
13:14:314 | INFO | connect:download:1314 | Downloading ankle_right_pitch_link_1.stl
13:14:314 | INFO | connect:download:1314 | Downloading ankle_left_roll_link_1.stl
13:14:314 | INFO | connect:download:1314 | Downloading ankle_right_roll_link_1.stl
13:14:313 | DEBUG | connect:request:1006 | Request URL: https://cad.onshape.com/api/parts/d/4e1da054bd6bab42d7e2992d/m/0fed15809a25f9d07ef447d8/e/12b9353d24153fcb53ebd237/partid/JcD/stl?mode=binary&grouping=True&units=meter
13:14:315 | DEBUG | connect:make_nonce:124 | nonce created: 4g8hV5tKNayEndBnHnhemqIHr
13:14:315 | DEBUG | connect:_make_auth:1151 | query: mode=binary&grouping=True&units=meter, hmac_str: b'get\n4g8hv5tknayendbnhnhemqihr\ntue, 17 mar 2026 12:14:01 gmt\napplication/json\n/api/parts/d/4e1da054bd6bab42d7e2992d/m/0fed15809a25f9d07ef447d8/e/d3d9b060ee7893c074d657bd/partid/jod/stl\nmode=binary&grouping=true&units=meter\n', signature: b'E/s3Y4q2xIEOFDjdSBFJ1uJsGWieZnnx5Svah1aCBDk=', auth: On on_1F30fpU35z7oQLJZHMYSE:HmacSHA256:E/s3Y4q2xIEOFDjdSBFJ1uJsGWieZnnx5Svah1aCBDk=
13:14:315 | DEBUG | connect:request:1004 | Request body: None
13:14:316 | DEBUG | connect:request:1005 | Request headers: {'Content-Type': 'application/json', 'Date': 'Tue, 17 Mar 2026 12:14:01 GMT', 'On-Nonce': '4g8hV5tKNayEndBnHnhemqIHr', 'Authorization': 'On on_1F30fpU35z7oQLJZHMYSE:HmacSHA256:E/s3Y4q2xIEOFDjdSBFJ1uJsGWieZnnx5Svah1aCBDk=', 'User-Agent': 'Onshape Python Sample App', 'Accept': 'application/vnd.onshape.v1+octet-stream'}
13:14:316 | DEBUG | connect:request:1006 | Request URL: https://cad.onshape.com/api/parts/d/4e1da054bd6bab42d7e2992d/m/0fed15809a25f9d07ef447d8/e/d3d9b060ee7893c074d657bd/partid/JOD/stl?mode=binary&grouping=True&units=meter
13:14:315 | DEBUG | connect:make_nonce:124 | nonce created: ZVDUX2SnMFnxmCitO0kdRz8Qs
13:14:317 | DEBUG | connect:_make_auth:1151 | query: mode=binary&grouping=True&units=meter, hmac_str: b'get\nzvdux2snmfnxmcito0kdrz8qs\ntue, 17 mar 2026 12:14:01 gmt\napplication/json\n/api/parts/d/4e1da054bd6bab42d7e2992d/m/0fed15809a25f9d07ef447d8/e/d3d9b060ee7893c074d657bd/partid/jpd/stl\nmode=binary&grouping=true&units=meter\n', signature: b'eZV3JA4mShnCystQWAfbIhQXlrh/Umj4pShZFq00T+8=', auth: On on_1F30fpU35z7oQLJZHMYSE:HmacSHA256:eZV3JA4mShnCystQWAfbIhQXlrh/Umj4pShZFq00T+8=
13:14:317 | DEBUG | connect:request:1004 | Request body: None
13:14:318 | DEBUG | connect:request:1005 | Request headers: {'Content-Type': 'application/json', 'Date': 'Tue, 17 Mar 2026 12:14:01 GMT', 'On-Nonce': 'ZVDUX2SnMFnxmCitO0kdRz8Qs', 'Authorization': 'On on_1F30fpU35z7oQLJZHMYSE:HmacSHA256:eZV3JA4mShnCystQWAfbIhQXlrh/Umj4pShZFq00T+8=', 'User-Agent': 'Onshape Python Sample App', 'Accept': 'application/vnd.onshape.v1+octet-stream'}
13:14:318 | DEBUG | connect:request:1006 | Request URL: https://cad.onshape.com/api/parts/d/4e1da054bd6bab42d7e2992d/m/0fed15809a25f9d07ef447d8/e/d3d9b060ee7893c074d657bd/partid/JPD/stl?mode=binary&grouping=True&units=meter
13:14:766 | DEBUG | connect:_handle_redirect:1089 | Request redirected to: https://cad-euw1.onshape.com/modelexport?workspaceId=8d22cbc1fd08160802a236e9&microversion=0fed15809a25f9d07ef447d8&format=STL&mode=binary&grouping=true&scale=1.0&units=meter&partIds=JZD&_m=31802ad7&documentId=4e1da054bd6bab42d7e2992d&elementId=a03f6f8cd284c025ef2134ef
13:14:769 | DEBUG | connect:_handle_redirect:1089 | Request redirected to: https://cad-euw1.onshape.com/modelexport?workspaceId=8d22cbc1fd08160802a236e9&microversion=0fed15809a25f9d07ef447d8&format=STL&mode=binary&grouping=true&scale=1.0&units=meter&partIds=JZD&_m=31802ad7&documentId=4e1da054bd6bab42d7e2992d&elementId=df24b7952572ea653d3ba498
13:14:774 | DEBUG | connect:_handle_redirect:1089 | Request redirected to: https://cad-euw1.onshape.com/modelexport?workspaceId=8d22cbc1fd08160802a236e9&microversion=0fed15809a25f9d07ef447d8&format=STL&mode=binary&grouping=true&scale=1.0&units=meter&partIds=JbD&_m=31802ad7&documentId=4e1da054bd6bab42d7e2992d&elementId=12b9353d24153fcb53ebd237
13:14:775 | DEBUG | connect:make_nonce:124 | nonce created: ZpIf1tPfALqx4LAhfTRg3CUFa
13:14:776 | DEBUG | connect:_make_auth:1151 | query: workspaceId=8d22cbc1fd08160802a236e9&microversion=0fed15809a25f9d07ef447d8&format=STL&mode=binary&grouping=true&scale=1.0&units=meter&partIds=JZD&_m=31802ad7&documentId=4e1da054bd6bab42d7e2992d&elementId=df24b7952572ea653d3ba498, hmac_str: b'get\nzpif1tpfalqx4lahftrg3cufa\ntue, 17 mar 2026 12:14:01 gmt\napplication/json\n/modelexport\nworkspaceid=8d22cbc1fd08160802a236e9&microversion=0fed15809a25f9d07ef447d8&format=stl&mode=binary&grouping=true&scale=1.0&units=meter&partids=jzd&_m=31802ad7&documentid=4e1da054bd6bab42d7e2992d&elementid=df24b7952572ea653d3ba498\n', signature: b'XuZEZ8/FVc+d4RJ6S8twl81KCldGLan7OGhgJonR/N4=', auth: On on_1F30fpU35z7oQLJZHMYSE:HmacSHA256:XuZEZ8/FVc+d4RJ6S8twl81KCldGLan7OGhgJonR/N4=
13:14:776 | DEBUG | connect:request:1004 | Request body: None
13:14:777 | DEBUG | connect:request:1005 | Request headers: {'Content-Type': 'application/json', 'Date': 'Tue, 17 Mar 2026 12:14:01 GMT', 'On-Nonce': 'ZpIf1tPfALqx4LAhfTRg3CUFa', 'Authorization': 'On on_1F30fpU35z7oQLJZHMYSE:HmacSHA256:XuZEZ8/FVc+d4RJ6S8twl81KCldGLan7OGhgJonR/N4=', 'User-Agent': 'Onshape Python Sample App', 'Accept': 'application/vnd.onshape.v1+octet-stream'}
13:14:777 | DEBUG | connect:request:1006 | Request URL: https://cad-euw1.onshape.com/modelexport?workspaceId=8d22cbc1fd08160802a236e9&microversion=0fed15809a25f9d07ef447d8&format=STL&mode=binary&grouping=true&scale=1.0&units=meter&partIds=JZD&_m=31802ad7&documentId=4e1da054bd6bab42d7e2992d&elementId=df24b7952572ea653d3ba498
13:14:780 | DEBUG | connect:make_nonce:124 | nonce created: TMh2OVw2K938MJY213lwyCYLH
13:14:781 | DEBUG | connect:_make_auth:1151 | query: workspaceId=8d22cbc1fd08160802a236e9&microversion=0fed15809a25f9d07ef447d8&format=STL&mode=binary&grouping=true&scale=1.0&units=meter&partIds=JZD&_m=31802ad7&documentId=4e1da054bd6bab42d7e2992d&elementId=a03f6f8cd284c025ef2134ef, hmac_str: b'get\ntmh2ovw2k938mjy213lwycylh\ntue, 17 mar 2026 12:14:01 gmt\napplication/json\n/modelexport\nworkspaceid=8d22cbc1fd08160802a236e9&microversion=0fed15809a25f9d07ef447d8&format=stl&mode=binary&grouping=true&scale=1.0&units=meter&partids=jzd&_m=31802ad7&documentid=4e1da054bd6bab42d7e2992d&elementid=a03f6f8cd284c025ef2134ef\n', signature: b'e4R8WzXZPCmZf7cR2UR0EUiIBFoh3pGPYD3FNpSFoiw=', auth: On on_1F30fpU35z7oQLJZHMYSE:HmacSHA256:e4R8WzXZPCmZf7cR2UR0EUiIBFoh3pGPYD3FNpSFoiw=
13:14:781 | DEBUG | connect:request:1004 | Request body: None
13:14:781 | DEBUG | connect:request:1005 | Request headers: {'Content-Type': 'application/json', 'Date': 'Tue, 17 Mar 2026 12:14:01 GMT', 'On-Nonce': 'TMh2OVw2K938MJY213lwyCYLH', 'Authorization': 'On on_1F30fpU35z7oQLJZHMYSE:HmacSHA256:e4R8WzXZPCmZf7cR2UR0EUiIBFoh3pGPYD3FNpSFoiw=', 'User-Agent': 'Onshape Python Sample App', 'Accept': 'application/vnd.onshape.v1+octet-stream'}
13:14:781 | DEBUG | connect:request:1006 | Request URL: https://cad-euw1.onshape.com/modelexport?workspaceId=8d22cbc1fd08160802a236e9&microversion=0fed15809a25f9d07ef447d8&format=STL&mode=binary&grouping=true&scale=1.0&units=meter&partIds=JZD&_m=31802ad7&documentId=4e1da054bd6bab42d7e2992d&elementId=a03f6f8cd284c025ef2134ef
13:14:786 | DEBUG | connect:_handle_redirect:1089 | Request redirected to: https://cad-euw1.onshape.com/modelexport?workspaceId=8d22cbc1fd08160802a236e9&microversion=0fed15809a25f9d07ef447d8&format=STL&mode=binary&grouping=true&scale=1.0&units=meter&partIds=JcD&_m=31802ad7&documentId=4e1da054bd6bab42d7e2992d&elementId=df24b7952572ea653d3ba498
13:14:786 | DEBUG | connect:make_nonce:124 | nonce created: KRyUBm3Z6n1yXo0eqgLVGwu03
13:14:787 | DEBUG | connect:_make_auth:1151 | query: workspaceId=8d22cbc1fd08160802a236e9&microversion=0fed15809a25f9d07ef447d8&format=STL&mode=binary&grouping=true&scale=1.0&units=meter&partIds=JbD&_m=31802ad7&documentId=4e1da054bd6bab42d7e2992d&elementId=12b9353d24153fcb53ebd237, hmac_str: b'get\nkryubm3z6n1yxo0eqglvgwu03\ntue, 17 mar 2026 12:14:01 gmt\napplication/json\n/modelexport\nworkspaceid=8d22cbc1fd08160802a236e9&microversion=0fed15809a25f9d07ef447d8&format=stl&mode=binary&grouping=true&scale=1.0&units=meter&partids=jbd&_m=31802ad7&documentid=4e1da054bd6bab42d7e2992d&elementid=12b9353d24153fcb53ebd237\n', signature: b'0lXddNGoxKBTb/erb+NHlKvmDbfCN1ad0iJOOtg6dCo=', auth: On on_1F30fpU35z7oQLJZHMYSE:HmacSHA256:0lXddNGoxKBTb/erb+NHlKvmDbfCN1ad0iJOOtg6dCo=
13:14:787 | DEBUG | connect:request:1004 | Request body: None
13:14:787 | DEBUG | connect:request:1005 | Request headers: {'Content-Type': 'application/json', 'Date': 'Tue, 17 Mar 2026 12:14:01 GMT', 'On-Nonce': 'KRyUBm3Z6n1yXo0eqgLVGwu03', 'Authorization': 'On on_1F30fpU35z7oQLJZHMYSE:HmacSHA256:0lXddNGoxKBTb/erb+NHlKvmDbfCN1ad0iJOOtg6dCo=', 'User-Agent': 'Onshape Python Sample App', 'Accept': 'application/vnd.onshape.v1+octet-stream'}
13:14:787 | DEBUG | connect:request:1006 | Request URL: https://cad-euw1.onshape.com/modelexport?workspaceId=8d22cbc1fd08160802a236e9&microversion=0fed15809a25f9d07ef447d8&format=STL&mode=binary&grouping=true&scale=1.0&units=meter&partIds=JbD&_m=31802ad7&documentId=4e1da054bd6bab42d7e2992d&elementId=12b9353d24153fcb53ebd237
13:14:788 | DEBUG | connect:_handle_redirect:1089 | Request redirected to: https://cad-euw1.onshape.com/modelexport?workspaceId=8d22cbc1fd08160802a236e9&microversion=0fed15809a25f9d07ef447d8&format=STL&mode=binary&grouping=true&scale=1.0&units=meter&partIds=JdD&_m=31802ad7&documentId=4e1da054bd6bab42d7e2992d&elementId=12b9353d24153fcb53ebd237
13:14:790 | DEBUG | connect:_handle_redirect:1089 | Request redirected to: https://cad-euw1.onshape.com/modelexport?workspaceId=8d22cbc1fd08160802a236e9&microversion=0fed15809a25f9d07ef447d8&format=STL&mode=binary&grouping=true&scale=1.0&units=meter&partIds=JOD&_m=31802ad7&documentId=4e1da054bd6bab42d7e2992d&elementId=d3d9b060ee7893c074d657bd
13:14:791 | DEBUG | connect:_handle_redirect:1089 | Request redirected to: https://cad-euw1.onshape.com/modelexport?workspaceId=8d22cbc1fd08160802a236e9&microversion=0fed15809a25f9d07ef447d8&format=STL&mode=binary&grouping=true&scale=1.0&units=meter&partIds=JFD&_m=31802ad7&documentId=4e1da054bd6bab42d7e2992d&elementId=717e5f2a66d8371b16dec5b3
13:14:791 | DEBUG | connect:make_nonce:124 | nonce created: Lh53eVwcstKbTCXQppsG91yjl
13:14:791 | DEBUG | connect:_make_auth:1151 | query: workspaceId=8d22cbc1fd08160802a236e9&microversion=0fed15809a25f9d07ef447d8&format=STL&mode=binary&grouping=true&scale=1.0&units=meter&partIds=JcD&_m=31802ad7&documentId=4e1da054bd6bab42d7e2992d&elementId=df24b7952572ea653d3ba498, hmac_str: b'get\nlh53evwcstkbtcxqppsg91yjl\ntue, 17 mar 2026 12:14:01 gmt\napplication/json\n/modelexport\nworkspaceid=8d22cbc1fd08160802a236e9&microversion=0fed15809a25f9d07ef447d8&format=stl&mode=binary&grouping=true&scale=1.0&units=meter&partids=jcd&_m=31802ad7&documentid=4e1da054bd6bab42d7e2992d&elementid=df24b7952572ea653d3ba498\n', signature: b'XjbxybsmM5Iy9nET1wGm4ZD5l7xq/nJhelwmBKxCk14=', auth: On on_1F30fpU35z7oQLJZHMYSE:HmacSHA256:XjbxybsmM5Iy9nET1wGm4ZD5l7xq/nJhelwmBKxCk14=
13:14:792 | DEBUG | connect:request:1004 | Request body: None
13:14:792 | DEBUG | connect:request:1005 | Request headers: {'Content-Type': 'application/json', 'Date': 'Tue, 17 Mar 2026 12:14:01 GMT', 'On-Nonce': 'Lh53eVwcstKbTCXQppsG91yjl', 'Authorization': 'On on_1F30fpU35z7oQLJZHMYSE:HmacSHA256:XjbxybsmM5Iy9nET1wGm4ZD5l7xq/nJhelwmBKxCk14=', 'User-Agent': 'Onshape Python Sample App', 'Accept': 'application/vnd.onshape.v1+octet-stream'}
13:14:792 | DEBUG | connect:request:1006 | Request URL: https://cad-euw1.onshape.com/modelexport?workspaceId=8d22cbc1fd08160802a236e9&microversion=0fed15809a25f9d07ef447d8&format=STL&mode=binary&grouping=true&scale=1.0&units=meter&partIds=JcD&_m=31802ad7&documentId=4e1da054bd6bab42d7e2992d&elementId=df24b7952572ea653d3ba498
13:14:793 | DEBUG | connect:make_nonce:124 | nonce created: SQtOoWHJCqYtbarwOedTY17ry
13:14:793 | DEBUG | connect:_make_auth:1151 | query: workspaceId=8d22cbc1fd08160802a236e9&microversion=0fed15809a25f9d07ef447d8&format=STL&mode=binary&grouping=true&scale=1.0&units=meter&partIds=JOD&_m=31802ad7&documentId=4e1da054bd6bab42d7e2992d&elementId=d3d9b060ee7893c074d657bd, hmac_str: b'get\nsqtoowhjcqytbarwoedty17ry\ntue, 17 mar 2026 12:14:01 gmt\napplication/json\n/modelexport\nworkspaceid=8d22cbc1fd08160802a236e9&microversion=0fed15809a25f9d07ef447d8&format=stl&mode=binary&grouping=true&scale=1.0&units=meter&partids=jod&_m=31802ad7&documentid=4e1da054bd6bab42d7e2992d&elementid=d3d9b060ee7893c074d657bd\n', signature: b'01gcmgeFKS9VnuzQhHWzblKbuXwcfQ4hbdemBifRg5I=', auth: On on_1F30fpU35z7oQLJZHMYSE:HmacSHA256:01gcmgeFKS9VnuzQhHWzblKbuXwcfQ4hbdemBifRg5I=
13:14:794 | DEBUG | connect:request:1004 | Request body: None
13:14:794 | DEBUG | connect:request:1005 | Request headers: {'Content-Type': 'application/json', 'Date': 'Tue, 17 Mar 2026 12:14:01 GMT', 'On-Nonce': 'SQtOoWHJCqYtbarwOedTY17ry', 'Authorization': 'On on_1F30fpU35z7oQLJZHMYSE:HmacSHA256:01gcmgeFKS9VnuzQhHWzblKbuXwcfQ4hbdemBifRg5I=', 'User-Agent': 'Onshape Python Sample App', 'Accept': 'application/vnd.onshape.v1+octet-stream'}
13:14:794 | DEBUG | connect:request:1006 | Request URL: https://cad-euw1.onshape.com/modelexport?workspaceId=8d22cbc1fd08160802a236e9&microversion=0fed15809a25f9d07ef447d8&format=STL&mode=binary&grouping=true&scale=1.0&units=meter&partIds=JOD&_m=31802ad7&documentId=4e1da054bd6bab42d7e2992d&elementId=d3d9b060ee7893c074d657bd
13:14:794 | DEBUG | connect:make_nonce:124 | nonce created: CJ00HNesvI4cAOzhqKiOJKP5F
13:14:795 | DEBUG | connect:_make_auth:1151 | query: workspaceId=8d22cbc1fd08160802a236e9&microversion=0fed15809a25f9d07ef447d8&format=STL&mode=binary&grouping=true&scale=1.0&units=meter&partIds=JdD&_m=31802ad7&documentId=4e1da054bd6bab42d7e2992d&elementId=12b9353d24153fcb53ebd237, hmac_str: b'get\ncj00hnesvi4caozhqkiojkp5f\ntue, 17 mar 2026 12:14:01 gmt\napplication/json\n/modelexport\nworkspaceid=8d22cbc1fd08160802a236e9&microversion=0fed15809a25f9d07ef447d8&format=stl&mode=binary&grouping=true&scale=1.0&units=meter&partids=jdd&_m=31802ad7&documentid=4e1da054bd6bab42d7e2992d&elementid=12b9353d24153fcb53ebd237\n', signature: b'RQ5XYiI8ExjD8ywARCNGDE+4RvWO2fxbwHHNSskoXpc=', auth: On on_1F30fpU35z7oQLJZHMYSE:HmacSHA256:RQ5XYiI8ExjD8ywARCNGDE+4RvWO2fxbwHHNSskoXpc=
13:14:795 | DEBUG | connect:request:1004 | Request body: None
13:14:795 | DEBUG | connect:request:1005 | Request headers: {'Content-Type': 'application/json', 'Date': 'Tue, 17 Mar 2026 12:14:01 GMT', 'On-Nonce': 'CJ00HNesvI4cAOzhqKiOJKP5F', 'Authorization': 'On on_1F30fpU35z7oQLJZHMYSE:HmacSHA256:RQ5XYiI8ExjD8ywARCNGDE+4RvWO2fxbwHHNSskoXpc=', 'User-Agent': 'Onshape Python Sample App', 'Accept': 'application/vnd.onshape.v1+octet-stream'}
13:14:795 | DEBUG | connect:request:1006 | Request URL: https://cad-euw1.onshape.com/modelexport?workspaceId=8d22cbc1fd08160802a236e9&microversion=0fed15809a25f9d07ef447d8&format=STL&mode=binary&grouping=true&scale=1.0&units=meter&partIds=JdD&_m=31802ad7&documentId=4e1da054bd6bab42d7e2992d&elementId=12b9353d24153fcb53ebd237
13:14:796 | DEBUG | connect:_handle_redirect:1089 | Request redirected to: https://cad-euw1.onshape.com/modelexport?workspaceId=8d22cbc1fd08160802a236e9&microversion=0fed15809a25f9d07ef447d8&format=STL&mode=binary&grouping=true&scale=1.0&units=meter&partIds=JcD&_m=31802ad7&documentId=4e1da054bd6bab42d7e2992d&elementId=12b9353d24153fcb53ebd237
13:14:798 | DEBUG | connect:make_nonce:124 | nonce created: QTHZNgNwJtJpRaSrzRLTWfS2z
13:14:798 | DEBUG | connect:_make_auth:1151 | query: workspaceId=8d22cbc1fd08160802a236e9&microversion=0fed15809a25f9d07ef447d8&format=STL&mode=binary&grouping=true&scale=1.0&units=meter&partIds=JFD&_m=31802ad7&documentId=4e1da054bd6bab42d7e2992d&elementId=717e5f2a66d8371b16dec5b3, hmac_str: b'get\nqthzngnwjtjprasrzrltwfs2z\ntue, 17 mar 2026 12:14:01 gmt\napplication/json\n/modelexport\nworkspaceid=8d22cbc1fd08160802a236e9&microversion=0fed15809a25f9d07ef447d8&format=stl&mode=binary&grouping=true&scale=1.0&units=meter&partids=jfd&_m=31802ad7&documentid=4e1da054bd6bab42d7e2992d&elementid=717e5f2a66d8371b16dec5b3\n', signature: b'vBfryd48LfzH3/R5R9+tgRda+Sy3zKDJZ1NTA5XI5YU=', auth: On on_1F30fpU35z7oQLJZHMYSE:HmacSHA256:vBfryd48LfzH3/R5R9+tgRda+Sy3zKDJZ1NTA5XI5YU=
13:14:798 | DEBUG | connect:request:1004 | Request body: None
13:14:799 | DEBUG | connect:request:1005 | Request headers: {'Content-Type': 'application/json', 'Date': 'Tue, 17 Mar 2026 12:14:01 GMT', 'On-Nonce': 'QTHZNgNwJtJpRaSrzRLTWfS2z', 'Authorization': 'On on_1F30fpU35z7oQLJZHMYSE:HmacSHA256:vBfryd48LfzH3/R5R9+tgRda+Sy3zKDJZ1NTA5XI5YU=', 'User-Agent': 'Onshape Python Sample App', 'Accept': 'application/vnd.onshape.v1+octet-stream'}
13:14:799 | DEBUG | connect:request:1006 | Request URL: https://cad-euw1.onshape.com/modelexport?workspaceId=8d22cbc1fd08160802a236e9&microversion=0fed15809a25f9d07ef447d8&format=STL&mode=binary&grouping=true&scale=1.0&units=meter&partIds=JFD&_m=31802ad7&documentId=4e1da054bd6bab42d7e2992d&elementId=717e5f2a66d8371b16dec5b3
13:14:800 | DEBUG | connect:make_nonce:124 | nonce created: RcPRsQHiCdmoMRJPVaTt22lJO
13:14:800 | DEBUG | connect:_make_auth:1151 | query: workspaceId=8d22cbc1fd08160802a236e9&microversion=0fed15809a25f9d07ef447d8&format=STL&mode=binary&grouping=true&scale=1.0&units=meter&partIds=JcD&_m=31802ad7&documentId=4e1da054bd6bab42d7e2992d&elementId=12b9353d24153fcb53ebd237, hmac_str: b'get\nrcprsqhicdmomrjpvatt22ljo\ntue, 17 mar 2026 12:14:01 gmt\napplication/json\n/modelexport\nworkspaceid=8d22cbc1fd08160802a236e9&microversion=0fed15809a25f9d07ef447d8&format=stl&mode=binary&grouping=true&scale=1.0&units=meter&partids=jcd&_m=31802ad7&documentid=4e1da054bd6bab42d7e2992d&elementid=12b9353d24153fcb53ebd237\n', signature: b'6Hu5qo5EN/zmVYaTT7f5vv4F95YnJTw8J2sdXXsKcPw=', auth: On on_1F30fpU35z7oQLJZHMYSE:HmacSHA256:6Hu5qo5EN/zmVYaTT7f5vv4F95YnJTw8J2sdXXsKcPw=
13:14:800 | DEBUG | connect:request:1004 | Request body: None
13:14:800 | DEBUG | connect:request:1005 | Request headers: {'Content-Type': 'application/json', 'Date': 'Tue, 17 Mar 2026 12:14:01 GMT', 'On-Nonce': 'RcPRsQHiCdmoMRJPVaTt22lJO', 'Authorization': 'On on_1F30fpU35z7oQLJZHMYSE:HmacSHA256:6Hu5qo5EN/zmVYaTT7f5vv4F95YnJTw8J2sdXXsKcPw=', 'User-Agent': 'Onshape Python Sample App', 'Accept': 'application/vnd.onshape.v1+octet-stream'}
13:14:800 | DEBUG | connect:request:1006 | Request URL: https://cad-euw1.onshape.com/modelexport?workspaceId=8d22cbc1fd08160802a236e9&microversion=0fed15809a25f9d07ef447d8&format=STL&mode=binary&grouping=true&scale=1.0&units=meter&partIds=JcD&_m=31802ad7&documentId=4e1da054bd6bab42d7e2992d&elementId=12b9353d24153fcb53ebd237
13:14:814 | DEBUG | connect:_handle_redirect:1089 | Request redirected to: https://cad-euw1.onshape.com/modelexport?workspaceId=8d22cbc1fd08160802a236e9&microversion=0fed15809a25f9d07ef447d8&format=STL&mode=binary&grouping=true&scale=1.0&units=meter&partIds=JYD&_m=31802ad7&documentId=4e1da054bd6bab42d7e2992d&elementId=12b9353d24153fcb53ebd237
13:14:814 | DEBUG | connect:make_nonce:124 | nonce created: ohvT2DJxEvON3XvPAR0nyL8ta
13:14:815 | DEBUG | connect:_make_auth:1151 | query: workspaceId=8d22cbc1fd08160802a236e9&microversion=0fed15809a25f9d07ef447d8&format=STL&mode=binary&grouping=true&scale=1.0&units=meter&partIds=JYD&_m=31802ad7&documentId=4e1da054bd6bab42d7e2992d&elementId=12b9353d24153fcb53ebd237, hmac_str: b'get\nohvt2djxevon3xvpar0nyl8ta\ntue, 17 mar 2026 12:14:01 gmt\napplication/json\n/modelexport\nworkspaceid=8d22cbc1fd08160802a236e9&microversion=0fed15809a25f9d07ef447d8&format=stl&mode=binary&grouping=true&scale=1.0&units=meter&partids=jyd&_m=31802ad7&documentid=4e1da054bd6bab42d7e2992d&elementid=12b9353d24153fcb53ebd237\n', signature: b'/2sDU8abNLU03gpGf9GonRcxatHBcjevSGwIgN3ygSI=', auth: On on_1F30fpU35z7oQLJZHMYSE:HmacSHA256:/2sDU8abNLU03gpGf9GonRcxatHBcjevSGwIgN3ygSI=
13:14:815 | DEBUG | connect:request:1004 | Request body: None
13:14:815 | DEBUG | connect:request:1005 | Request headers: {'Content-Type': 'application/json', 'Date': 'Tue, 17 Mar 2026 12:14:01 GMT', 'On-Nonce': 'ohvT2DJxEvON3XvPAR0nyL8ta', 'Authorization': 'On on_1F30fpU35z7oQLJZHMYSE:HmacSHA256:/2sDU8abNLU03gpGf9GonRcxatHBcjevSGwIgN3ygSI=', 'User-Agent': 'Onshape Python Sample App', 'Accept': 'application/vnd.onshape.v1+octet-stream'}
13:14:815 | DEBUG | connect:request:1006 | Request URL: https://cad-euw1.onshape.com/modelexport?workspaceId=8d22cbc1fd08160802a236e9&microversion=0fed15809a25f9d07ef447d8&format=STL&mode=binary&grouping=true&scale=1.0&units=meter&partIds=JYD&_m=31802ad7&documentId=4e1da054bd6bab42d7e2992d&elementId=12b9353d24153fcb53ebd237
13:14:818 | DEBUG | connect:_handle_redirect:1089 | Request redirected to: https://cad-euw1.onshape.com/modelexport?workspaceId=8d22cbc1fd08160802a236e9&microversion=0fed15809a25f9d07ef447d8&format=STL&mode=binary&grouping=true&scale=1.0&units=meter&partIds=JnD&_m=31802ad7&documentId=4e1da054bd6bab42d7e2992d&elementId=de722aa817de288d8270b51e
13:14:818 | DEBUG | connect:make_nonce:124 | nonce created: tRkostW1wJs0u6rZZdxiTF2nF
13:14:818 | DEBUG | connect:_make_auth:1151 | query: workspaceId=8d22cbc1fd08160802a236e9&microversion=0fed15809a25f9d07ef447d8&format=STL&mode=binary&grouping=true&scale=1.0&units=meter&partIds=JnD&_m=31802ad7&documentId=4e1da054bd6bab42d7e2992d&elementId=de722aa817de288d8270b51e, hmac_str: b'get\ntrkostw1wjs0u6rzzdxitf2nf\ntue, 17 mar 2026 12:14:01 gmt\napplication/json\n/modelexport\nworkspaceid=8d22cbc1fd08160802a236e9&microversion=0fed15809a25f9d07ef447d8&format=stl&mode=binary&grouping=true&scale=1.0&units=meter&partids=jnd&_m=31802ad7&documentid=4e1da054bd6bab42d7e2992d&elementid=de722aa817de288d8270b51e\n', signature: b'ioetwoZyHgR5L78QRfqWhZ23HNDXcJki+3ld/cn1Dzg=', auth: On on_1F30fpU35z7oQLJZHMYSE:HmacSHA256:ioetwoZyHgR5L78QRfqWhZ23HNDXcJki+3ld/cn1Dzg=
13:14:819 | DEBUG | connect:request:1004 | Request body: None
13:14:819 | DEBUG | connect:request:1005 | Request headers: {'Content-Type': 'application/json', 'Date': 'Tue, 17 Mar 2026 12:14:01 GMT', 'On-Nonce': 'tRkostW1wJs0u6rZZdxiTF2nF', 'Authorization': 'On on_1F30fpU35z7oQLJZHMYSE:HmacSHA256:ioetwoZyHgR5L78QRfqWhZ23HNDXcJki+3ld/cn1Dzg=', 'User-Agent': 'Onshape Python Sample App', 'Accept': 'application/vnd.onshape.v1+octet-stream'}
13:14:819 | DEBUG | connect:request:1006 | Request URL: https://cad-euw1.onshape.com/modelexport?workspaceId=8d22cbc1fd08160802a236e9&microversion=0fed15809a25f9d07ef447d8&format=STL&mode=binary&grouping=true&scale=1.0&units=meter&partIds=JnD&_m=31802ad7&documentId=4e1da054bd6bab42d7e2992d&elementId=de722aa817de288d8270b51e
13:14:822 | DEBUG | connect:_handle_redirect:1089 | Request redirected to: https://cad-euw1.onshape.com/modelexport?workspaceId=8d22cbc1fd08160802a236e9&microversion=0fed15809a25f9d07ef447d8&format=STL&mode=binary&grouping=true&scale=1.0&units=meter&partIds=JPD&_m=31802ad7&documentId=4e1da054bd6bab42d7e2992d&elementId=d3d9b060ee7893c074d657bd
13:14:822 | DEBUG | connect:make_nonce:124 | nonce created: 2TYYHUbL6jB2ax3XSP1ADGEO4
13:14:822 | DEBUG | connect:_make_auth:1151 | query: workspaceId=8d22cbc1fd08160802a236e9&microversion=0fed15809a25f9d07ef447d8&format=STL&mode=binary&grouping=true&scale=1.0&units=meter&partIds=JPD&_m=31802ad7&documentId=4e1da054bd6bab42d7e2992d&elementId=d3d9b060ee7893c074d657bd, hmac_str: b'get\n2tyyhubl6jb2ax3xsp1adgeo4\ntue, 17 mar 2026 12:14:01 gmt\napplication/json\n/modelexport\nworkspaceid=8d22cbc1fd08160802a236e9&microversion=0fed15809a25f9d07ef447d8&format=stl&mode=binary&grouping=true&scale=1.0&units=meter&partids=jpd&_m=31802ad7&documentid=4e1da054bd6bab42d7e2992d&elementid=d3d9b060ee7893c074d657bd\n', signature: b'p+yg5QgV7RsB2XxVy5TObnXiLixEUyM0xd9wMPPaAKM=', auth: On on_1F30fpU35z7oQLJZHMYSE:HmacSHA256:p+yg5QgV7RsB2XxVy5TObnXiLixEUyM0xd9wMPPaAKM=
13:14:822 | DEBUG | connect:request:1004 | Request body: None
13:14:822 | DEBUG | connect:request:1005 | Request headers: {'Content-Type': 'application/json', 'Date': 'Tue, 17 Mar 2026 12:14:01 GMT', 'On-Nonce': '2TYYHUbL6jB2ax3XSP1ADGEO4', 'Authorization': 'On on_1F30fpU35z7oQLJZHMYSE:HmacSHA256:p+yg5QgV7RsB2XxVy5TObnXiLixEUyM0xd9wMPPaAKM=', 'User-Agent': 'Onshape Python Sample App', 'Accept': 'application/vnd.onshape.v1+octet-stream'}
13:14:822 | DEBUG | connect:request:1006 | Request URL: https://cad-euw1.onshape.com/modelexport?workspaceId=8d22cbc1fd08160802a236e9&microversion=0fed15809a25f9d07ef447d8&format=STL&mode=binary&grouping=true&scale=1.0&units=meter&partIds=JPD&_m=31802ad7&documentId=4e1da054bd6bab42d7e2992d&elementId=d3d9b060ee7893c074d657bd
13:14:187 | DEBUG | connect:_handle_redirect:1089 | Request redirected to: https://cad-euw1.onshape.com/modelexport?workspaceId=8d22cbc1fd08160802a236e9&microversion=0fed15809a25f9d07ef447d8&format=STL&mode=binary&grouping=true&scale=1.0&units=meter&partIds=JTD&_m=31802ad7&documentId=4e1da054bd6bab42d7e2992d&elementId=a03f6f8cd284c025ef2134ef
13:14:188 | DEBUG | connect:make_nonce:124 | nonce created: zLl7tQ58hS547S1dNNV6p5625
13:14:189 | DEBUG | connect:_make_auth:1151 | query: workspaceId=8d22cbc1fd08160802a236e9&microversion=0fed15809a25f9d07ef447d8&format=STL&mode=binary&grouping=true&scale=1.0&units=meter&partIds=JTD&_m=31802ad7&documentId=4e1da054bd6bab42d7e2992d&elementId=a03f6f8cd284c025ef2134ef, hmac_str: b'get\nzll7tq58hs547s1dnnv6p5625\ntue, 17 mar 2026 12:14:02 gmt\napplication/json\n/modelexport\nworkspaceid=8d22cbc1fd08160802a236e9&microversion=0fed15809a25f9d07ef447d8&format=stl&mode=binary&grouping=true&scale=1.0&units=meter&partids=jtd&_m=31802ad7&documentid=4e1da054bd6bab42d7e2992d&elementid=a03f6f8cd284c025ef2134ef\n', signature: b'jQOPagKXiLarDDtKe5DnIt+S2F34Qy8Tv4VPhFBa54M=', auth: On on_1F30fpU35z7oQLJZHMYSE:HmacSHA256:jQOPagKXiLarDDtKe5DnIt+S2F34Qy8Tv4VPhFBa54M=
13:14:189 | DEBUG | connect:request:1004 | Request body: None
13:14:189 | DEBUG | connect:request:1005 | Request headers: {'Content-Type': 'application/json', 'Date': 'Tue, 17 Mar 2026 12:14:02 GMT', 'On-Nonce': 'zLl7tQ58hS547S1dNNV6p5625', 'Authorization': 'On on_1F30fpU35z7oQLJZHMYSE:HmacSHA256:jQOPagKXiLarDDtKe5DnIt+S2F34Qy8Tv4VPhFBa54M=', 'User-Agent': 'Onshape Python Sample App', 'Accept': 'application/vnd.onshape.v1+octet-stream'}
13:14:189 | DEBUG | connect:request:1006 | Request URL: https://cad-euw1.onshape.com/modelexport?workspaceId=8d22cbc1fd08160802a236e9&microversion=0fed15809a25f9d07ef447d8&format=STL&mode=binary&grouping=true&scale=1.0&units=meter&partIds=JTD&_m=31802ad7&documentId=4e1da054bd6bab42d7e2992d&elementId=a03f6f8cd284c025ef2134ef
13:14:663 | DEBUG | connect:make_nonce:124 | nonce created: EKqLxFaf5tjrEL9bSLGTZ2471
13:14:663 | DEBUG | connect:_make_auth:1151 | query: mode=binary&grouping=True&units=meter, hmac_str: b'get\nekqlxfaf5tjrel9bslgtz2471\ntue, 17 mar 2026 12:14:03 gmt\napplication/json\n/api/parts/d/4e1da054bd6bab42d7e2992d/m/0fed15809a25f9d07ef447d8/e/2086b3429ac286be06785912/partid/jyd/stl\nmode=binary&grouping=true&units=meter\n', signature: b'p6F0EbqL86aZx4tJiZlj8WrdWvJnQD03JGPthnIn+eo=', auth: On on_1F30fpU35z7oQLJZHMYSE:HmacSHA256:p6F0EbqL86aZx4tJiZlj8WrdWvJnQD03JGPthnIn+eo=
13:14:663 | DEBUG | connect:request:1004 | Request body: None
13:14:663 | DEBUG | connect:request:1005 | Request headers: {'Content-Type': 'application/json', 'Date': 'Tue, 17 Mar 2026 12:14:03 GMT', 'On-Nonce': 'EKqLxFaf5tjrEL9bSLGTZ2471', 'Authorization': 'On on_1F30fpU35z7oQLJZHMYSE:HmacSHA256:p6F0EbqL86aZx4tJiZlj8WrdWvJnQD03JGPthnIn+eo=', 'User-Agent': 'Onshape Python Sample App', 'Accept': 'application/vnd.onshape.v1+octet-stream'}
13:14:663 | DEBUG | connect:request:1006 | Request URL: https://cad.onshape.com/api/parts/d/4e1da054bd6bab42d7e2992d/m/0fed15809a25f9d07ef447d8/e/2086b3429ac286be06785912/partid/JYD/stl?mode=binary&grouping=True&units=meter
13:14:683 | DEBUG | connect:download:1347 | Mesh file saved: nogi_urdf/meshes/ankle_left_pitch_link_1.stl
13:14:689 | DEBUG | connect:make_nonce:124 | nonce created: snOhSlksX1dJJ5mHSZM1ge3eP
13:14:689 | DEBUG | connect:_make_auth:1151 | query: mode=binary&grouping=True&units=meter, hmac_str: b'get\nsnohslksx1djj5mhszm1ge3ep\ntue, 17 mar 2026 12:14:03 gmt\napplication/json\n/api/parts/d/4e1da054bd6bab42d7e2992d/m/0fed15809a25f9d07ef447d8/e/2086b3429ac286be06785912/partid/jbd/stl\nmode=binary&grouping=true&units=meter\n', signature: b'An5z3C0ysWomqrlnvnawtfLbdirdYH106Cyy6pi2VpU=', auth: On on_1F30fpU35z7oQLJZHMYSE:HmacSHA256:An5z3C0ysWomqrlnvnawtfLbdirdYH106Cyy6pi2VpU=
13:14:690 | DEBUG | connect:request:1004 | Request body: None
13:14:690 | DEBUG | connect:request:1005 | Request headers: {'Content-Type': 'application/json', 'Date': 'Tue, 17 Mar 2026 12:14:03 GMT', 'On-Nonce': 'snOhSlksX1dJJ5mHSZM1ge3eP', 'Authorization': 'On on_1F30fpU35z7oQLJZHMYSE:HmacSHA256:An5z3C0ysWomqrlnvnawtfLbdirdYH106Cyy6pi2VpU=', 'User-Agent': 'Onshape Python Sample App', 'Accept': 'application/vnd.onshape.v1+octet-stream'}
13:14:690 | DEBUG | connect:request:1006 | Request URL: https://cad.onshape.com/api/parts/d/4e1da054bd6bab42d7e2992d/m/0fed15809a25f9d07ef447d8/e/2086b3429ac286be06785912/partid/JbD/stl?mode=binary&grouping=True&units=meter
13:14:716 | DEBUG | connect:download:1347 | Mesh file saved: nogi_urdf/meshes/ankle_right_pitch_link_1.stl
13:14:817 | DEBUG | connect:download:1347 | Mesh file saved: nogi_urdf/meshes/base_link_1.stl
13:14:999 | DEBUG | connect:download:1347 | Mesh file saved: nogi_urdf/meshes/knee_left_link_1.stl
13:14:161 | DEBUG | connect:_handle_redirect:1089 | Request redirected to: https://cad-euw1.onshape.com/modelexport?workspaceId=8d22cbc1fd08160802a236e9&microversion=0fed15809a25f9d07ef447d8&format=STL&mode=binary&grouping=true&scale=1.0&units=meter&partIds=JbD&_m=31802ad7&documentId=4e1da054bd6bab42d7e2992d&elementId=2086b3429ac286be06785912
13:14:162 | DEBUG | connect:make_nonce:124 | nonce created: FExWipU3kppzBXiTha7phZ3Ol
13:14:162 | DEBUG | connect:_make_auth:1151 | query: workspaceId=8d22cbc1fd08160802a236e9&microversion=0fed15809a25f9d07ef447d8&format=STL&mode=binary&grouping=true&scale=1.0&units=meter&partIds=JbD&_m=31802ad7&documentId=4e1da054bd6bab42d7e2992d&elementId=2086b3429ac286be06785912, hmac_str: b'get\nfexwipu3kppzbxitha7phz3ol\ntue, 17 mar 2026 12:14:04 gmt\napplication/json\n/modelexport\nworkspaceid=8d22cbc1fd08160802a236e9&microversion=0fed15809a25f9d07ef447d8&format=stl&mode=binary&grouping=true&scale=1.0&units=meter&partids=jbd&_m=31802ad7&documentid=4e1da054bd6bab42d7e2992d&elementid=2086b3429ac286be06785912\n', signature: b'Q5cMTMmeIpk1U9va77HeGmwdHXOLIwLgQgA2DD4W5XY=', auth: On on_1F30fpU35z7oQLJZHMYSE:HmacSHA256:Q5cMTMmeIpk1U9va77HeGmwdHXOLIwLgQgA2DD4W5XY=
13:14:163 | DEBUG | connect:request:1004 | Request body: None
13:14:163 | DEBUG | connect:request:1005 | Request headers: {'Content-Type': 'application/json', 'Date': 'Tue, 17 Mar 2026 12:14:04 GMT', 'On-Nonce': 'FExWipU3kppzBXiTha7phZ3Ol', 'Authorization': 'On on_1F30fpU35z7oQLJZHMYSE:HmacSHA256:Q5cMTMmeIpk1U9va77HeGmwdHXOLIwLgQgA2DD4W5XY=', 'User-Agent': 'Onshape Python Sample App', 'Accept': 'application/vnd.onshape.v1+octet-stream'}
13:14:163 | DEBUG | connect:request:1006 | Request URL: https://cad-euw1.onshape.com/modelexport?workspaceId=8d22cbc1fd08160802a236e9&microversion=0fed15809a25f9d07ef447d8&format=STL&mode=binary&grouping=true&scale=1.0&units=meter&partIds=JbD&_m=31802ad7&documentId=4e1da054bd6bab42d7e2992d&elementId=2086b3429ac286be06785912
13:14:164 | DEBUG | connect:_handle_redirect:1089 | Request redirected to: https://cad-euw1.onshape.com/modelexport?workspaceId=8d22cbc1fd08160802a236e9&microversion=0fed15809a25f9d07ef447d8&format=STL&mode=binary&grouping=true&scale=1.0&units=meter&partIds=JYD&_m=31802ad7&documentId=4e1da054bd6bab42d7e2992d&elementId=2086b3429ac286be06785912
13:14:165 | DEBUG | connect:make_nonce:124 | nonce created: 4inbadWxLklX6vTblF1swbCTf
13:14:165 | DEBUG | connect:_make_auth:1151 | query: workspaceId=8d22cbc1fd08160802a236e9&microversion=0fed15809a25f9d07ef447d8&format=STL&mode=binary&grouping=true&scale=1.0&units=meter&partIds=JYD&_m=31802ad7&documentId=4e1da054bd6bab42d7e2992d&elementId=2086b3429ac286be06785912, hmac_str: b'get\n4inbadwxlklx6vtblf1swbctf\ntue, 17 mar 2026 12:14:04 gmt\napplication/json\n/modelexport\nworkspaceid=8d22cbc1fd08160802a236e9&microversion=0fed15809a25f9d07ef447d8&format=stl&mode=binary&grouping=true&scale=1.0&units=meter&partids=jyd&_m=31802ad7&documentid=4e1da054bd6bab42d7e2992d&elementid=2086b3429ac286be06785912\n', signature: b'EEG+GkxKTieS19htLuTjMY2GXIX7bb6kA+oo6EBDOaI=', auth: On on_1F30fpU35z7oQLJZHMYSE:HmacSHA256:EEG+GkxKTieS19htLuTjMY2GXIX7bb6kA+oo6EBDOaI=
13:14:165 | DEBUG | connect:request:1004 | Request body: None
13:14:165 | DEBUG | connect:request:1005 | Request headers: {'Content-Type': 'application/json', 'Date': 'Tue, 17 Mar 2026 12:14:04 GMT', 'On-Nonce': '4inbadWxLklX6vTblF1swbCTf', 'Authorization': 'On on_1F30fpU35z7oQLJZHMYSE:HmacSHA256:EEG+GkxKTieS19htLuTjMY2GXIX7bb6kA+oo6EBDOaI=', 'User-Agent': 'Onshape Python Sample App', 'Accept': 'application/vnd.onshape.v1+octet-stream'}
13:14:166 | DEBUG | connect:request:1006 | Request URL: https://cad-euw1.onshape.com/modelexport?workspaceId=8d22cbc1fd08160802a236e9&microversion=0fed15809a25f9d07ef447d8&format=STL&mode=binary&grouping=true&scale=1.0&units=meter&partIds=JYD&_m=31802ad7&documentId=4e1da054bd6bab42d7e2992d&elementId=2086b3429ac286be06785912
13:14:182 | DEBUG | connect:download:1347 | Mesh file saved: nogi_urdf/meshes/hip_left_pitch_link_1.stl
13:14:242 | DEBUG | connect:download:1347 | Mesh file saved: nogi_urdf/meshes/hip_base_link_1.stl
13:14:454 | DEBUG | connect:download:1347 | Mesh file saved: nogi_urdf/meshes/knee_right_link_1.stl
13:14:634 | DEBUG | connect:download:1347 | Mesh file saved: nogi_urdf/meshes/hip_right_pitch_link_1.stl
13:14:806 | DEBUG | connect:download:1347 | Mesh file saved: nogi_urdf/meshes/hip_right_yaw_link_1.stl
13:14:985 | DEBUG | connect:download:1347 | Mesh file saved: nogi_urdf/meshes/hip_left_roll_link_1.stl
13:14:190 | DEBUG | connect:download:1347 | Mesh file saved: nogi_urdf/meshes/hip_right_roll_link_1.stl
13:14:364 | DEBUG | connect:download:1347 | Mesh file saved: nogi_urdf/meshes/hip_left_yaw_link_1.stl
13:14:536 | DEBUG | connect:download:1347 | Mesh file saved: nogi_urdf/meshes/ankle_left_roll_link_1.stl
13:14:704 | DEBUG | connect:download:1347 | Mesh file saved: nogi_urdf/meshes/ankle_right_roll_link_1.stl
13:14:705 | INFO | robot:_download_assets:750 | All assets downloaded successfully.
13:14:710 | INFO | base:save:130 | Robot model saved to /home/med/git/beta-urdf/scripts/nogi_urdf/nogi_beta.urdf
13:14:710 | INFO | connect:_log_final_api_count:197 | Client session ended → Total API calls made: 32
13:14:711 | INFO | config:save:287 | Saving session configuration to ORT.yaml
